OrderID,OrderDate,ShipDate,CustomerID,ProductID,RegionID,Sales,Quantity,Discount,Profit,ProfitMargin
CA-2016-152156,2016-11-08,2016-11-11,CG-12520,FUR-BO-10001798,South,261.96,2,0.0,41.9136,0.16000000000000003
CA-2016-152156,2016-11-08,2016-11-11,CG-12520,FUR-CH-10000454,South,731.94,3,0.0,219.582,0.3
CA-2016-138688,2016-06-12,2016-06-16,DV-13045,OFF-LA-10000240,West,14.62,2,0.0,6.8714,0.47000000000000003
US-2015-108966,2015-10-11,2015-10-18,SO-20335,FUR-TA-10000577,South,957.5775,5,0.45,-383.031,-0.4
US-2015-108966,2015-10-11,2015-10-18,SO-20335,OFF-ST-10000760,South,22.368,2,0.2,2.5164,0.1125
CA-2014-115812,2014-06-09,2014-06-14,BH-11710,FUR-FU-10001487,West,48.86,7,0.0,14.1694,0.29
CA-2014-115812,2014-06-09,2014-06-14,BH-11710,OFF-AR-10002833,West,7.28,4,0.0,1.9656,0.27
CA-2014-115812,2014-06-09,2014-06-14,BH-11710,TEC-PH-10002275,West,907.152,6,0.2,90.7152,0.09999999999999999
CA-2014-115812,2014-06-09,2014-06-14,BH-11710,OFF-BI-10003910,West,18.504,3,0.2,5.7825,0.31249999999999994
CA-2014-115812,2014-06-09,2014-06-14,BH-11710,OFF-AP-10002892,West,114.9,5,0.0,34.47,0.3
CA-2014-115812,2014-06-09,2014-06-14,BH-11710,FUR-TA-10001539,West,1706.184,9,0.2,85.3092,0.05
CA-2014-115812,2014-06-09,2014-06-14,BH-11710,TEC-PH-10002033,West,911.424,4,0.2,68.3568,0.07500000000000001
CA-2017-114412,2017-04-15,2017-04-20,AA-10480,OFF-PA-10002365,South,15.552,3,0.2,5.4432,0.35000000000000003
CA-2016-161389,2016-12-05,2016-12-10,IM-15070,OFF-BI-10003656,West,407.976,3,0.2,132.5922,0.32499999999999996
US-2015-118983,2015-11-22,2015-11-26,HP-14815,OFF-AP-10002311,Central,68.81,5,0.8,-123.858,-1.8
US-2015-118983,2015-11-22,2015-11-26,HP-14815,OFF-BI-10000756,Central,2.544,3,0.8,-3.816,-1.5
CA-2014-105893,2014-11-11,2014-11-18,PK-19075,OFF-ST-10004186,Central,665.88,6,0.0,13.3176,0.02
CA-2014-167164,2014-05-13,2014-05-15,AG-10270,OFF-ST-10000107,West,55.5,2,0.0,9.99,0.18
CA-2014-143336,2014-08-27,2014-09-01,ZD-21925,OFF-AR-10003056,West,8.56,2,0.0,2.4824,0.29
CA-2014-143336,2014-08-27,2014-09-01,ZD-21925,TEC-PH-10001949,West,213.48,3,0.2,16.011,0.075
CA-2014-143336,2014-08-27,2014-09-01,ZD-21925,OFF-BI-10002215,West,22.72,4,0.2,7.384,0.325
CA-2016-137330,2016-12-09,2016-12-13,KB-16585,OFF-AR-10000246,Central,19.46,7,0.0,5.0596,0.25999999999999995
CA-2016-137330,2016-12-09,2016-12-13,KB-16585,OFF-AP-10001492,Central,60.34,7,0.0,15.6884,0.25999999999999995
US-2017-156909,2017-07-16,2017-07-18,SF-20065,FUR-CH-10002774,East,71.372,2,0.3,-1.0196,-0.014285714285714287
CA-2015-106320,2015-09-25,2015-09-30,EB-13870,FUR-TA-10000577,West,1044.63,3,0.0,240.2649,0.22999999999999998
CA-2016-121755,2016-01-16,2016-01-20,EH-13945,OFF-BI-10001634,West,11.648,2,0.2,4.2224,0.36250000000000004
CA-2016-121755,2016-01-16,2016-01-20,EH-13945,TEC-AC-10003027,West,90.57,3,0.0,11.7741,0.13
US-2015-150630,2015-09-17,2015-09-21,TB-21520,FUR-BO-10004834,East,3083.43,7,0.5,-1665.0522,-0.54
US-2015-150630,2015-09-17,2015-09-21,TB-21520,OFF-BI-10000474,East,9.618,2,0.7,-7.0532,-0.7333333333333334
US-2015-150630,2015-09-17,2015-09-21,TB-21520,FUR-FU-10004848,East,124.2,3,0.2,15.525,0.125
US-2015-150630,2015-09-17,2015-09-21,TB-21520,OFF-EN-10001509,East,3.264,2,0.2,1.1016,0.3375
US-2015-150630,2015-09-17,2015-09-21,TB-21520,OFF-AR-10004042,East,86.304,6,0.2,9.7092,0.11249999999999999
US-2015-150630,2015-09-17,2015-09-21,TB-21520,OFF-BI-10001525,East,6.858,6,0.7,-5.715,-0.8333333333333334
US-2015-150630,2015-09-17,2015-09-21,TB-21520,OFF-AR-10001683,East,15.76,2,0.2,3.546,0.22499999999999998
CA-2017-107727,2017-10-19,2017-10-23,MA-17560,OFF-PA-10000249,Central,29.472,3,0.2,9.9468,0.33749999999999997
CA-2016-117590,2016-12-08,2016-12-10,GH-14485,TEC-PH-10004977,Central,1097.544,7,0.2,123.4737,0.11249999999999999
CA-2016-117590,2016-12-08,2016-12-10,GH-14485,FUR-FU-10003664,Central,190.92,5,0.6,-147.963,-0.775
CA-2015-117415,2015-12-27,2015-12-31,SN-20710,OFF-EN-10002986,Central,113.328,9,0.2,35.415,0.3125
CA-2015-117415,2015-12-27,2015-12-31,SN-20710,FUR-BO-10002545,Central,532.3992,3,0.32,-46.9764,-0.08823529411764706
CA-2015-117415,2015-12-27,2015-12-31,SN-20710,FUR-CH-10004218,Central,212.058,3,0.3,-15.147,-0.07142857142857144
CA-2015-117415,2015-12-27,2015-12-31,SN-20710,TEC-PH-10000486,Central,371.168,4,0.2,41.7564,0.1125
CA-2017-120999,2017-09-10,2017-09-15,LC-16930,TEC-PH-10004093,Central,147.168,4,0.2,16.5564,0.11249999999999999
CA-2016-101343,2016-07-17,2016-07-22,RA-19885,OFF-ST-10003479,West,77.88,2,0.0,3.894,0.05
CA-2017-139619,2017-09-19,2017-09-23,ES-14080,OFF-ST-10003282,South,95.616,2,0.2,9.5616,0.1
CA-2016-118255,2016-03-11,2016-03-13,ON-18715,TEC-AC-10000171,Central,45.98,2,0.0,19.7714,0.43000000000000005
CA-2016-118255,2016-03-11,2016-03-13,ON-18715,OFF-BI-10003291,Central,17.46,2,0.0,8.2062,0.47000000000000003
CA-2014-146703,2014-10-20,2014-10-25,PO-18865,OFF-ST-10001713,Central,211.96,4,0.0,8.4784,0.04
CA-2016-169194,2016-06-20,2016-06-25,LH-16900,TEC-AC-10002167,East,45.0,3,0.0,4.95,0.11
CA-2016-169194,2016-06-20,2016-06-25,LH-16900,TEC-PH-10003988,East,21.8,2,0.0,6.104,0.27999999999999997
CA-2015-115742,2015-04-18,2015-04-22,DP-13000,OFF-BI-10004410,Central,38.22,6,0.0,17.9634,0.47000000000000003
CA-2015-115742,2015-04-18,2015-04-22,DP-13000,OFF-LA-10002762,Central,75.18,6,0.0,35.3346,0.47
CA-2015-115742,2015-04-18,2015-04-22,DP-13000,FUR-FU-10001706,Central,6.16,2,0.0,2.9568,0.48
CA-2015-115742,2015-04-18,2015-04-22,DP-13000,FUR-CH-10003061,Central,89.99,1,0.0,17.0981,0.19
CA-2016-105816,2016-12-11,2016-12-17,JM-15265,OFF-FA-10000304,East,15.26,7,0.0,6.2566,0.41
CA-2016-105816,2016-12-11,2016-12-17,JM-15265,TEC-PH-10002447,East,1029.95,5,0.0,298.6855,0.29
CA-2016-111682,2016-06-17,2016-06-18,TB-21055,OFF-ST-10000604,East,208.56,6,0.0,52.14,0.25
CA-2016-111682,2016-06-17,2016-06-18,TB-21055,OFF-PA-10001569,East,32.4,5,0.0,15.552,0.48
CA-2016-111682,2016-06-17,2016-06-18,TB-21055,FUR-CH-10003968,East,319.41,5,0.1,7.098,0.02222222222222222
CA-2016-111682,2016-06-17,2016-06-18,TB-21055,OFF-PA-10000587,East,14.56,2,0.0,6.9888,0.48
CA-2016-111682,2016-06-17,2016-06-18,TB-21055,TEC-AC-10002167,East,30.0,2,0.0,3.3,0.11
CA-2016-111682,2016-06-17,2016-06-18,TB-21055,OFF-BI-10001460,East,48.48,4,0.2,16.362,0.33749999999999997
CA-2016-111682,2016-06-17,2016-06-18,TB-21055,OFF-AR-10001868,East,1.68,1,0.0,0.84,0.5
CA-2015-135545,2015-11-24,2015-11-30,KM-16720,TEC-AC-10004633,West,13.98,2,0.0,6.1512,0.44
CA-2015-135545,2015-11-24,2015-11-30,KM-16720,OFF-BI-10001078,West,25.824,6,0.2,9.3612,0.3625
CA-2015-135545,2015-11-24,2015-11-30,KM-16720,OFF-PA-10003892,West,146.73,3,0.0,68.9631,0.47000000000000003
CA-2015-135545,2015-11-24,2015-11-30,KM-16720,FUR-FU-10000397,West,79.76,4,0.0,22.3328,0.27999999999999997
US-2015-164175,2015-04-30,2015-05-05,PS-18970,FUR-CH-10001146,Central,213.115,5,0.3,-15.2225,-0.07142857142857142
CA-2014-106376,2014-12-05,2014-12-10,BS-11590,OFF-AR-10002671,West,1113.024,8,0.2,111.3024,0.10000000000000002
CA-2014-106376,2014-12-05,2014-12-10,BS-11590,TEC-PH-10002726,West,167.968,4,0.2,62.988,0.375
CA-2016-119823,2016-06-04,2016-06-06,KD-16270,OFF-PA-10000482,South,75.88,2,0.0,35.6636,0.4700000000000001
CA-2016-106075,2016-09-18,2016-09-23,HM-14980,OFF-BI-10004654,East,4.616,1,0.2,1.731,0.37500000000000006
CA-2017-114440,2017-09-14,2017-09-17,TB-21520,OFF-PA-10004675,Central,19.05,3,0.0,8.763,0.45999999999999996
US-2015-134026,2015-04-26,2015-05-02,JE-15745,FUR-CH-10000513,South,831.936,8,0.2,-114.3912,-0.13749999999999998
US-2015-134026,2015-04-26,2015-05-02,JE-15745,FUR-FU-10003708,South,97.04,2,0.2,1.213,0.0125
US-2015-134026,2015-04-26,2015-05-02,JE-15745,OFF-ST-10004123,South,72.784,1,0.2,-18.196,-0.25
US-2017-118038,2017-12-09,2017-12-11,KB-16600,OFF-BI-10004182,Central,1.248,3,0.8,-1.9344,-1.5499999999999998
US-2017-118038,2017-12-09,2017-12-11,KB-16600,FUR-FU-10000260,Central,9.708,3,0.6,-5.8248,-0.6
US-2017-118038,2017-12-09,2017-12-11,KB-16600,OFF-ST-10000615,Central,27.24,3,0.2,2.724,0.10000000000000002
US-2014-147606,2014-11-26,2014-12-01,JE-15745,FUR-FU-10003194,Central,19.3,5,0.6,-14.475,-0.75
CA-2016-127208,2016-06-12,2016-06-15,SC-20770,OFF-AP-10002118,South,208.16,1,0.0,56.2032,0.27
CA-2016-127208,2016-06-12,2016-06-15,SC-20770,OFF-BI-10002309,South,16.74,3,0.0,8.0352,0.48000000000000004
CA-2014-139451,2014-10-12,2014-10-16,DN-13690,OFF-AR-10002053,West,14.9,5,0.0,4.172,0.27999999999999997
CA-2014-139451,2014-10-12,2014-10-16,DN-13690,OFF-ST-10002370,West,21.39,1,0.0,6.2031,0.29
CA-2015-149734,2015-09-03,2015-09-08,JC-16105,OFF-EN-10000927,South,200.984,7,0.2,62.8075,0.3125
US-2017-119662,2017-11-13,2017-11-16,CS-12400,OFF-ST-10003656,Central,230.376,3,0.2,-48.9549,-0.2125
CA-2017-140088,2017-05-28,2017-05-30,PO-18865,FUR-CH-10000863,South,301.96,2,0.0,33.2156,0.11000000000000001
CA-2017-155558,2017-10-26,2017-11-02,PG-18895,TEC-AC-10001998,Central,19.99,1,0.0,6.7966,0.34
CA-2017-155558,2017-10-26,2017-11-02,PG-18895,OFF-LA-10000134,Central,6.16,2,0.0,2.9568,0.48
CA-2016-159695,2016-04-05,2016-04-10,GM-14455,OFF-ST-10003442,Central,158.368,7,0.2,13.8572,0.08750000000000001
CA-2016-109806,2016-09-17,2016-09-22,JS-15685,OFF-AR-10004930,West,20.1,3,0.0,6.633,0.32999999999999996
CA-2016-109806,2016-09-17,2016-09-22,JS-15685,TEC-PH-10004093,West,73.584,2,0.2,8.2782,0.11249999999999999
CA-2016-109806,2016-09-17,2016-09-22,JS-15685,OFF-PA-10000304,West,6.48,1,0.0,3.1104,0.4799999999999999
CA-2015-149587,2015-01-31,2015-02-05,KB-16315,OFF-PA-10003177,Central,12.96,2,0.0,6.2208,0.4799999999999999
CA-2015-149587,2015-01-31,2015-02-05,KB-16315,FUR-FU-10003799,Central,53.34,3,0.0,16.5354,0.30999999999999994
CA-2015-149587,2015-01-31,2015-02-05,KB-16315,OFF-BI-10002852,Central,32.96,2,0.0,16.1504,0.49000000000000005
US-2017-109484,2017-11-06,2017-11-12,RB-19705,OFF-BI-10004738,West,5.682,1,0.7,-3.788,-0.6666666666666666
CA-2017-161018,2017-11-09,2017-11-11,PN-18775,FUR-FU-10000629,East,96.53,7,0.0,40.5426,0.42
CA-2017-157833,2017-06-17,2017-06-20,KD-16345,OFF-BI-10001721,West,51.312,3,0.2,17.9592,0.35
CA-2016-149223,2016-09-06,2016-09-11,ER-13855,OFF-AP-10000358,Central,77.88,6,0.0,22.5852,0.29000000000000004
CA-2016-158568,2016-08-29,2016-09-02,RB-19465,OFF-PA-10003256,Central,64.624,7,0.2,22.6184,0.35000000000000003
CA-2016-158568,2016-08-29,2016-09-02,RB-19465,TEC-AC-10001767,Central,95.976,3,0.2,-10.7973,-0.1125
CA-2016-158568,2016-08-29,2016-09-02,RB-19465,OFF-BI-10002609,Central,1.788,3,0.8,-3.0396,-1.7
CA-2016-129903,2016-12-01,2016-12-04,GZ-14470,OFF-PA-10004040,Central,23.92,4,0.0,11.7208,0.49
US-2015-156867,2015-11-13,2015-11-17,LC-16870,TEC-AC-10001552,West,238.896,6,0.2,-26.8758,-0.11250000000000002
US-2015-156867,2015-11-13,2015-11-17,LC-16870,FUR-FU-10004006,West,102.36,3,0.2,-3.8385,-0.0375
US-2015-156867,2015-11-13,2015-11-17,LC-16870,OFF-BI-10002794,West,36.882,3,0.7,-25.8174,-0.7000000000000001
CA-2017-119004,2017-11-23,2017-11-28,JM-15250,TEC-AC-10003499,South,74.112,8,0.2,17.6016,0.23750000000000004
CA-2017-119004,2017-11-23,2017-11-28,JM-15250,TEC-PH-10002844,South,27.992,1,0.2,2.0994,0.075
CA-2017-119004,2017-11-23,2017-11-28,JM-15250,OFF-AR-10000390,South,3.304,1,0.2,1.0738,0.32500000000000007
CA-2015-129476,2015-10-15,2015-10-20,PA-19060,TEC-AC-10000844,Central,339.96,5,0.2,67.992,0.20000000000000004
CA-2017-146780,2017-12-25,2017-12-30,CV-12805,FUR-FU-10001934,East,41.96,2,0.0,10.9096,0.25999999999999995
CA-2016-128867,2016-11-03,2016-11-10,CL-12565,OFF-AR-10000380,Central,75.96,2,0.0,22.788,0.30000000000000004
CA-2016-128867,2016-11-03,2016-11-10,CL-12565,OFF-BI-10003981,Central,27.24,6,0.0,13.3476,0.49000000000000005
CA-2014-115259,2014-08-25,2014-08-27,RC-19960,OFF-FA-10000621,East,40.096,14,0.2,14.5348,0.36250000000000004
CA-2014-115259,2014-08-25,2014-08-27,RC-19960,OFF-EN-10002600,East,4.72,2,0.2,1.652,0.35
CA-2014-115259,2014-08-25,2014-08-27,RC-19960,OFF-PA-10004965,East,23.976,3,0.2,7.4925,0.3125
CA-2014-115259,2014-08-25,2014-08-27,RC-19960,OFF-EN-10002504,East,130.464,6,0.2,44.0316,0.33749999999999997
CA-2015-110457,2015-03-02,2015-03-06,DK-13090,FUR-TA-10001768,West,787.53,3,0.0,165.3813,0.21000000000000002
US-2015-136476,2015-04-05,2015-04-10,GG-14650,OFF-BI-10003650,South,157.794,1,0.7,-115.7156,-0.7333333333333333
CA-2016-103730,2016-06-12,2016-06-15,SC-20725,FUR-FU-10002157,East,47.04,3,0.0,18.3456,0.39
CA-2016-103730,2016-06-12,2016-06-15,SC-20725,OFF-BI-10003910,East,30.84,4,0.0,13.878,0.45
CA-2016-103730,2016-06-12,2016-06-15,SC-20725,OFF-ST-10000777,East,226.56,6,0.0,63.4368,0.27999999999999997
CA-2016-103730,2016-06-12,2016-06-15,SC-20725,OFF-EN-10002500,East,115.02,9,0.0,51.759,0.45
CA-2016-103730,2016-06-12,2016-06-15,SC-20725,TEC-PH-10003875,East,68.04,7,0.0,19.7316,0.29
US-2014-152030,2014-12-26,2014-12-28,AD-10180,FUR-CH-10004063,Central,600.558,3,0.3,-8.5794,-0.014285714285714285
US-2014-134614,2014-09-20,2014-09-25,PF-19165,FUR-TA-10004534,Central,617.7,6,0.5,-407.682,-0.66
US-2017-107272,2017-11-05,2017-11-12,TS-21610,OFF-BI-10003274,West,2.388,2,0.7,-1.8308,-0.7666666666666667
US-2017-107272,2017-11-05,2017-11-12,TS-21610,OFF-ST-10002974,West,243.992,7,0.2,30.499,0.125
US-2016-125969,2016-11-06,2016-11-10,LS-16975,FUR-CH-10001146,West,81.424,2,0.2,-9.1602,-0.11249999999999999
US-2016-125969,2016-11-06,2016-11-10,LS-16975,FUR-FU-10003773,West,238.56,3,0.0,26.2416,0.10999999999999999
US-2017-164147,2017-02-02,2017-02-05,DW-13585,TEC-PH-10002293,East,59.97,5,0.4,-11.994,-0.2
US-2017-164147,2017-02-02,2017-02-05,DW-13585,OFF-PA-10002377,East,78.304,2,0.2,29.364,0.375
US-2017-164147,2017-02-02,2017-02-05,DW-13585,OFF-FA-10002780,East,21.456,9,0.2,6.9732,0.325
CA-2016-145583,2016-10-13,2016-10-19,LC-16885,OFF-PA-10001804,West,20.04,3,0.0,9.6192,0.48
CA-2016-145583,2016-10-13,2016-10-19,LC-16885,OFF-PA-10001736,West,35.44,1,0.0,16.6568,0.47000000000000003
CA-2016-145583,2016-10-13,2016-10-19,LC-16885,OFF-AR-10001149,West,11.52,4,0.0,3.456,0.3
CA-2016-145583,2016-10-13,2016-10-19,LC-16885,OFF-FA-10002988,West,4.02,2,0.0,1.9698,0.49000000000000005
CA-2016-145583,2016-10-13,2016-10-19,LC-16885,OFF-BI-10004781,West,76.176,3,0.2,26.6616,0.35
CA-2016-145583,2016-10-13,2016-10-19,LC-16885,OFF-SU-10001218,West,65.88,6,0.0,18.4464,0.28
CA-2016-145583,2016-10-13,2016-10-19,LC-16885,FUR-FU-10001706,West,43.12,14,0.0,20.6976,0.48000000000000004
CA-2016-110366,2016-09-05,2016-09-07,JD-15895,FUR-FU-10004848,East,82.8,2,0.2,10.35,0.125
CA-2017-106180,2017-09-18,2017-09-23,SH-19975,OFF-AR-10000940,West,8.82,3,0.0,2.3814,0.27
CA-2017-106180,2017-09-18,2017-09-23,SH-19975,OFF-EN-10004030,West,10.86,3,0.0,5.1042,0.47
CA-2017-106180,2017-09-18,2017-09-23,SH-19975,OFF-PA-10004327,West,143.7,3,0.0,68.976,0.48000000000000004
CA-2017-155376,2017-12-22,2017-12-27,SG-20080,OFF-AP-10001058,Central,839.43,3,0.0,218.2518,0.26
CA-2015-110744,2015-09-07,2015-09-12,HA-14920,OFF-ST-10003656,West,671.93,7,0.0,20.1579,0.030000000000000006
CA-2014-110072,2014-10-22,2014-10-28,MG-17680,FUR-FU-10000521,East,93.888,4,0.2,12.9096,0.13749999999999998
CA-2016-114489,2016-12-05,2016-12-09,JE-16165,TEC-PH-10000215,Central,384.45,11,0.0,103.8015,0.27
CA-2016-114489,2016-12-05,2016-12-09,JE-16165,TEC-PH-10001448,Central,149.97,3,0.0,5.9988,0.04
CA-2016-114489,2016-12-05,2016-12-09,JE-16165,FUR-CH-10000454,Central,1951.84,8,0.0,585.552,0.30000000000000004
CA-2016-114489,2016-12-05,2016-12-09,JE-16165,OFF-BI-10002735,Central,171.55,5,0.0,80.6285,0.47
CA-2016-158834,2016-03-13,2016-03-16,TW-21025,OFF-AP-10000326,West,157.92,5,0.2,17.766,0.1125
CA-2016-158834,2016-03-13,2016-03-16,TW-21025,TEC-PH-10001254,West,203.184,2,0.2,15.2388,0.075
CA-2015-124919,2015-05-31,2015-06-02,SP-20650,OFF-PA-10001950,West,58.38,7,0.0,26.271,0.45
CA-2015-124919,2015-05-31,2015-06-02,SP-20650,OFF-PA-10002254,West,105.52,4,0.0,48.5392,0.46
CA-2015-124919,2015-05-31,2015-06-02,SP-20650,OFF-ST-10001590,West,80.88,6,0.0,21.0288,0.26
CA-2015-118948,2015-05-28,2015-06-03,NK-18490,OFF-AR-10001547,West,6.63,3,0.0,1.7901,0.27
CA-2014-104269,2014-03-01,2014-03-06,DB-13060,FUR-CH-10004063,West,457.568,2,0.2,51.4764,0.1125
CA-2016-114104,2016-11-20,2016-11-24,NP-18670,OFF-LA-10002475,Central,14.62,2,0.0,6.8714,0.47000000000000003
CA-2016-114104,2016-11-20,2016-11-24,NP-18670,TEC-PH-10004536,Central,944.93,7,0.0,236.2325,0.25
CA-2016-162733,2016-05-11,2016-05-12,TT-21070,OFF-PA-10002751,West,5.98,1,0.0,2.691,0.44999999999999996
CA-2015-119697,2015-12-28,2015-12-31,EM-13960,TEC-AC-10003657,East,54.384,2,0.2,1.3596,0.024999999999999998
CA-2016-154508,2016-11-16,2016-11-20,RD-19900,OFF-EN-10001990,West,28.4,5,0.0,13.348,0.47000000000000003
CA-2016-113817,2016-11-07,2016-11-11,MJ-17740,OFF-BI-10004002,West,27.68,2,0.2,9.688,0.35000000000000003
CA-2014-139892,2014-09-08,2014-09-12,BM-11140,OFF-AR-10004441,Central,9.936,3,0.2,2.7324,0.275
CA-2014-139892,2014-09-08,2014-09-12,BM-11140,TEC-MA-10000822,Central,8159.952,8,0.4,-1359.992,-0.16666666666666666
CA-2014-139892,2014-09-08,2014-09-12,BM-11140,OFF-ST-10000991,Central,275.928,3,0.2,-58.6347,-0.21250000000000002
CA-2014-139892,2014-09-08,2014-09-12,BM-11140,FUR-CH-10004287,Central,1740.06,9,0.3,-24.858,-0.014285714285714287
CA-2014-139892,2014-09-08,2014-09-12,BM-11140,OFF-AR-10002656,Central,32.064,6,0.2,6.8136,0.2125
CA-2014-139892,2014-09-08,2014-09-12,BM-11140,OFF-AP-10002518,Central,177.98,5,0.8,-453.849,-2.5500000000000003
CA-2014-139892,2014-09-08,2014-09-12,BM-11140,TEC-PH-10003931,Central,143.976,3,0.2,8.9985,0.0625
CA-2014-118962,2014-08-05,2014-08-09,CS-12130,OFF-PA-10000659,West,20.94,3,0.0,9.8418,0.4699999999999999
CA-2014-118962,2014-08-05,2014-08-09,CS-12130,OFF-PA-10001144,West,110.96,2,0.0,53.2608,0.48000000000000004
CA-2014-118962,2014-08-05,2014-08-09,CS-12130,FUR-CH-10003817,West,340.144,7,0.2,21.259,0.0625
US-2014-100853,2014-09-14,2014-09-19,JB-15400,OFF-AP-10000891,Central,52.448,2,0.8,-131.12,-2.5
US-2014-100853,2014-09-14,2014-09-19,JB-15400,OFF-LA-10003148,Central,20.16,4,0.2,6.552,0.32499999999999996
US-2017-152366,2017-04-21,2017-04-25,SJ-20500,OFF-AP-10002684,Central,97.264,4,0.8,-243.16,-2.5
US-2015-101511,2015-11-21,2015-11-23,JE-15745,FUR-CH-10004698,East,396.802,7,0.3,-11.3372,-0.028571428571428567
US-2015-101511,2015-11-21,2015-11-23,JE-15745,OFF-SU-10002189,East,15.88,5,0.2,-3.7715,-0.2375
CA-2015-137225,2015-12-15,2015-12-19,JK-15640,OFF-AR-10001940,East,3.28,1,0.0,1.4104,0.43000000000000005
CA-2014-166191,2014-12-05,2014-12-09,DK-13150,OFF-ST-10003455,Central,24.816,2,0.2,1.8612,0.075
CA-2014-166191,2014-12-05,2014-12-09,DK-13150,TEC-AC-10004659,Central,408.744,7,0.2,76.6395,0.18749999999999997
CA-2014-158274,2014-11-19,2014-11-24,RM-19675,TEC-PH-10003273,South,503.96,4,0.0,131.0296,0.26
CA-2014-158274,2014-11-19,2014-11-24,RM-19675,TEC-PH-10004896,South,149.95,5,0.0,41.986,0.28
CA-2014-158274,2014-11-19,2014-11-24,RM-19675,TEC-AC-10002345,South,29.0,2,0.0,7.25,0.25
CA-2016-105018,2016-11-28,2016-12-02,SK-19990,OFF-BI-10001890,East,7.16,2,0.0,3.4368,0.48
CA-2014-123260,2014-08-26,2014-08-30,FM-14290,TEC-AC-10002323,West,176.8,8,0.0,22.984,0.13
CA-2016-157000,2016-07-16,2016-07-22,AM-10360,OFF-ST-10001328,Central,37.224,3,0.2,3.7224,0.1
CA-2016-157000,2016-07-16,2016-07-22,AM-10360,OFF-PA-10001950,Central,20.016,3,0.2,6.255,0.3125
CA-2015-102281,2015-10-12,2015-10-14,MP-17470,FUR-BO-10002613,East,899.136,4,0.2,112.392,0.125
CA-2015-102281,2015-10-12,2015-10-14,MP-17470,TEC-PH-10001552,East,71.76,6,0.0,20.0928,0.27999999999999997
CA-2015-102281,2015-10-12,2015-10-14,MP-17470,OFF-PA-10000061,East,51.84,8,0.0,24.8832,0.4799999999999999
CA-2015-102281,2015-10-12,2015-10-14,MP-17470,FUR-BO-10002545,East,626.352,3,0.2,46.9764,0.075
CA-2015-102281,2015-10-12,2015-10-14,MP-17470,OFF-AR-10003514,East,19.9,5,0.0,6.567,0.33
CA-2015-131457,2015-10-31,2015-11-06,MZ-17515,OFF-EN-10001509,West,14.28,7,0.0,6.7116,0.47000000000000003
CA-2014-140004,2014-03-21,2014-03-25,CB-12025,OFF-AR-10004685,East,7.408,2,0.2,1.2038,0.16249999999999998
CA-2014-140004,2014-03-21,2014-03-25,CB-12025,OFF-AR-10004027,East,6.048,3,0.2,1.5876,0.26249999999999996
CA-2017-107720,2017-11-06,2017-11-13,VM-21685,OFF-ST-10001414,East,46.26,3,0.0,12.0276,0.26
US-2017-124303,2017-07-06,2017-07-13,FH-14365,OFF-BI-10000343,East,2.946,2,0.7,-2.2586,-0.7666666666666666
US-2017-124303,2017-07-06,2017-07-13,FH-14365,OFF-PA-10002749,East,16.056,3,0.2,5.8203,0.36249999999999993
CA-2017-105074,2017-06-24,2017-06-29,MB-17305,OFF-PA-10002666,East,21.744,3,0.2,6.795,0.3125
CA-2014-133690,2014-08-03,2014-08-05,BS-11755,FUR-TA-10004289,West,218.75,2,0.5,-161.875,-0.74
CA-2014-133690,2014-08-03,2014-08-05,BS-11755,OFF-AP-10003622,West,2.6,1,0.2,0.2925,0.11249999999999999
US-2017-116701,2017-12-17,2017-12-21,LC-17140,OFF-AP-10003217,Central,66.284,2,0.8,-178.9668,-2.6999999999999997
CA-2017-126382,2017-06-03,2017-06-07,HK-14890,FUR-FU-10002960,South,35.168,7,0.2,9.6712,0.275
CA-2017-108329,2017-12-09,2017-12-14,LE-16810,TEC-PH-10001918,West,444.768,4,0.2,44.4768,0.1
CA-2017-135860,2017-12-01,2017-12-07,JH-15985,OFF-ST-10000642,Central,83.92,4,0.0,5.8744,0.06999999999999999
CA-2017-135860,2017-12-01,2017-12-07,JH-15985,TEC-PH-10001700,Central,131.98,2,0.0,35.6346,0.27
CA-2017-135860,2017-12-01,2017-12-07,JH-15985,OFF-BI-10003274,Central,15.92,4,0.0,7.4824,0.47000000000000003
CA-2017-135860,2017-12-01,2017-12-07,JH-15985,OFF-FA-10000134,Central,52.29,9,0.0,16.2099,0.31000000000000005
CA-2017-135860,2017-12-01,2017-12-07,JH-15985,OFF-ST-10001522,Central,91.99,1,0.0,3.6796,0.04000000000000001
CA-2015-101007,2015-02-09,2015-02-13,MS-17980,TEC-AC-10001266,Central,20.8,2,0.2,6.5,0.3125
CA-2015-146262,2015-01-02,2015-01-09,VW-21775,OFF-LA-10004544,East,23.68,2,0.2,8.88,0.37500000000000006
CA-2015-146262,2015-01-02,2015-01-09,VW-21775,FUR-BO-10004695,East,452.45,5,0.5,-244.323,-0.54
CA-2015-146262,2015-01-02,2015-01-09,VW-21775,TEC-PH-10002844,East,62.982,3,0.4,-14.6958,-0.23333333333333334
CA-2015-146262,2015-01-02,2015-01-09,VW-21775,TEC-MA-10000864,East,1188.0,9,0.7,-950.4,-0.7999999999999999
CA-2015-146262,2015-01-02,2015-01-09,VW-21775,TEC-AC-10000109,East,89.584,2,0.2,4.4792,0.049999999999999996
CA-2016-130162,2016-10-28,2016-11-01,JH-15910,OFF-ST-10001328,West,93.06,6,0.0,26.0568,0.27999999999999997
CA-2016-130162,2016-10-28,2016-11-01,JH-15910,TEC-PH-10002563,West,302.376,3,0.2,22.6782,0.07500000000000001
CA-2015-169397,2015-12-24,2015-12-27,JB-15925,OFF-FA-10000585,East,5.584,2,0.2,1.8148,0.325
CA-2015-169397,2015-12-24,2015-12-27,JB-15925,OFF-PA-10004000,East,22.704,6,0.2,8.2302,0.3625
CA-2015-169397,2015-12-24,2015-12-27,JB-15925,OFF-BI-10002852,East,19.776,4,0.7,-13.8432,-0.7
CA-2015-169397,2015-12-24,2015-12-27,JB-15925,FUR-FU-10000087,East,72.704,4,0.2,19.0848,0.26250000000000007
CA-2015-169397,2015-12-24,2015-12-27,JB-15925,TEC-MA-10001148,East,479.988,4,0.7,-383.9904,-0.8
CA-2015-169397,2015-12-24,2015-12-27,JB-15925,OFF-AR-10001958,East,27.168,2,0.2,2.7168,0.1
CA-2015-163055,2015-08-09,2015-08-16,DS-13180,OFF-AR-10001026,Central,2.2,1,0.0,0.968,0.43999999999999995
CA-2015-163055,2015-08-09,2015-08-16,DS-13180,FUR-TA-10003748,Central,622.45,5,0.0,136.939,0.21999999999999997
CA-2015-163055,2015-08-09,2015-08-16,DS-13180,OFF-ST-10002485,Central,21.98,1,0.0,0.2198,0.01
US-2015-145436,2015-02-28,2015-03-04,VD-21670,FUR-CH-10004860,South,161.568,2,0.2,-28.2744,-0.175
US-2015-145436,2015-02-28,2015-03-04,VD-21670,FUR-CH-10004477,South,389.696,8,0.2,43.8408,0.1125
US-2014-156216,2014-09-13,2014-09-17,EA-14035,OFF-BI-10001679,South,18.648,7,0.7,-12.432,-0.6666666666666667
US-2017-100930,2017-04-07,2017-04-12,CS-12400,FUR-TA-10001705,South,233.86,2,0.45,-102.048,-0.43636363636363634
US-2017-100930,2017-04-07,2017-04-12,CS-12400,FUR-TA-10003473,South,620.6145,3,0.45,-248.2458,-0.39999999999999997
US-2017-100930,2017-04-07,2017-04-12,CS-12400,OFF-BI-10001679,South,5.328,2,0.7,-3.552,-0.6666666666666666
US-2017-100930,2017-04-07,2017-04-12,CS-12400,FUR-FU-10004017,South,258.072,3,0.2,0.0,0.0
US-2017-100930,2017-04-07,2017-04-12,CS-12400,TEC-AC-10003832,South,617.976,3,0.2,-7.7247,-0.0125
CA-2017-160514,2017-11-12,2017-11-16,DB-13120,OFF-PA-10002479,West,10.56,2,0.0,4.752,0.44999999999999996
CA-2016-157749,2016-06-04,2016-06-09,KL-16645,OFF-PA-10003349,Central,25.92,5,0.2,9.396,0.3625
CA-2016-157749,2016-06-04,2016-06-09,KL-16645,FUR-FU-10000576,Central,419.68,5,0.6,-356.728,-0.85
CA-2016-157749,2016-06-04,2016-06-09,KL-16645,FUR-FU-10004351,Central,11.688,3,0.6,-4.6752,-0.4
CA-2016-157749,2016-06-04,2016-06-09,KL-16645,TEC-PH-10000011,Central,31.984,2,0.2,11.1944,0.35
CA-2016-157749,2016-06-04,2016-06-09,KL-16645,FUR-TA-10002607,Central,177.225,5,0.5,-120.513,-0.68
CA-2016-157749,2016-06-04,2016-06-09,KL-16645,FUR-FU-10002505,Central,4.044,3,0.6,-2.8308,-0.7000000000000001
CA-2016-157749,2016-06-04,2016-06-09,KL-16645,OFF-AR-10004685,Central,7.408,2,0.2,1.2038,0.16249999999999998
CA-2014-131926,2014-06-01,2014-06-06,DW-13480,FUR-CH-10004063,Central,2001.86,7,0.0,580.5394,0.29000000000000004
CA-2014-131926,2014-06-01,2014-06-06,DW-13480,OFF-ST-10002276,Central,166.72,2,0.0,41.68,0.25
CA-2014-131926,2014-06-01,2014-06-06,DW-13480,OFF-PA-10004082,Central,47.88,6,0.0,23.94,0.5
CA-2014-131926,2014-06-01,2014-06-06,DW-13480,OFF-AP-10002945,Central,1503.25,5,0.0,496.0725,0.33
CA-2014-131926,2014-06-01,2014-06-06,DW-13480,OFF-PA-10000061,Central,25.92,4,0.0,12.4416,0.4799999999999999
CA-2016-154739,2016-12-10,2016-12-15,LH-17155,FUR-CH-10002965,West,321.568,2,0.2,28.1372,0.08750000000000001
CA-2016-145625,2016-09-11,2016-09-17,KC-16540,OFF-PA-10004569,West,7.61,1,0.0,3.5767,0.47000000000000003
CA-2016-145625,2016-09-11,2016-09-17,KC-16540,TEC-AC-10003832,West,3347.37,13,0.0,636.0003,0.19000000000000003
CA-2016-146941,2016-12-10,2016-12-13,DL-13315,OFF-ST-10001228,East,80.58,6,0.0,22.5624,0.28
CA-2016-146941,2016-12-10,2016-12-13,DL-13315,OFF-EN-10003296,East,361.92,4,0.0,162.864,0.45
US-2015-159982,2015-11-28,2015-12-04,DR-12880,FUR-FU-10002505,Central,12.132,9,0.6,-8.4924,-0.7000000000000001
US-2015-159982,2015-11-28,2015-12-04,DR-12880,OFF-ST-10004804,Central,82.368,2,0.2,-19.5624,-0.23750000000000002
US-2015-159982,2015-11-28,2015-12-04,DR-12880,OFF-ST-10001590,Central,53.92,5,0.2,4.044,0.07499999999999998
US-2015-159982,2015-11-28,2015-12-04,DR-12880,TEC-PH-10001580,Central,647.904,6,0.2,56.6916,0.08750000000000001
CA-2017-163139,2017-12-01,2017-12-03,CC-12670,TEC-AC-10000290,East,20.37,3,0.0,6.9258,0.33999999999999997
CA-2017-163139,2017-12-01,2017-12-03,CC-12670,OFF-ST-10002790,East,221.55,3,0.0,6.6465,0.029999999999999995
CA-2017-163139,2017-12-01,2017-12-03,CC-12670,OFF-BI-10003460,East,17.52,5,0.2,6.132,0.35
US-2017-155299,2017-06-08,2017-06-12,Dl-13600,OFF-AP-10002203,Central,1.624,2,0.8,-4.466,-2.75
US-2014-106992,2014-09-19,2014-09-21,SB-20290,TEC-MA-10000822,Central,3059.982,3,0.4,-509.997,-0.16666666666666669
US-2014-106992,2014-09-19,2014-09-21,SB-20290,TEC-MA-10003353,Central,2519.958,7,0.4,-251.9958,-0.09999999999999999
CA-2016-125318,2016-06-06,2016-06-13,RC-19825,TEC-PH-10001433,Central,328.224,4,0.2,28.7196,0.08750000000000001
CA-2015-155040,2015-11-10,2015-11-15,AH-10210,TEC-AC-10004469,West,79.9,2,0.0,35.156,0.43999999999999995
CA-2017-136826,2017-06-16,2017-06-20,CB-12535,OFF-AR-10003602,South,14.016,3,0.2,4.7304,0.3375
CA-2016-111010,2016-01-22,2016-01-28,PG-18895,OFF-FA-10003472,East,7.56,6,0.0,0.3024,0.04
US-2017-145366,2017-12-09,2017-12-13,CA-12310,OFF-ST-10004180,East,37.208,1,0.2,-7.4416,-0.2
US-2017-145366,2017-12-09,2017-12-13,CA-12310,OFF-EN-10004386,East,57.576,3,0.2,21.591,0.375
CA-2017-163979,2017-12-28,2018-01-02,KH-16690,OFF-ST-10003208,West,725.84,4,0.0,210.4936,0.29
CA-2015-155334,2015-07-30,2015-07-31,HA-14920,TEC-AC-10003628,West,209.93,7,0.0,92.3692,0.44
CA-2015-155334,2015-07-30,2015-07-31,HA-14920,FUR-FU-10003274,West,5.28,3,0.0,2.3232,0.43999999999999995
CA-2015-155334,2015-07-30,2015-07-31,HA-14920,OFF-BI-10002557,West,10.92,3,0.2,4.095,0.375
CA-2017-118136,2017-09-16,2017-09-17,BB-10990,OFF-PA-10002615,West,8.82,2,0.0,4.0572,0.45999999999999996
CA-2017-118136,2017-09-16,2017-09-17,BB-10990,OFF-AR-10001427,West,5.98,1,0.0,1.5548,0.25999999999999995
CA-2017-132976,2017-10-13,2017-10-17,AG-10495,OFF-PA-10000673,East,11.648,2,0.2,4.0768,0.35000000000000003
CA-2017-132976,2017-10-13,2017-10-17,AG-10495,OFF-PA-10004470,East,18.176,4,0.2,5.9072,0.325
CA-2017-132976,2017-10-13,2017-10-17,AG-10495,OFF-ST-10000876,East,59.712,6,0.2,5.9712,0.09999999999999999
CA-2017-132976,2017-10-13,2017-10-17,AG-10495,OFF-LA-10002043,East,24.84,3,0.2,8.694,0.35000000000000003
US-2015-161991,2015-09-26,2015-09-28,SC-20725,OFF-BI-10004967,Central,2.08,5,0.8,-3.432,-1.65
US-2015-161991,2015-09-26,2015-09-28,SC-20725,TEC-PH-10001760,Central,1114.4,7,0.2,376.11,0.33749999999999997
CA-2015-130890,2015-11-02,2015-11-06,JO-15280,FUR-TA-10002903,West,1038.84,5,0.2,51.942,0.05
CA-2015-130883,2015-09-26,2015-10-02,TB-21520,OFF-PA-10000474,West,141.76,5,0.2,47.844,0.3375
CA-2015-130883,2015-09-26,2015-10-02,TB-21520,TEC-AC-10001956,West,239.8,5,0.2,47.96,0.19999999999999998
CA-2015-130883,2015-09-26,2015-10-02,TB-21520,OFF-PA-10004100,West,31.104,6,0.2,10.8864,0.35000000000000003
CA-2016-112697,2016-12-18,2016-12-20,AH-10195,OFF-BI-10000778,South,254.058,7,0.7,-169.372,-0.6666666666666667
CA-2016-112697,2016-12-18,2016-12-20,AH-10195,OFF-AP-10002684,South,194.528,2,0.2,24.316,0.125
CA-2016-112697,2016-12-18,2016-12-20,AH-10195,OFF-SU-10000646,South,961.48,5,0.2,-204.3145,-0.2125
CA-2016-110772,2016-11-20,2016-11-24,NZ-18565,OFF-FA-10002983,East,19.096,7,0.2,6.6836,0.35000000000000003
CA-2016-110772,2016-11-20,2016-11-24,NZ-18565,OFF-LA-10004689,East,18.496,8,0.2,6.2424,0.3375
CA-2016-110772,2016-11-20,2016-11-24,NZ-18565,TEC-AC-10002001,East,255.984,2,0.2,54.3966,0.2125
CA-2016-110772,2016-11-20,2016-11-24,NZ-18565,FUR-BO-10004709,East,86.97,3,0.5,-48.7032,-0.56
CA-2014-111451,2014-12-26,2014-12-28,KL-16555,FUR-FU-10004091,West,300.416,8,0.2,78.8592,0.2625
CA-2014-111451,2014-12-26,2014-12-28,KL-16555,FUR-CH-10001891,West,230.352,3,0.2,20.1558,0.0875
CA-2014-111451,2014-12-26,2014-12-28,KL-16555,FUR-FU-10002918,West,218.352,3,0.2,-24.5646,-0.11249999999999999
CA-2014-111451,2014-12-26,2014-12-28,KL-16555,OFF-BI-10004593,West,78.6,5,0.7,-62.88,-0.8
CA-2014-111451,2014-12-26,2014-12-28,KL-16555,OFF-FA-10004854,West,27.552,3,0.2,9.2988,0.3375
CA-2016-142545,2016-10-28,2016-11-03,JD-15895,OFF-PA-10002105,East,32.4,5,0.0,15.552,0.48
CA-2016-142545,2016-10-28,2016-11-03,JD-15895,OFF-ST-10002756,East,1082.48,8,0.0,10.8248,0.01
CA-2016-142545,2016-10-28,2016-11-03,JD-15895,OFF-PA-10004243,East,56.91,3,0.0,27.3168,0.48000000000000004
CA-2016-142545,2016-10-28,2016-11-03,JD-15895,FUR-FU-10001861,East,77.6,4,0.0,38.024,0.49000000000000005
CA-2016-142545,2016-10-28,2016-11-03,JD-15895,OFF-BI-10002706,East,14.28,1,0.0,6.5688,0.4600000000000001
US-2017-152380,2017-11-19,2017-11-23,JH-15910,FUR-TA-10002533,Central,219.075,3,0.5,-131.445,-0.6
CA-2015-144253,2015-05-04,2015-05-09,AS-10225,FUR-FU-10002671,East,26.8,2,0.0,12.864,0.48000000000000004
CA-2014-130960,2014-12-30,2015-01-04,KB-16600,OFF-AR-10003651,Central,9.84,3,0.0,2.8536,0.29000000000000004
CA-2014-111003,2014-06-01,2014-06-06,CR-12625,OFF-BI-10001072,East,45.48,3,0.0,20.9208,0.46
CA-2014-111003,2014-06-01,2014-06-06,CR-12625,OFF-AR-10002135,East,289.2,6,0.0,83.868,0.29
CA-2017-126774,2017-04-15,2017-04-17,SH-20395,OFF-AR-10002804,South,4.89,1,0.0,2.0049,0.41000000000000003
CA-2016-142902,2016-09-12,2016-09-14,BP-11185,FUR-FU-10001918,West,15.136,4,0.2,3.5948,0.23750000000000002
CA-2016-142902,2016-09-12,2016-09-14,BP-11185,FUR-CH-10004086,West,466.768,2,0.2,52.5114,0.11250000000000002
CA-2016-142902,2016-09-12,2016-09-14,BP-11185,FUR-FU-10001756,West,15.232,1,0.2,1.7136,0.1125
CA-2016-142902,2016-09-12,2016-09-14,BP-11185,OFF-LA-10000634,West,6.264,3,0.2,2.0358,0.325
CA-2014-120887,2014-09-27,2014-10-03,TS-21205,FUR-FU-10001588,East,87.54,3,0.0,37.6422,0.43
CA-2014-167850,2014-08-09,2014-08-16,AG-10525,TEC-PH-10002398,South,178.384,2,0.2,22.298,0.125
CA-2014-167850,2014-08-09,2014-08-16,AG-10525,OFF-PA-10001937,South,15.552,3,0.2,5.4432,0.35000000000000003
CA-2014-164259,2014-12-28,2014-12-30,SP-20860,OFF-AR-10003373,East,99.136,4,0.2,8.6744,0.08750000000000001
CA-2014-164973,2014-11-04,2014-11-09,NM-18445,FUR-CH-10002602,East,135.882,1,0.1,24.1568,0.17777777777777778
CA-2014-164973,2014-11-04,2014-11-09,NM-18445,TEC-MA-10002927,East,3991.98,2,0.0,1995.99,0.5
CA-2014-164973,2014-11-04,2014-11-09,NM-18445,TEC-PH-10004093,East,275.94,6,0.0,80.0226,0.29
CA-2014-164973,2014-11-04,2014-11-09,NM-18445,TEC-AC-10000892,East,360.0,4,0.0,129.6,0.36
CA-2014-164973,2014-11-04,2014-11-09,NM-18445,OFF-ST-10002974,East,43.57,1,0.0,13.071,0.3
CA-2014-156601,2014-09-19,2014-09-24,FA-14230,OFF-FA-10000624,West,7.16,2,0.0,3.58,0.5
CA-2016-162138,2016-04-23,2016-04-27,GK-14620,OFF-BI-10004593,West,251.52,6,0.2,81.744,0.325
CA-2016-162138,2016-04-23,2016-04-27,GK-14620,TEC-AC-10001908,West,99.99,1,0.0,34.9965,0.35
CA-2017-153339,2017-11-03,2017-11-05,DJ-13510,FUR-FU-10001967,South,15.992,1,0.2,0.9995,0.0625
US-2016-141544,2016-08-30,2016-09-01,PO-18850,TEC-PH-10003645,East,290.898,3,0.4,-67.8762,-0.2333333333333333
US-2016-141544,2016-08-30,2016-09-01,PO-18850,OFF-ST-10000675,East,54.224,2,0.2,3.389,0.0625
US-2016-141544,2016-08-30,2016-09-01,PO-18850,FUR-CH-10003312,East,786.744,4,0.3,-258.5016,-0.32857142857142857
US-2016-141544,2016-08-30,2016-09-01,PO-18850,OFF-LA-10001074,East,100.24,10,0.2,33.831,0.3375
US-2016-141544,2016-08-30,2016-09-01,PO-18850,OFF-BI-10001524,East,37.764,6,0.7,-27.6936,-0.7333333333333333
US-2016-150147,2016-04-25,2016-04-29,JL-15850,TEC-PH-10004614,East,82.8,2,0.4,-20.7,-0.25
US-2016-150147,2016-04-25,2016-04-29,JL-15850,OFF-BI-10001153,East,20.724,2,0.7,-13.816,-0.6666666666666667
US-2016-150147,2016-04-25,2016-04-29,JL-15850,OFF-BI-10001982,East,4.896,3,0.7,-3.4272,-0.7000000000000001
CA-2015-137946,2015-09-01,2015-09-04,DB-13615,OFF-BI-10001922,West,4.752,1,0.2,1.6038,0.33749999999999997
CA-2015-137946,2015-09-01,2015-09-04,DB-13615,TEC-CO-10001449,West,959.984,2,0.2,335.9944,0.35
CA-2015-137946,2015-09-01,2015-09-04,DB-13615,OFF-BI-10004140,West,14.368,4,0.2,4.49,0.3125
CA-2014-129924,2014-07-12,2014-07-17,AC-10420,OFF-BI-10003314,West,7.712,2,0.2,2.7956,0.3625
CA-2014-129924,2014-07-12,2014-07-17,AC-10420,FUR-TA-10004575,West,698.352,3,0.2,-17.4588,-0.025
CA-2015-128167,2015-06-22,2015-06-26,KL-16645,OFF-FA-10000490,West,4.96,4,0.0,2.3312,0.47
CA-2014-122336,2014-04-13,2014-04-17,JD-15895,OFF-AR-10000122,East,17.856,4,0.2,1.116,0.0625
CA-2014-122336,2014-04-13,2014-04-17,JD-15895,OFF-BI-10003656,East,509.97,10,0.7,-407.976,-0.7999999999999999
CA-2014-122336,2014-04-13,2014-04-17,JD-15895,OFF-FA-10002780,East,30.992,13,0.2,10.0724,0.325
CA-2014-122336,2014-04-13,2014-04-17,JD-15895,TEC-PH-10000702,East,71.928,12,0.4,8.3916,0.11666666666666668
US-2015-120712,2015-12-20,2015-12-24,CS-12130,OFF-ST-10000107,Central,88.8,4,0.2,-2.22,-0.025
CA-2017-169901,2017-06-15,2017-06-19,CC-12550,TEC-PH-10002293,West,47.976,3,0.2,4.7976,0.1
CA-2017-134306,2017-07-08,2017-07-12,TD-20995,OFF-AR-10004027,East,7.56,3,0.0,3.0996,0.41000000000000003
CA-2017-134306,2017-07-08,2017-07-12,TD-20995,OFF-PA-10000249,East,24.56,2,0.0,11.5432,0.47000000000000003
CA-2017-134306,2017-07-08,2017-07-12,TD-20995,OFF-AR-10001374,East,12.96,2,0.0,4.1472,0.31999999999999995
CA-2016-129714,2016-09-01,2016-09-03,AB-10060,TEC-AC-10000290,East,6.79,1,0.0,2.3086,0.34
CA-2016-129714,2016-09-01,2016-09-03,AB-10060,OFF-PA-10001970,East,24.56,2,0.0,11.5432,0.47000000000000003
CA-2016-129714,2016-09-01,2016-09-03,AB-10060,OFF-BI-10002160,East,3.048,1,0.2,1.0668,0.35
CA-2016-129714,2016-09-01,2016-09-03,AB-10060,OFF-BI-10004995,East,4355.168,4,0.2,1415.4296,0.325
CA-2016-138520,2016-04-08,2016-04-13,JL-15505,FUR-BO-10002268,East,388.704,6,0.2,-4.8588,-0.012499999999999999
CA-2016-138520,2016-04-08,2016-04-13,JL-15505,OFF-EN-10001137,East,8.26,2,0.0,3.7996,0.46
CA-2016-138520,2016-04-08,2016-04-13,JL-15505,OFF-AR-10002399,East,17.04,4,0.0,6.9864,0.41000000000000003
CA-2016-138520,2016-04-08,2016-04-13,JL-15505,OFF-PA-10002713,East,34.4,5,0.0,15.824,0.46
CA-2016-130001,2016-04-23,2016-04-28,HK-14890,OFF-PA-10002666,South,36.24,5,0.2,11.325,0.31249999999999994
CA-2017-155698,2017-03-08,2017-03-11,VB-21745,OFF-AP-10001124,South,647.84,8,0.0,168.4384,0.26
CA-2017-155698,2017-03-08,2017-03-11,VB-21745,OFF-LA-10001158,South,20.7,2,0.0,9.936,0.48000000000000004
CA-2017-144904,2017-09-25,2017-10-01,KW-16435,OFF-LA-10001158,East,20.7,2,0.0,9.936,0.48000000000000004
CA-2017-144904,2017-09-25,2017-10-01,KW-16435,FUR-CH-10000785,East,488.646,3,0.1,86.8704,0.17777777777777778
CA-2017-144904,2017-09-25,2017-10-01,KW-16435,OFF-AR-10003732,East,5.56,2,0.0,1.4456,0.26
CA-2017-144904,2017-09-25,2017-10-01,KW-16435,FUR-FU-10000023,East,47.12,8,0.0,20.7328,0.44000000000000006
CA-2014-123344,2014-09-24,2014-09-29,JD-16060,OFF-ST-10001713,West,211.96,4,0.0,8.4784,0.04
CA-2016-155516,2016-10-21,2016-10-21,MK-17905,OFF-BI-10002412,East,23.2,4,0.0,10.44,0.45
CA-2016-155516,2016-10-21,2016-10-21,MK-17905,OFF-SU-10001225,East,7.36,2,0.0,0.1472,0.02
CA-2016-155516,2016-10-21,2016-10-21,MK-17905,OFF-ST-10002406,East,104.79,7,0.0,29.3412,0.27999999999999997
CA-2016-155516,2016-10-21,2016-10-21,MK-17905,FUR-BO-10002545,East,1043.92,4,0.0,271.4192,0.25999999999999995
CA-2017-104745,2017-05-29,2017-06-04,GT-14755,OFF-PA-10002036,Central,25.92,5,0.2,9.396,0.3625
CA-2017-104745,2017-05-29,2017-06-04,GT-14755,OFF-ST-10002205,Central,53.424,3,0.2,4.6746,0.0875
US-2014-119137,2014-07-23,2014-07-27,AG-10900,OFF-BI-10001982,West,8.16,5,0.7,-5.712,-0.7
US-2014-119137,2014-07-23,2014-07-27,AG-10900,TEC-AC-10003911,West,1023.936,8,0.2,179.1888,0.175
US-2014-119137,2014-07-23,2014-07-27,AG-10900,OFF-AR-10000658,West,9.24,1,0.2,0.924,0.1
US-2014-119137,2014-07-23,2014-07-27,AG-10900,TEC-AC-10002076,West,479.04,10,0.2,-29.94,-0.0625
US-2016-134656,2016-09-28,2016-10-01,MM-18280,OFF-PA-10003039,Central,99.136,4,0.2,30.98,0.3125
US-2017-134481,2017-08-27,2017-09-01,AR-10405,FUR-TA-10004915,East,1488.424,7,0.3,-297.6848,-0.2
CA-2015-130792,2015-04-28,2015-05-05,RA-19915,OFF-AP-10000696,Central,8.652,3,0.8,-20.3322,-2.35
CA-2015-130792,2015-04-28,2015-05-05,RA-19915,OFF-ST-10003327,Central,23.832,3,0.2,2.6811,0.11249999999999999
CA-2015-130792,2015-04-28,2015-05-05,RA-19915,OFF-BI-10000309,Central,12.176,4,0.8,-18.8728,-1.55
CA-2016-134775,2016-10-28,2016-10-29,AS-10285,OFF-PA-10004734,West,50.96,7,0.0,25.48,0.5
CA-2016-134775,2016-10-28,2016-10-29,AS-10285,OFF-BI-10002225,West,49.536,3,0.2,17.3376,0.35
CA-2015-125395,2015-06-26,2015-06-29,LA-16780,TEC-AC-10004708,Central,41.9,2,0.0,8.799,0.21
US-2015-168935,2015-11-27,2015-12-02,DO-13435,FUR-TA-10000617,South,375.4575,3,0.45,-157.0095,-0.4181818181818182
US-2015-168935,2015-11-27,2015-12-02,DO-13435,TEC-AC-10002335,South,83.976,3,0.2,-1.0497,-0.0125
CA-2015-122756,2015-12-03,2015-12-07,DK-13225,TEC-MA-10001681,East,482.34,4,0.7,-337.638,-0.7
CA-2015-122756,2015-12-03,2015-12-07,DK-13225,FUR-FU-10001935,East,2.96,1,0.2,0.777,0.2625
CA-2014-115973,2014-11-24,2014-11-26,NG-18430,OFF-AR-10004757,East,2.624,1,0.2,0.4264,0.1625
CA-2017-101798,2017-12-11,2017-12-15,MV-18190,OFF-BI-10000050,East,23.36,4,0.2,7.884,0.3375
CA-2017-101798,2017-12-11,2017-12-15,MV-18190,TEC-AC-10001998,East,39.98,2,0.0,13.5932,0.34
US-2014-135972,2014-09-21,2014-09-23,JG-15115,TEC-PH-10003012,West,246.384,2,0.2,27.7182,0.1125
US-2014-135972,2014-09-21,2014-09-23,JG-15115,TEC-CO-10002313,West,1799.97,3,0.0,701.9883,0.38999999999999996
US-2014-134971,2014-06-07,2014-06-10,BP-11095,OFF-BI-10003982,Central,12.462,3,0.8,-20.5623,-1.6500000000000001
CA-2017-102946,2017-06-30,2017-07-05,VP-21730,OFF-BI-10004492,West,75.792,3,0.2,25.5798,0.33749999999999997
CA-2017-165603,2017-10-17,2017-10-19,SS-20140,OFF-ST-10000798,East,49.96,2,0.0,9.4924,0.19
CA-2017-165603,2017-10-17,2017-10-19,SS-20140,OFF-PA-10002552,East,12.96,2,0.0,6.2208,0.4799999999999999
CA-2015-122259,2015-10-31,2015-11-04,HP-14815,OFF-SU-10002573,Central,70.12,4,0.0,21.036,0.3
CA-2016-108987,2016-09-08,2016-09-10,AG-10675,OFF-ST-10001580,Central,35.952,3,0.2,3.5952,0.1
CA-2016-108987,2016-09-08,2016-09-10,AG-10675,FUR-BO-10004834,Central,2396.2656,4,0.32,-317.1528,-0.1323529411764706
CA-2016-108987,2016-09-08,2016-09-10,AG-10675,OFF-ST-10000934,Central,131.136,4,0.2,-32.784,-0.25
CA-2016-108987,2016-09-08,2016-09-10,AG-10675,TEC-AC-10000158,Central,57.584,2,0.2,0.7198,0.012499999999999999
CA-2014-113166,2014-12-24,2014-12-26,LF-17185,OFF-PA-10001947,South,9.568,2,0.2,3.4684,0.3625
CA-2014-155208,2014-04-16,2014-04-20,SP-20650,OFF-AR-10003478,South,39.072,6,0.2,9.768,0.25
CA-2017-117933,2017-12-24,2017-12-29,RF-19840,OFF-AP-10004249,East,35.91,3,0.0,9.6957,0.27
CA-2017-117457,2017-12-08,2017-12-12,KH-16510,TEC-AC-10000158,West,179.95,5,0.0,37.7895,0.21
CA-2017-117457,2017-12-08,2017-12-12,KH-16510,TEC-CO-10004115,West,1199.976,3,0.2,434.9913,0.3625
CA-2017-117457,2017-12-08,2017-12-12,KH-16510,OFF-PA-10003724,West,27.15,5,0.0,13.3035,0.49
CA-2017-117457,2017-12-08,2017-12-12,KH-16510,FUR-TA-10002041,West,1004.024,7,0.2,-112.9527,-0.11249999999999999
CA-2017-117457,2017-12-08,2017-12-12,KH-16510,OFF-PA-10002893,West,9.68,1,0.0,4.6464,0.48
CA-2017-117457,2017-12-08,2017-12-12,KH-16510,OFF-LA-10003766,West,28.35,9,0.0,13.608,0.48
CA-2017-117457,2017-12-08,2017-12-12,KH-16510,OFF-PA-10001970,West,55.98,1,0.0,27.4302,0.49
CA-2017-117457,2017-12-08,2017-12-12,KH-16510,FUR-BO-10001972,West,1336.829,13,0.15,31.4548,0.023529411764705882
CA-2017-117457,2017-12-08,2017-12-12,KH-16510,FUR-CH-10003956,West,113.568,2,0.2,-18.4548,-0.1625
CA-2017-142636,2017-11-03,2017-11-07,KC-16675,OFF-PA-10000157,West,139.86,7,0.0,65.7342,0.47
CA-2017-142636,2017-11-03,2017-11-07,KC-16675,FUR-CH-10001891,West,307.136,4,0.2,26.8744,0.0875
CA-2017-122105,2017-06-24,2017-06-28,CJ-12010,OFF-AR-10004344,West,95.92,8,0.0,25.8984,0.26999999999999996
CA-2016-148796,2016-04-14,2016-04-18,PB-19150,FUR-CH-10004886,West,383.8,5,0.2,38.38,0.1
CA-2017-154816,2017-11-06,2017-11-10,VB-21745,OFF-PA-10003845,South,5.78,1,0.0,2.8322,0.48999999999999994
CA-2017-110478,2017-03-04,2017-03-09,SP-20860,OFF-AR-10001573,West,9.32,4,0.0,2.7028,0.29
CA-2017-110478,2017-03-04,2017-03-09,SP-20860,OFF-EN-10000483,West,15.25,1,0.0,7.015,0.45999999999999996
CA-2014-142048,2014-06-22,2014-06-25,JE-15745,TEC-AC-10004114,West,196.752,6,0.2,56.5662,0.2875
CA-2017-125388,2017-10-19,2017-10-23,MP-17965,FUR-FU-10004712,East,56.56,4,0.0,14.7056,0.26
CA-2017-125388,2017-10-19,2017-10-23,MP-17965,OFF-ST-10000918,East,32.7,3,0.0,8.502,0.26
CA-2017-155705,2017-08-21,2017-08-23,NF-18385,FUR-CH-10000015,South,866.4,4,0.0,225.264,0.26
CA-2017-149160,2017-11-23,2017-11-26,JM-15265,FUR-FU-10003347,Central,28.4,2,0.0,11.076,0.39
CA-2017-149160,2017-11-23,2017-11-26,JM-15265,OFF-BI-10001543,Central,287.92,8,0.0,138.2016,0.48000000000000004
CA-2014-101476,2014-09-12,2014-09-13,SD-20485,TEC-MA-10000029,East,69.99,1,0.0,30.0957,0.43000000000000005
CA-2017-152275,2017-10-01,2017-10-08,KH-16630,OFF-AR-10000369,Central,6.672,6,0.2,0.5004,0.075
US-2016-123750,2016-04-15,2016-04-21,RB-19795,OFF-BI-10004584,South,189.588,2,0.7,-145.3508,-0.7666666666666666
US-2016-123750,2016-04-15,2016-04-21,RB-19795,TEC-AC-10004659,South,408.744,7,0.2,76.6395,0.18749999999999997
US-2016-123750,2016-04-15,2016-04-21,RB-19795,OFF-ST-10000617,South,4.768,2,0.2,-0.7748,-0.1625
CA-2016-127369,2016-06-06,2016-06-07,DB-13060,OFF-ST-10003306,East,714.3,5,0.0,207.147,0.29
US-2014-150574,2014-12-19,2014-12-25,MK-18160,OFF-BI-10000773,South,4.812,2,0.7,-3.6892,-0.7666666666666666
US-2014-150574,2014-12-19,2014-12-25,MK-18160,TEC-AC-10002600,South,247.8,5,0.2,-18.585,-0.075
CA-2016-147375,2016-06-12,2016-06-14,PO-19180,TEC-MA-10002937,Central,1007.979,3,0.3,43.1991,0.04285714285714286
CA-2016-147375,2016-06-12,2016-06-14,PO-19180,OFF-PA-10001970,Central,313.488,7,0.2,113.6394,0.3625
CA-2017-130043,2017-09-15,2017-09-19,BB-11545,OFF-PA-10002230,Central,31.872,8,0.2,11.5536,0.3625
CA-2017-157252,2017-01-20,2017-01-23,CV-12805,FUR-CH-10003396,East,207.846,3,0.1,2.3094,0.011111111111111112
CA-2016-115756,2016-09-05,2016-09-07,PK-19075,FUR-FU-10000246,Central,12.22,1,0.0,3.666,0.3
CA-2016-115756,2016-09-05,2016-09-07,PK-19075,OFF-ST-10000060,Central,194.94,3,0.0,23.3928,0.12000000000000001
CA-2016-115756,2016-09-05,2016-09-07,PK-19075,OFF-ST-10003058,Central,70.95,3,0.0,20.5755,0.29000000000000004
CA-2016-115756,2016-09-05,2016-09-07,PK-19075,OFF-PA-10002222,Central,91.36,4,0.0,42.0256,0.45999999999999996
CA-2016-115756,2016-09-05,2016-09-07,PK-19075,FUR-CH-10002372,Central,242.94,3,0.0,29.1528,0.12
CA-2016-115756,2016-09-05,2016-09-07,PK-19075,OFF-LA-10001317,Central,22.05,7,0.0,10.584,0.48
CA-2017-154214,2017-03-20,2017-03-25,TB-21595,FUR-FU-10000206,Central,2.91,1,0.0,1.3677,0.47
CA-2016-166674,2016-04-01,2016-04-03,RB-19360,OFF-AR-10000588,East,59.52,3,0.0,15.4752,0.25999999999999995
CA-2016-166674,2016-04-01,2016-04-03,RB-19360,OFF-ST-10001469,East,161.94,3,0.0,9.7164,0.060000000000000005
CA-2016-166674,2016-04-01,2016-04-03,RB-19360,OFF-AR-10001953,East,263.88,6,0.0,71.2476,0.27
CA-2016-166674,2016-04-01,2016-04-03,RB-19360,OFF-AR-10003156,East,30.48,3,0.0,7.9248,0.26
CA-2016-166674,2016-04-01,2016-04-03,RB-19360,OFF-AR-10004974,East,9.84,3,0.0,2.8536,0.29000000000000004
CA-2016-166674,2016-04-01,2016-04-03,RB-19360,TEC-PH-10002365,East,35.12,4,0.0,9.1312,0.26
CA-2017-147277,2017-10-20,2017-10-24,EB-13705,FUR-TA-10001539,East,284.364,2,0.4,-75.8304,-0.26666666666666666
CA-2017-147277,2017-10-20,2017-10-24,EB-13705,OFF-ST-10000142,East,665.408,2,0.2,66.5408,0.1
CA-2016-100153,2016-12-13,2016-12-17,KH-16630,TEC-AC-10001772,Central,63.88,4,0.0,24.9132,0.38999999999999996
US-2014-110674,2014-02-12,2014-02-18,SC-20095,FUR-CH-10000225,West,129.568,2,0.2,-24.294,-0.1875
US-2016-157945,2016-09-26,2016-10-01,NF-18385,FUR-CH-10002331,Central,747.558,3,0.3,-96.1146,-0.12857142857142856
US-2016-157945,2016-09-26,2016-10-01,NF-18385,OFF-EN-10001415,Central,8.928,2,0.2,3.348,0.37499999999999994
CA-2015-109638,2015-12-15,2015-12-22,JH-15985,OFF-AP-10002472,West,103.92,4,0.0,36.372,0.35
CA-2015-109638,2015-12-15,2015-12-22,JH-15985,TEC-AC-10004571,West,899.91,9,0.0,377.9622,0.42
CA-2015-109638,2015-12-15,2015-12-22,JH-15985,OFF-BI-10001098,West,51.312,3,0.2,18.6006,0.36250000000000004
CA-2016-109869,2016-04-22,2016-04-29,TN-21040,FUR-FU-10000023,West,23.56,5,0.2,7.068,0.3
CA-2016-109869,2016-04-22,2016-04-29,TN-21040,FUR-TA-10001889,West,1272.63,6,0.5,-814.4832,-0.6399999999999999
CA-2016-109869,2016-04-22,2016-04-29,TN-21040,OFF-BI-10000315,West,28.485,5,0.7,-20.889,-0.7333333333333333
CA-2016-109869,2016-04-22,2016-04-29,TN-21040,OFF-SU-10003505,West,185.376,2,0.2,-34.758,-0.1875
CA-2016-109869,2016-04-22,2016-04-29,TN-21040,OFF-AP-10002578,West,78.272,2,0.2,5.8704,0.075
US-2015-101399,2015-01-17,2015-01-24,JS-15940,FUR-FU-10002918,Central,254.744,7,0.6,-312.0614,-1.2249999999999999
CA-2017-154907,2017-03-31,2017-04-04,DS-13180,FUR-BO-10002824,Central,205.3328,2,0.32,-36.2352,-0.17647058823529413
US-2016-100419,2016-12-16,2016-12-20,CC-12670,OFF-BI-10002194,Central,4.788,3,0.8,-7.9002,-1.65
CA-2015-154144,2015-12-20,2015-12-24,MH-17785,OFF-PA-10004071,East,55.48,1,0.0,26.6304,0.48000000000000004
CA-2014-144666,2014-11-09,2014-11-11,JP-15520,OFF-ST-10002743,West,340.92,3,0.0,3.4092,0.009999999999999998
CA-2014-144666,2014-11-09,2014-11-11,JP-15520,FUR-BO-10001601,West,222.666,2,0.15,10.4784,0.04705882352941177
CA-2014-144666,2014-11-09,2014-11-11,JP-15520,TEC-PH-10002680,West,703.968,4,0.2,87.996,0.125
CA-2014-144666,2014-11-09,2014-11-11,JP-15520,OFF-ST-10001321,West,92.52,6,0.0,24.9804,0.27
CA-2014-144666,2014-11-09,2014-11-11,JP-15520,OFF-PA-10001509,West,62.65,7,0.0,28.819,0.46
CA-2014-144666,2014-11-09,2014-11-11,JP-15520,OFF-PA-10003465,West,94.85,5,0.0,45.528,0.48000000000000004
CA-2016-103891,2016-07-12,2016-07-19,KH-16690,TEC-PH-10000149,West,95.76,6,0.2,7.182,0.075
CA-2016-152632,2016-10-27,2016-11-02,JE-15475,FUR-FU-10002671,East,40.2,3,0.0,19.296,0.4799999999999999
CA-2016-100790,2016-06-26,2016-07-02,JG-15805,OFF-AR-10003045,East,14.7,5,0.0,6.615,0.45
CA-2016-100790,2016-06-26,2016-07-02,JG-15805,OFF-ST-10000689,East,704.25,5,0.0,84.51,0.12000000000000001
CA-2014-134677,2014-10-06,2014-10-10,XP-21865,TEC-AC-10001445,West,9.09,3,0.0,1.9089,0.21000000000000002
CA-2014-127691,2014-07-22,2014-07-27,EM-14065,OFF-AR-10002053,East,5.96,2,0.0,1.6688,0.28
CA-2014-127691,2014-07-22,2014-07-27,EM-14065,TEC-AC-10002567,East,159.98,2,0.0,57.5928,0.36
CA-2017-140963,2017-06-10,2017-06-13,MT-18070,OFF-LA-10003923,West,29.6,2,0.0,14.8,0.5
CA-2017-140963,2017-06-10,2017-06-13,MT-18070,FUR-BO-10001337,West,514.165,5,0.15,-30.245,-0.05882352941176471
CA-2017-140963,2017-06-10,2017-06-13,MT-18070,TEC-PH-10001924,West,279.96,5,0.2,17.4975,0.0625
CA-2014-154627,2014-10-29,2014-10-31,SA-20830,TEC-PH-10001363,Central,2735.952,6,0.2,341.994,0.125
CA-2014-133753,2014-06-09,2014-06-13,CW-11905,TEC-PH-10000376,Central,7.992,1,0.2,0.5994,0.07500000000000001
CA-2014-133753,2014-06-09,2014-06-13,CW-11905,TEC-AC-10000303,Central,63.984,2,0.2,10.3974,0.16249999999999998
CA-2014-133753,2014-06-09,2014-06-13,CW-11905,OFF-AR-10001953,Central,70.368,2,0.2,6.1572,0.0875
CA-2014-113362,2014-09-14,2014-09-19,AJ-10960,OFF-ST-10001809,East,449.15,5,0.0,8.983,0.020000000000000004
CA-2014-113362,2014-09-14,2014-09-19,AJ-10960,OFF-EN-10003845,East,11.07,3,0.0,5.0922,0.46
CA-2016-169166,2016-05-09,2016-05-14,SS-20590,TEC-AC-10000991,West,93.98,2,0.0,13.1572,0.13999999999999999
US-2016-120929,2016-03-18,2016-03-21,RO-19780,FUR-TA-10001857,South,189.882,3,0.4,-94.941,-0.5
CA-2015-134782,2015-12-27,2015-12-31,MD-17350,OFF-EN-10001434,South,105.42,2,0.0,51.6558,0.49
CA-2016-126158,2016-07-25,2016-07-31,SC-20095,OFF-BI-10002498,West,119.616,8,0.2,40.3704,0.33749999999999997
CA-2016-126158,2016-07-25,2016-07-31,SC-20095,FUR-FU-10004864,West,255.76,4,0.0,81.8432,0.32
CA-2016-126158,2016-07-25,2016-07-31,SC-20095,FUR-CH-10002602,West,241.568,2,0.2,18.1176,0.075
CA-2016-126158,2016-07-25,2016-07-31,SC-20095,FUR-FU-10000073,West,69.3,9,0.0,22.869,0.33
US-2016-105578,2016-05-30,2016-06-04,MY-17380,OFF-BI-10001670,West,22.62,2,0.7,-15.08,-0.6666666666666666
US-2016-105578,2016-05-30,2016-06-04,MY-17380,OFF-BI-10001658,West,14.952,2,0.7,-11.9616,-0.8
US-2016-105578,2016-05-30,2016-06-04,MY-17380,FUR-CH-10001215,West,801.568,2,0.2,50.098,0.0625
US-2016-105578,2016-05-30,2016-06-04,MY-17380,OFF-BI-10000831,West,2.376,3,0.7,-1.9008,-0.8
US-2016-105578,2016-05-30,2016-06-04,MY-17380,OFF-PA-10000357,West,32.792,1,0.2,11.8871,0.3625
CA-2017-134978,2017-11-12,2017-11-15,EB-13705,OFF-BI-10003274,East,15.92,5,0.2,5.373,0.3375
CA-2015-145352,2015-03-16,2015-03-22,CM-12385,OFF-AR-10001662,South,2.74,1,0.0,0.7398,0.26999999999999996
CA-2015-145352,2015-03-16,2015-03-22,CM-12385,OFF-AR-10003856,South,8.34,3,0.0,2.1684,0.26
CA-2015-145352,2015-03-16,2015-03-22,CM-12385,OFF-ST-10001228,South,46.74,3,0.0,11.685,0.25
CA-2015-145352,2015-03-16,2015-03-22,CM-12385,OFF-BI-10003527,South,6354.95,5,0.0,3177.475,0.5
CA-2017-135307,2017-11-26,2017-11-27,LS-17245,FUR-FU-10001290,Central,126.3,3,0.0,40.416,0.32
CA-2017-135307,2017-11-26,2017-11-27,LS-17245,TEC-AC-10002399,Central,38.04,2,0.0,12.1728,0.32
CA-2016-106341,2016-10-20,2016-10-23,LF-17185,OFF-AR-10002053,East,7.152,3,0.2,0.7152,0.09999999999999999
CA-2017-163405,2017-12-21,2017-12-25,BN-11515,OFF-AR-10003811,West,6.63,3,0.0,1.7901,0.27
CA-2017-163405,2017-12-21,2017-12-25,BN-11515,OFF-AR-10001246,West,5.88,2,0.0,1.7052,0.29000000000000004
CA-2017-127432,2017-01-22,2017-01-27,AD-10180,TEC-CO-10003236,West,2999.95,5,0.0,1379.977,0.4600000000000001
CA-2017-127432,2017-01-22,2017-01-27,AD-10180,OFF-ST-10004507,West,51.45,3,0.0,13.8915,0.27
CA-2017-127432,2017-01-22,2017-01-27,AD-10180,OFF-PA-10001667,West,11.96,2,0.0,5.382,0.44999999999999996
CA-2017-127432,2017-01-22,2017-01-27,AD-10180,OFF-ST-10004459,West,1126.02,3,0.0,56.301,0.05
CA-2015-157812,2015-03-22,2015-03-26,DB-13210,TEC-AC-10000171,Central,18.392,1,0.2,5.2877,0.28750000000000003
CA-2015-157812,2015-03-22,2015-03-26,DB-13210,OFF-ST-10000736,Central,129.568,2,0.2,-25.9136,-0.19999999999999998
CA-2015-157812,2015-03-22,2015-03-26,DB-13210,OFF-BI-10000285,Central,14.112,9,0.8,-21.168,-1.5
CA-2017-145142,2017-01-23,2017-01-25,MC-17605,FUR-TA-10001857,Central,210.98,2,0.0,21.098,0.1
US-2016-139486,2016-05-21,2016-05-23,LH-17155,TEC-PH-10003555,West,55.176,3,0.2,-12.4146,-0.225
US-2016-139486,2016-05-21,2016-05-23,LH-17155,TEC-AC-10003832,West,66.26,2,0.0,27.1666,0.41
CA-2015-158792,2015-12-26,2016-01-02,BD-11605,OFF-FA-10002815,East,22.2,5,0.0,10.434,0.47
CA-2017-113558,2017-10-21,2017-10-26,PH-18790,FUR-CH-10003379,South,683.952,3,0.2,42.747,0.0625
CA-2017-113558,2017-10-21,2017-10-26,PH-18790,FUR-FU-10001756,South,45.696,3,0.2,5.1408,0.1125
US-2015-138303,2015-09-03,2015-09-07,MG-18145,OFF-ST-10004963,East,36.336,3,0.2,-7.2672,-0.2
US-2015-138303,2015-09-03,2015-09-07,MG-18145,OFF-SU-10002881,East,666.248,1,0.2,-149.9058,-0.22499999999999998
US-2015-138303,2015-09-03,2015-09-07,MG-18145,OFF-EN-10001335,East,52.512,6,0.2,19.692,0.375
CA-2015-102848,2015-11-07,2015-11-09,KB-16240,FUR-CH-10000595,West,190.72,1,0.2,11.92,0.0625
US-2017-129441,2017-09-07,2017-09-11,JC-15340,FUR-FU-10000448,West,47.94,3,0.0,2.397,0.049999999999999996
CA-2016-168753,2016-05-29,2016-06-01,RL-19615,TEC-PH-10000984,South,979.95,5,0.0,274.386,0.28
CA-2016-168753,2016-05-29,2016-06-01,RL-19615,OFF-BI-10002557,South,22.75,5,0.0,11.375,0.5
CA-2016-126613,2016-07-10,2016-07-16,AA-10375,OFF-ST-10001325,West,16.768,2,0.2,1.4672,0.0875
US-2017-122637,2017-09-03,2017-09-08,EP-13915,OFF-BI-10002429,Central,42.616,7,0.8,-68.1856,-1.5999999999999999
CA-2015-147851,2015-12-03,2015-12-08,MP-17470,OFF-BI-10004528,East,10.752,4,0.2,3.36,0.31249999999999994
CA-2015-134894,2015-12-07,2015-12-11,DK-12985,OFF-AP-10001271,South,152.94,3,0.0,41.2938,0.26999999999999996
CA-2015-134894,2015-12-07,2015-12-11,DK-12985,FUR-CH-10002647,South,283.92,4,0.0,70.98,0.25
CA-2014-140795,2014-02-01,2014-02-03,BD-11500,TEC-AC-10001432,Central,468.9,6,0.0,206.316,0.44
CA-2016-136924,2016-07-14,2016-07-17,ES-14080,TEC-PH-10002262,West,380.864,8,0.2,38.0864,0.1
US-2015-120161,2015-12-18,2015-12-23,LM-17065,OFF-ST-10001809,East,646.776,9,0.2,-145.5246,-0.225
CA-2014-103849,2014-05-11,2014-05-16,PG-18895,TEC-AC-10001465,Central,58.112,2,0.2,7.264,0.125
CA-2014-103849,2014-05-11,2014-05-16,PG-18895,TEC-PH-10002597,Central,100.792,1,0.2,6.2995,0.0625
CA-2014-103849,2014-05-11,2014-05-16,PG-18895,FUR-FU-10000723,Central,66.112,4,0.6,-84.2928,-1.2750000000000001
CA-2017-162929,2017-11-19,2017-11-22,AS-10135,OFF-BI-10000404,East,41.28,6,0.2,13.932,0.3375
CA-2017-162929,2017-11-19,2017-11-22,AS-10135,OFF-PA-10002986,East,13.36,2,0.0,6.4128,0.48
CA-2015-113173,2015-11-15,2015-11-17,DK-13225,OFF-ST-10000604,Central,250.272,9,0.2,15.642,0.0625
CA-2015-113173,2015-11-15,2015-11-17,DK-13225,OFF-BI-10004738,Central,11.364,3,0.8,-17.046,-1.4999999999999998
CA-2015-113173,2015-11-15,2015-11-17,DK-13225,OFF-SU-10001935,Central,8.72,5,0.2,-1.744,-0.19999999999999998
CA-2016-136406,2016-04-15,2016-04-17,BD-11320,FUR-CH-10002024,West,1121.568,2,0.2,0.0,0.0
CA-2017-112774,2017-09-11,2017-09-12,RC-19960,FUR-FU-10003039,South,34.504,1,0.2,6.0382,0.17500000000000002
CA-2017-101945,2017-11-24,2017-11-28,GT-14710,OFF-FA-10004248,Central,10.824,3,0.2,2.5707,0.2375
CA-2017-100650,2017-06-29,2017-07-03,DK-13225,OFF-ST-10001780,West,1295.78,2,0.0,310.9872,0.24
CA-2014-155852,2014-03-03,2014-03-07,AJ-10945,OFF-AR-10003560,South,19.456,4,0.2,3.4048,0.175
CA-2016-113243,2016-06-10,2016-06-15,OT-18730,OFF-LA-10001297,West,20.7,2,0.0,9.936,0.48000000000000004
CA-2016-113243,2016-06-10,2016-06-15,OT-18730,FUR-TA-10004256,West,1335.68,4,0.2,-217.048,-0.1625
CA-2016-113243,2016-06-10,2016-06-15,OT-18730,OFF-PA-10003441,West,32.4,5,0.0,15.552,0.48
CA-2017-118731,2017-11-20,2017-11-22,LP-17080,FUR-FU-10003347,West,42.6,3,0.0,16.614,0.39
CA-2017-118731,2017-11-20,2017-11-22,LP-17080,OFF-BI-10000069,West,84.056,7,0.2,27.3182,0.325
CA-2014-145576,2014-09-14,2014-09-18,CA-12775,OFF-AP-10003914,South,13.0,5,0.2,1.3,0.1
CA-2014-145576,2014-09-14,2014-09-18,CA-12775,FUR-FU-10004020,South,13.128,3,0.2,3.7743,0.28750000000000003
CA-2015-130736,2015-12-07,2015-12-09,JF-15490,OFF-FA-10003467,West,3.96,2,0.0,0.0,0.0
CA-2015-130736,2015-12-07,2015-12-09,JF-15490,OFF-LA-10000634,West,2.61,1,0.0,1.2006,0.45999999999999996
CA-2017-137099,2017-12-07,2017-12-10,FP-14320,TEC-PH-10002496,West,374.376,3,0.2,46.797,0.125
CA-2017-156951,2017-10-01,2017-10-08,EB-13840,OFF-PA-10004530,West,91.84,8,0.0,45.0016,0.49
CA-2017-156951,2017-10-01,2017-10-08,EB-13840,OFF-BI-10001107,West,81.088,7,0.2,27.3672,0.3375
CA-2017-156951,2017-10-01,2017-10-08,EB-13840,OFF-PA-10004451,West,19.44,3,0.0,9.3312,0.48000000000000004
CA-2017-156951,2017-10-01,2017-10-08,EB-13840,FUR-CH-10004997,West,451.152,3,0.2,0.0,0.0
CA-2017-164826,2017-12-28,2018-01-04,JF-15415,OFF-LA-10001297,East,72.45,7,0.0,34.776,0.48000000000000004
CA-2017-164826,2017-12-28,2018-01-04,JF-15415,OFF-FA-10000585,East,13.96,4,0.0,6.4216,0.45999999999999996
CA-2017-164826,2017-12-28,2018-01-04,JF-15415,OFF-BI-10001922,East,33.264,7,0.2,11.2266,0.33749999999999997
CA-2017-164826,2017-12-28,2018-01-04,JF-15415,TEC-PH-10000347,East,14.85,3,0.0,4.0095,0.27
CA-2016-127250,2016-11-03,2016-11-07,SF-20200,OFF-AR-10003394,West,8.82,3,0.0,2.3814,0.27
CA-2015-149713,2015-09-18,2015-09-22,TG-21640,OFF-PA-10004530,West,160.72,14,0.0,78.7528,0.48999999999999994
CA-2015-149713,2015-09-18,2015-09-22,TG-21640,OFF-PA-10001450,West,19.92,4,0.0,9.7608,0.48999999999999994
CA-2015-149713,2015-09-18,2015-09-22,TG-21640,OFF-SU-10001574,West,7.3,2,0.0,2.19,0.3
CA-2017-118640,2017-07-20,2017-07-26,CS-11950,OFF-ST-10002974,Central,69.712,2,0.2,8.714,0.125
CA-2017-118640,2017-07-20,2017-07-26,CS-11950,FUR-FU-10001475,Central,8.792,1,0.6,-5.7148,-0.65
CA-2015-132906,2015-09-10,2015-09-14,CC-12145,OFF-SU-10004498,West,51.52,4,0.0,1.5456,0.03
CA-2017-145233,2017-12-01,2017-12-05,DV-13465,TEC-PH-10004977,West,470.376,3,0.2,52.9173,0.1125
CA-2017-145233,2017-12-01,2017-12-05,DV-13465,TEC-PH-10000586,West,105.584,2,0.2,9.2386,0.0875
CA-2017-145233,2017-12-01,2017-12-05,DV-13465,OFF-AP-10000358,West,31.152,3,0.2,3.5046,0.11249999999999999
CA-2017-145233,2017-12-01,2017-12-05,DV-13465,OFF-BI-10002764,West,6.783,7,0.7,-4.7481,-0.7
CA-2017-145233,2017-12-01,2017-12-05,DV-13465,TEC-PH-10001254,West,406.368,4,0.2,30.4776,0.075
CA-2015-128139,2015-07-03,2015-07-09,BD-11725,FUR-CH-10003956,South,70.98,1,0.0,4.9686,0.07
CA-2015-128139,2015-07-03,2015-07-09,BD-11725,OFF-LA-10003930,South,294.93,3,0.0,144.5157,0.49000000000000005
US-2016-156986,2016-03-20,2016-03-24,ZC-21910,TEC-PH-10003800,West,84.784,2,0.2,-20.1362,-0.23749999999999996
US-2016-156986,2016-03-20,2016-03-24,ZC-21910,OFF-PA-10002005,West,20.736,4,0.2,7.2576,0.35
US-2016-156986,2016-03-20,2016-03-24,ZC-21910,OFF-BI-10002498,West,16.821,3,0.7,-12.8961,-0.7666666666666666
US-2016-156986,2016-03-20,2016-03-24,ZC-21910,OFF-PA-10004101,West,10.368,2,0.2,3.6288,0.35
CA-2014-135405,2014-01-09,2014-01-13,MS-17830,OFF-AR-10004078,Central,9.344,2,0.2,1.168,0.125
CA-2014-135405,2014-01-09,2014-01-13,MS-17830,TEC-AC-10001266,Central,31.2,3,0.2,9.75,0.3125
CA-2014-131450,2014-08-08,2014-08-15,LR-16915,OFF-AP-10004708,West,76.12,2,0.0,22.0748,0.29
CA-2014-131450,2014-08-08,2014-08-15,LR-16915,TEC-CO-10004115,West,1199.976,3,0.2,434.9913,0.3625
CA-2014-131450,2014-08-08,2014-08-15,LR-16915,TEC-PH-10002398,West,445.96,5,0.2,55.745,0.125
CA-2014-131450,2014-08-08,2014-08-15,LR-16915,FUR-FU-10001979,West,327.76,8,0.0,91.7728,0.28
CA-2016-120180,2016-07-14,2016-07-16,TP-21130,OFF-SU-10004115,East,11.632,2,0.2,1.0178,0.08750000000000001
US-2016-100720,2016-07-16,2016-07-21,CK-12205,TEC-PH-10001425,East,143.982,3,0.4,-28.7964,-0.19999999999999998
US-2016-100720,2016-07-16,2016-07-21,CK-12205,TEC-PH-10003963,East,494.376,4,0.4,-115.3544,-0.23333333333333334
US-2016-100720,2016-07-16,2016-07-21,CK-12205,OFF-SU-10001574,East,5.84,2,0.2,0.73,0.125
CA-2014-149958,2014-03-15,2014-03-19,AS-10240,OFF-ST-10001490,South,142.776,1,0.2,17.847,0.125
CA-2014-149958,2014-03-15,2014-03-19,AS-10240,FUR-FU-10001756,South,45.696,3,0.2,5.1408,0.1125
CA-2014-149958,2014-03-15,2014-03-19,AS-10240,OFF-BI-10000773,South,7.218,3,0.7,-5.5338,-0.7666666666666667
CA-2014-149958,2014-03-15,2014-03-19,AS-10240,OFF-BI-10001543,South,43.188,4,0.7,-31.6712,-0.7333333333333333
CA-2014-149958,2014-03-15,2014-03-19,AS-10240,OFF-PA-10002120,South,131.904,3,0.2,47.8152,0.3625
US-2014-105767,2014-05-23,2014-05-27,AR-10510,OFF-BI-10000848,East,3.282,2,0.7,-2.6256,-0.7999999999999999
US-2014-105767,2014-05-23,2014-05-27,AR-10510,OFF-AR-10001246,East,21.168,9,0.2,2.3814,0.11250000000000002
US-2014-105767,2014-05-23,2014-05-27,AR-10510,TEC-PH-10003092,East,55.188,2,0.4,-10.1178,-0.18333333333333335
CA-2016-161816,2016-04-28,2016-05-01,NB-18655,TEC-PH-10003012,Central,369.576,3,0.2,41.5773,0.1125
CA-2016-161816,2016-04-28,2016-05-01,NB-18655,OFF-LA-10004345,Central,15.712,4,0.2,5.6956,0.3625
CA-2016-121223,2016-09-11,2016-09-13,GD-14590,OFF-PA-10001204,East,8.448,2,0.2,2.64,0.3125
CA-2016-121223,2016-09-11,2016-09-13,GD-14590,TEC-PH-10004667,East,728.946,9,0.4,-157.9383,-0.21666666666666665
CA-2017-138611,2017-11-14,2017-11-17,CK-12595,TEC-PH-10000011,East,119.94,10,0.4,15.992,0.13333333333333333
CA-2017-138611,2017-11-14,2017-11-17,CK-12595,OFF-BI-10002949,East,3.648,2,0.7,-2.7968,-0.7666666666666667
CA-2017-117947,2017-08-18,2017-08-23,NG-18355,FUR-FU-10003849,East,40.48,2,0.0,15.7872,0.39
CA-2017-117947,2017-08-18,2017-08-23,NG-18355,FUR-FU-10000010,East,9.94,2,0.0,3.0814,0.31
CA-2017-117947,2017-08-18,2017-08-23,NG-18355,OFF-BI-10002824,East,107.424,9,0.2,33.57,0.3125
CA-2017-117947,2017-08-18,2017-08-23,NG-18355,TEC-PH-10002538,East,37.91,1,0.0,10.9939,0.29000000000000004
CA-2017-117947,2017-08-18,2017-08-23,NG-18355,FUR-FU-10000521,East,88.02,3,0.0,27.2862,0.31
US-2014-111171,2014-12-26,2014-12-31,CA-12265,OFF-BI-10002103,Central,8.69,5,0.8,-14.773,-1.7
CA-2015-138009,2015-11-29,2015-12-03,SF-20965,FUR-CH-10004853,Central,301.96,2,0.0,87.5684,0.29000000000000004
CA-2015-138009,2015-11-29,2015-12-03,SF-20965,OFF-AP-10000179,Central,555.21,5,0.1,178.901,0.32222222222222224
CA-2015-138009,2015-11-29,2015-12-03,SF-20965,OFF-ST-10001272,Central,523.48,4,0.0,130.87,0.25
CA-2015-138009,2015-11-29,2015-12-03,SF-20965,OFF-AR-10004042,Central,161.82,9,0.0,46.9278,0.29
CA-2017-163020,2017-09-15,2017-09-19,MO-17800,FUR-FU-10000221,East,35.56,7,0.0,12.0904,0.34
CA-2017-153787,2017-05-19,2017-05-23,AT-10735,OFF-AP-10001563,West,97.16,2,0.0,28.1764,0.29000000000000004
CA-2017-133431,2017-12-17,2017-12-21,LC-17140,OFF-BI-10000605,West,15.24,5,0.2,5.1435,0.3375
CA-2017-133431,2017-12-17,2017-12-21,LC-17140,OFF-PA-10002615,West,13.23,3,0.0,6.0858,0.45999999999999996
US-2016-135720,2016-12-11,2016-12-13,FM-14380,OFF-ST-10001963,West,243.384,3,0.2,-51.7191,-0.2125
US-2016-135720,2016-12-11,2016-12-13,FM-14380,TEC-AC-10001267,West,119.8,5,0.2,29.95,0.25
US-2016-135720,2016-12-11,2016-12-13,FM-14380,TEC-PH-10002103,West,300.768,4,0.2,30.0768,0.1
CA-2017-144694,2017-09-24,2017-09-26,BD-11605,TEC-AC-10002857,South,17.88,3,0.2,2.4585,0.1375
CA-2017-144694,2017-09-24,2017-09-26,BD-11605,OFF-LA-10003930,South,235.944,3,0.2,85.5297,0.36250000000000004
CA-2015-168004,2015-10-04,2015-10-09,DJ-13420,FUR-CH-10001482,South,392.94,3,0.0,43.2234,0.11
US-2016-123470,2016-08-15,2016-08-21,ME-17725,OFF-BI-10001989,West,18.882,3,0.7,-13.8468,-0.7333333333333333
US-2016-123470,2016-08-15,2016-08-21,ME-17725,OFF-AP-10003287,West,122.328,3,0.2,12.2328,0.09999999999999999
CA-2016-115917,2016-05-20,2016-05-25,RB-19465,FUR-FU-10000576,West,1049.2,5,0.0,272.792,0.25999999999999995
CA-2016-115917,2016-05-20,2016-05-25,RB-19465,OFF-BI-10004728,West,15.424,4,0.2,5.0128,0.325
CA-2016-147067,2016-12-18,2016-12-22,JD-16150,FUR-FU-10000732,Central,18.84,3,0.0,6.0288,0.32
CA-2017-167913,2017-07-30,2017-08-03,JL-15835,OFF-ST-10000585,West,330.4,2,0.0,85.904,0.26
CA-2017-167913,2017-07-30,2017-08-03,JL-15835,OFF-LA-10002787,West,26.25,7,0.0,12.6,0.48
CA-2017-106103,2017-06-10,2017-06-15,SC-20305,TEC-AC-10003832,Central,132.52,4,0.0,54.3332,0.41
US-2017-127719,2017-07-21,2017-07-25,TW-21025,OFF-PA-10001934,East,6.48,1,0.0,3.1752,0.48999999999999994
CA-2017-126221,2017-12-30,2018-01-05,CC-12430,OFF-AP-10002457,Central,209.3,2,0.0,56.511,0.27
CA-2016-103947,2016-04-01,2016-04-08,BB-10990,OFF-FA-10003112,West,31.56,5,0.2,9.8625,0.31250000000000006
CA-2016-103947,2016-04-01,2016-04-08,BB-10990,OFF-AP-10002350,West,30.144,2,0.2,3.0144,0.1
CA-2016-160745,2016-12-11,2016-12-16,AR-10825,FUR-FU-10001935,West,14.8,4,0.0,6.068,0.41
CA-2016-160745,2016-12-11,2016-12-16,AR-10825,TEC-PH-10003273,West,302.376,3,0.2,22.6782,0.07500000000000001
CA-2016-160745,2016-12-11,2016-12-16,AR-10825,TEC-AC-10001142,West,316.0,4,0.0,31.6,0.1
CA-2016-132661,2016-10-23,2016-10-29,SR-20740,OFF-PA-10000482,East,379.4,10,0.0,178.318,0.4700000000000001
CA-2017-140844,2017-06-19,2017-06-23,AR-10405,OFF-PA-10003892,East,97.82,2,0.0,45.9754,0.47000000000000003
CA-2017-140844,2017-06-19,2017-06-23,AR-10405,TEC-AC-10001101,East,103.12,8,0.0,10.312,0.09999999999999999
CA-2016-137239,2016-08-22,2016-08-28,CR-12730,OFF-AP-10002439,East,113.552,2,0.2,8.5164,0.075
CA-2016-137239,2016-08-22,2016-08-28,CR-12730,OFF-BI-10002827,East,3.318,2,0.7,-2.6544,-0.7999999999999999
CA-2016-137239,2016-08-22,2016-08-28,CR-12730,OFF-EN-10002230,East,134.288,2,0.2,45.3222,0.33749999999999997
US-2016-156097,2016-09-19,2016-09-19,EH-14125,FUR-CH-10001215,Central,701.372,2,0.3,-50.098,-0.07142857142857142
US-2016-156097,2016-09-19,2016-09-19,EH-14125,OFF-BI-10004654,Central,2.308,2,0.8,-3.462,-1.5000000000000002
CA-2015-146563,2015-08-24,2015-08-28,CB-12025,OFF-ST-10001490,Central,999.432,7,0.2,124.929,0.125
CA-2015-146563,2015-08-24,2015-08-28,CB-12025,OFF-ST-10001511,Central,724.08,14,0.2,-135.765,-0.18749999999999997
CA-2015-146563,2015-08-24,2015-08-28,CB-12025,FUR-TA-10001768,Central,918.785,5,0.3,-118.1295,-0.12857142857142856
CA-2015-146563,2015-08-24,2015-08-28,CB-12025,OFF-BI-10003981,Central,2.724,3,0.8,-4.2222,-1.5499999999999998
CA-2016-123666,2016-03-26,2016-03-30,SP-20545,OFF-ST-10001522,East,459.95,5,0.0,18.398,0.04
CA-2016-143308,2016-11-04,2016-11-04,RC-19825,OFF-FA-10000621,South,10.74,3,0.0,5.2626,0.49
CA-2017-132682,2017-06-08,2017-06-10,TH-21235,OFF-SU-10004231,Central,23.76,3,0.2,2.079,0.08750000000000001
CA-2017-132682,2017-06-08,2017-06-10,TH-21235,OFF-PA-10000474,Central,85.056,3,0.2,28.7064,0.33749999999999997
CA-2017-132682,2017-06-08,2017-06-10,TH-21235,TEC-PH-10004042,Central,381.576,3,0.2,28.6182,0.075
CA-2014-156314,2014-12-24,2014-12-26,RP-19390,FUR-FU-10003096,East,30.36,5,0.2,8.7285,0.28750000000000003
US-2017-106663,2017-06-09,2017-06-13,MO-17800,FUR-FU-10002759,Central,23.976,3,0.6,-14.3856,-0.6
US-2017-106663,2017-06-09,2017-06-13,MO-17800,FUR-TA-10000688,Central,108.925,1,0.5,-71.8905,-0.66
US-2017-106663,2017-06-09,2017-06-13,MO-17800,OFF-PA-10002377,Central,36.352,8,0.2,11.36,0.3125
CA-2017-111178,2017-06-15,2017-06-22,TD-20995,OFF-AR-10001954,Central,19.56,5,0.2,1.7115,0.08750000000000001
CA-2017-130351,2017-12-05,2017-12-08,RB-19570,OFF-AP-10004532,Central,61.44,3,0.0,16.5888,0.27
CA-2017-130351,2017-12-05,2017-12-08,RB-19570,OFF-PA-10002137,Central,38.9,5,0.0,17.505,0.45
CA-2017-130351,2017-12-05,2017-12-08,RB-19570,TEC-AC-10003832,Central,99.39,3,0.0,40.7499,0.41
US-2017-119438,2017-03-18,2017-03-23,CD-11980,OFF-AP-10000804,Central,2.688,3,0.8,-7.392,-2.75
US-2017-119438,2017-03-18,2017-03-23,CD-11980,TEC-AC-10003614,Central,27.816,3,0.2,4.5201,0.1625
US-2017-119438,2017-03-18,2017-03-23,CD-11980,FUR-FU-10003553,Central,82.524,3,0.6,-41.262,-0.5
US-2017-119438,2017-03-18,2017-03-23,CD-11980,OFF-BI-10004632,Central,182.994,3,0.8,-320.2395,-1.7500000000000002
CA-2016-164511,2016-11-19,2016-11-24,DJ-13630,OFF-BI-10003305,East,14.352,3,0.2,4.6644,0.32499999999999996
CA-2016-164511,2016-11-19,2016-11-24,DJ-13630,OFF-ST-10002583,East,64.96,2,0.0,2.5984,0.04
CA-2016-164511,2016-11-19,2016-11-24,DJ-13630,OFF-ST-10004507,East,68.6,4,0.0,18.522,0.27
US-2017-168116,2017-11-04,2017-11-04,GT-14635,TEC-MA-10004125,South,7999.98,4,0.5,-3839.9904,-0.48000000000000004
US-2017-168116,2017-11-04,2017-11-04,GT-14635,OFF-AP-10002457,South,167.44,2,0.2,14.651,0.0875
CA-2014-157784,2014-07-05,2014-07-08,MC-17845,TEC-AC-10003911,South,479.97,3,0.0,163.1898,0.33999999999999997
CA-2014-157784,2014-07-05,2014-07-08,MC-17845,OFF-LA-10001934,South,14.62,2,0.0,6.8714,0.47000000000000003
CA-2014-157784,2014-07-05,2014-07-08,MC-17845,OFF-PA-10000304,South,19.44,3,0.0,9.3312,0.48000000000000004
CA-2017-161480,2017-12-25,2017-12-29,RA-19285,FUR-BO-10004015,East,191.984,2,0.2,4.7996,0.024999999999999998
US-2014-117135,2014-06-21,2014-06-23,NP-18325,FUR-FU-10004071,South,104.01,1,0.0,14.5614,0.14
US-2014-117135,2014-06-21,2014-06-23,NP-18325,TEC-PH-10002033,South,284.82,1,0.0,74.0532,0.26
US-2014-117135,2014-06-21,2014-06-23,NP-18325,OFF-ST-10002444,South,36.84,3,0.0,10.3152,0.27999999999999997
CA-2015-131534,2015-03-28,2015-04-02,AB-10165,TEC-AC-10002253,West,166.24,1,0.0,24.936,0.15
CA-2015-131534,2015-03-28,2015-04-02,AB-10165,OFF-PA-10000743,West,33.4,5,0.0,16.032,0.48000000000000004
CA-2015-119291,2015-05-14,2015-05-17,JO-15550,OFF-AR-10003373,East,198.272,8,0.2,17.3488,0.08750000000000001
CA-2015-119291,2015-05-14,2015-05-17,JO-15550,OFF-LA-10002312,East,47.36,4,0.2,17.76,0.37500000000000006
CA-2015-119291,2015-05-14,2015-05-17,JO-15550,OFF-EN-10000927,East,200.984,7,0.2,62.8075,0.3125
CA-2015-119291,2015-05-14,2015-05-17,JO-15550,OFF-LA-10003510,East,97.696,4,0.2,31.7512,0.325
CA-2015-119291,2015-05-14,2015-05-17,JO-15550,OFF-AR-10001118,East,2.696,1,0.2,0.8088,0.3
CA-2015-119291,2015-05-14,2015-05-17,JO-15550,OFF-BI-10001575,East,18.588,2,0.7,-13.6312,-0.7333333333333333
CA-2015-119291,2015-05-14,2015-05-17,JO-15550,OFF-BI-10001982,East,4.896,3,0.7,-3.4272,-0.7000000000000001
CA-2017-114552,2017-09-02,2017-09-08,Dl-13600,FUR-FU-10002960,East,15.072,3,0.2,4.1448,0.275
CA-2016-163755,2016-11-04,2016-11-08,AS-10285,FUR-FU-10003394,West,209.88,3,0.0,35.6796,0.17
CA-2015-142027,2015-04-09,2015-04-14,JK-15370,FUR-TA-10002774,West,369.912,3,0.2,-13.8717,-0.037500000000000006
CA-2014-138527,2014-09-12,2014-09-17,BN-11470,OFF-PA-10001800,South,10.368,2,0.2,3.6288,0.35
CA-2014-138527,2014-09-12,2014-09-17,BN-11470,OFF-AP-10001469,South,166.84,5,0.2,18.7695,0.1125
CA-2014-138527,2014-09-12,2014-09-17,BN-11470,TEC-AC-10002399,South,15.216,1,0.2,2.2824,0.15
CA-2014-112158,2014-12-02,2014-12-04,DP-13165,TEC-AC-10003628,East,119.96,4,0.0,52.7824,0.44000000000000006
CA-2014-112158,2014-12-02,2014-12-04,DP-13165,FUR-BO-10003272,East,883.92,5,0.2,-110.49,-0.125
CA-2014-112158,2014-12-02,2014-12-04,DP-13165,OFF-BI-10000050,East,46.72,8,0.2,15.768,0.3375
CA-2014-113887,2014-04-05,2014-04-07,TH-21550,OFF-PA-10004071,East,55.48,1,0.0,26.6304,0.48000000000000004
CA-2017-146136,2017-09-03,2017-09-07,AP-10915,OFF-EN-10001219,South,24.448,4,0.2,8.8624,0.36249999999999993
US-2017-100048,2017-05-19,2017-05-24,RS-19765,OFF-AP-10001154,East,281.34,6,0.0,109.7226,0.39
US-2017-100048,2017-05-19,2017-05-24,RS-19765,TEC-PH-10003012,East,307.98,2,0.0,89.3142,0.29
US-2017-100048,2017-05-19,2017-05-24,RS-19765,TEC-AC-10001606,East,299.97,3,0.0,113.9886,0.38
CA-2014-153150,2014-07-01,2014-07-06,Dl-13600,OFF-BI-10003355,West,19.92,5,0.2,6.972,0.35
CA-2014-130092,2014-01-11,2014-01-14,SV-20365,FUR-FU-10000010,East,9.94,2,0.0,3.0814,0.31
CA-2017-108910,2017-09-24,2017-09-29,KC-16540,FUR-FU-10002253,East,103.056,3,0.2,24.4758,0.2375
CA-2014-104472,2014-06-02,2014-06-07,CK-12325,OFF-BI-10001658,West,59.808,3,0.2,19.4376,0.325
CA-2014-104472,2014-06-02,2014-06-07,CK-12325,FUR-FU-10000246,West,73.32,6,0.0,21.996,0.3
CA-2016-112942,2016-02-13,2016-02-18,RD-19810,OFF-PA-10004092,West,146.82,3,0.0,73.41,0.5
CA-2016-142335,2016-12-15,2016-12-19,MP-17965,FUR-TA-10000198,Central,1652.94,3,0.0,231.4116,0.13999999999999999
CA-2016-142335,2016-12-15,2016-12-19,MP-17965,OFF-ST-10000036,Central,296.37,3,0.0,80.0199,0.27
CA-2014-117429,2014-10-07,2014-10-13,MR-17545,FUR-FU-10000222,East,129.92,5,0.2,21.112,0.1625
CA-2016-114713,2016-07-07,2016-07-12,SC-20695,OFF-SU-10004664,South,45.584,7,0.2,5.1282,0.11249999999999999
CA-2017-144113,2017-09-16,2017-09-20,JF-15355,OFF-EN-10001141,Central,17.568,2,0.2,6.3684,0.3625
CA-2017-144113,2017-09-16,2017-09-20,JF-15355,TEC-PH-10002170,Central,55.992,1,0.2,5.5992,0.1
US-2016-150861,2016-12-03,2016-12-06,EG-13900,OFF-PA-10001954,East,182.72,8,0.0,84.0512,0.45999999999999996
US-2016-150861,2016-12-03,2016-12-06,EG-13900,FUR-TA-10002228,East,400.032,2,0.4,-153.3456,-0.3833333333333333
US-2016-150861,2016-12-03,2016-12-06,EG-13900,OFF-ST-10004634,East,33.63,3,0.0,10.089,0.3
US-2016-150861,2016-12-03,2016-12-06,EG-13900,FUR-CH-10002965,East,542.646,3,0.1,102.4998,0.18888888888888888
US-2016-150861,2016-12-03,2016-12-06,EG-13900,OFF-LA-10001317,East,6.3,2,0.0,3.024,0.48000000000000004
CA-2017-131954,2017-01-21,2017-01-25,DS-13030,OFF-ST-10000736,West,242.94,3,0.0,9.7176,0.039999999999999994
CA-2017-131954,2017-01-21,2017-01-25,DS-13030,TEC-AC-10003610,West,179.97,3,0.0,86.3856,0.48
CA-2017-131954,2017-01-21,2017-01-25,DS-13030,OFF-BI-10003982,West,99.696,6,0.2,33.6474,0.33749999999999997
CA-2017-131954,2017-01-21,2017-01-25,DS-13030,OFF-BI-10003291,West,27.936,4,0.2,9.4284,0.3375
CA-2017-131954,2017-01-21,2017-01-25,DS-13030,FUR-BO-10001619,West,84.98,1,0.0,18.6956,0.21999999999999997
CA-2017-131954,2017-01-21,2017-01-25,DS-13030,OFF-BI-10000138,West,18.72,5,0.2,6.552,0.35
CA-2014-132500,2014-09-08,2014-09-12,GZ-14470,TEC-AC-10001383,West,49.98,2,0.0,8.4966,0.17000000000000004
CA-2014-112326,2014-01-04,2014-01-08,PO-19195,OFF-LA-10003223,Central,11.784,3,0.2,4.2717,0.3625
CA-2014-112326,2014-01-04,2014-01-08,PO-19195,OFF-ST-10002743,Central,272.736,3,0.2,-64.7748,-0.23750000000000002
CA-2014-112326,2014-01-04,2014-01-08,PO-19195,OFF-BI-10004094,Central,3.54,2,0.8,-5.487,-1.55
US-2016-146710,2016-08-27,2016-09-01,SS-20875,OFF-SU-10004498,Central,51.52,5,0.2,-10.948,-0.2125
US-2016-146710,2016-08-27,2016-09-01,SS-20875,OFF-PA-10002615,Central,3.528,1,0.2,1.1466,0.325
US-2016-146710,2016-08-27,2016-09-01,SS-20875,OFF-PA-10004971,Central,4.624,1,0.2,1.6762,0.3625
US-2016-146710,2016-08-27,2016-09-01,SS-20875,OFF-SU-10004261,Central,55.168,4,0.2,6.2064,0.1125
CA-2014-124429,2014-05-27,2014-05-27,MH-17785,FUR-TA-10002607,West,567.12,10,0.2,-28.356,-0.05
CA-2014-124429,2014-05-27,2014-05-27,MH-17785,OFF-ST-10001809,West,359.32,4,0.0,7.1864,0.02
CA-2016-150889,2016-03-20,2016-03-22,PB-19105,TEC-PH-10000004,Central,11.992,1,0.2,0.8994,0.075
CA-2017-126074,2017-10-02,2017-10-06,RF-19735,OFF-BI-10003638,Central,58.05,3,0.0,26.703,0.46
CA-2017-126074,2017-10-02,2017-10-06,RF-19735,FUR-FU-10003577,Central,157.74,11,0.0,56.7864,0.36
CA-2017-126074,2017-10-02,2017-10-06,RF-19735,OFF-AR-10003478,Central,56.98,7,0.0,22.792,0.4
CA-2017-126074,2017-10-02,2017-10-06,RF-19735,OFF-BI-10000546,Central,2.88,1,0.0,1.4112,0.49000000000000005
CA-2016-110499,2016-04-07,2016-04-09,YC-21895,TEC-CO-10002095,West,1199.976,3,0.2,374.9925,0.3125
CA-2015-135272,2015-12-07,2015-12-12,MS-17830,FUR-FU-10002759,West,79.92,4,0.0,28.7712,0.36
CA-2016-140928,2016-09-18,2016-09-22,NB-18655,FUR-TA-10001095,South,383.438,4,0.45,-167.3184,-0.43636363636363634
CA-2014-106803,2014-12-29,2015-01-02,DC-13285,OFF-ST-10002444,Central,24.56,2,0.0,6.8768,0.28
CA-2014-106803,2014-12-29,2015-01-02,DC-13285,TEC-AC-10001267,Central,119.8,4,0.0,47.92,0.4
CA-2017-117240,2017-07-23,2017-07-28,CP-12340,OFF-BI-10000848,East,13.128,3,0.2,4.2666,0.325
CA-2017-133333,2017-09-18,2017-09-22,BF-11020,OFF-PA-10002377,Central,22.72,4,0.0,10.224,0.45
CA-2015-112319,2015-08-31,2015-09-05,AR-10510,OFF-PA-10003441,West,58.32,9,0.0,27.9936,0.48
CA-2017-126046,2017-11-03,2017-11-07,JC-16105,OFF-LA-10004484,South,12.39,3,0.0,5.6994,0.45999999999999996
CA-2015-114923,2015-02-08,2015-02-13,LH-17020,TEC-PH-10003931,East,107.982,3,0.4,-26.9955,-0.25
CA-2014-162775,2014-01-13,2014-01-15,CS-12250,OFF-EN-10001990,South,11.36,2,0.0,5.3392,0.47000000000000003
CA-2014-162775,2014-01-13,2014-01-15,CS-12250,OFF-EN-10001532,South,50.94,3,0.0,25.47,0.5
CA-2014-162775,2014-01-13,2014-01-15,CS-12250,TEC-AC-10003174,South,646.74,6,0.0,258.696,0.4
CA-2014-162775,2014-01-13,2014-01-15,CS-12250,OFF-BI-10004187,South,5.64,3,0.0,2.7072,0.48
CA-2014-162775,2014-01-13,2014-01-15,CS-12250,OFF-ST-10000025,South,572.58,6,0.0,34.3548,0.05999999999999999
CA-2014-106810,2014-05-14,2014-05-20,AJ-10795,FUR-FU-10004306,South,310.88,2,0.2,23.316,0.075
CA-2016-157245,2016-05-19,2016-05-24,LE-16810,FUR-CH-10003746,South,641.96,2,0.0,179.7488,0.27999999999999997
CA-2017-104220,2017-01-30,2017-02-05,BV-11245,OFF-BI-10001036,Central,18.28,2,0.0,9.14,0.5
CA-2017-104220,2017-01-30,2017-02-05,BV-11245,TEC-PH-10004614,Central,207.0,3,0.0,51.75,0.25
CA-2017-104220,2017-01-30,2017-02-05,BV-11245,OFF-BI-10000301,Central,32.35,5,0.0,16.175,0.5
CA-2017-104220,2017-01-30,2017-02-05,BV-11245,OFF-BI-10003910,Central,7.71,1,0.0,3.4695,0.45
CA-2017-104220,2017-01-30,2017-02-05,BV-11245,OFF-AR-10004648,Central,40.3,2,0.0,10.881,0.27
CA-2017-104220,2017-01-30,2017-02-05,BV-11245,FUR-FU-10002597,Central,34.58,7,0.0,14.5236,0.42000000000000004
CA-2014-165974,2014-06-29,2014-07-06,DL-12865,OFF-AR-10003405,East,32.76,7,0.2,3.6855,0.11250000000000002
CA-2015-144267,2015-08-21,2015-08-23,NZ-18565,FUR-CH-10002335,West,544.008,3,0.2,40.8006,0.075
CA-2015-144267,2015-08-21,2015-08-23,NZ-18565,OFF-PA-10000157,West,59.94,3,0.0,28.1718,0.47000000000000003
CA-2015-144267,2015-08-21,2015-08-23,NZ-18565,OFF-PA-10001947,West,23.92,4,0.0,11.7208,0.49
CA-2015-144267,2015-08-21,2015-08-23,NZ-18565,OFF-PA-10003657,West,4.28,1,0.0,1.926,0.44999999999999996
US-2015-157014,2015-10-03,2015-10-06,BM-11785,OFF-BI-10001098,East,32.07,5,0.7,-22.449,-0.7000000000000001
US-2015-157014,2015-10-03,2015-10-06,BM-11785,TEC-AC-10002167,East,24.0,2,0.2,-2.7,-0.1125
US-2015-157014,2015-10-03,2015-10-06,BM-11785,FUR-BO-10004409,East,35.49,1,0.5,-15.6156,-0.44
US-2015-157014,2015-10-03,2015-10-06,BM-11785,TEC-AC-10000057,East,47.984,2,0.2,0.5998,0.012499999999999999
CA-2015-154921,2015-05-23,2015-05-28,EA-14035,OFF-EN-10000056,South,186.69,3,0.0,87.7443,0.47
CA-2017-129567,2017-03-17,2017-03-21,CL-12565,OFF-BI-10000014,West,17.456,2,0.2,5.8914,0.3375
CA-2015-154620,2015-12-12,2015-12-16,LT-17110,FUR-CH-10004675,West,348.928,2,0.2,34.8928,0.1
CA-2015-115938,2015-06-26,2015-06-30,SA-20830,OFF-BI-10001543,South,143.96,4,0.0,69.1008,0.48000000000000004
CA-2015-115938,2015-06-26,2015-06-30,SA-20830,OFF-ST-10001321,South,15.42,1,0.0,4.1634,0.27
CA-2015-115938,2015-06-26,2015-06-30,SA-20830,OFF-BI-10001132,South,43.04,8,0.0,21.0896,0.49000000000000005
CA-2015-115938,2015-06-26,2015-06-30,SA-20830,FUR-CH-10003199,South,332.94,3,0.0,79.9056,0.24000000000000002
CA-2016-105256,2016-05-20,2016-05-20,JK-15730,TEC-PH-10001530,South,1363.96,5,0.2,85.2475,0.0625
CA-2014-156433,2014-09-20,2014-09-26,ES-14020,OFF-LA-10001569,West,9.96,2,0.0,4.5816,0.45999999999999996
CA-2014-156433,2014-09-20,2014-09-26,ES-14020,OFF-PA-10003724,West,21.72,4,0.0,10.6428,0.49
CA-2017-151428,2017-09-21,2017-09-26,RH-19495,OFF-BI-10000546,Central,20.16,7,0.0,9.8784,0.48999999999999994
CA-2015-124653,2015-12-24,2015-12-26,DB-13120,OFF-PA-10000176,East,132.79,7,0.0,63.7392,0.48
CA-2015-124653,2015-12-24,2015-12-26,DB-13120,OFF-PA-10002365,East,12.96,2,0.0,6.2208,0.4799999999999999
CA-2015-124653,2015-12-24,2015-12-26,DB-13120,OFF-LA-10002271,East,21.56,7,0.0,10.3488,0.48000000000000004
CA-2015-101910,2015-11-27,2015-12-03,CD-11920,FUR-CH-10002647,West,283.92,5,0.2,17.745,0.0625
CA-2017-105809,2017-02-20,2017-02-23,HW-14935,FUR-FU-10004090,West,22.23,1,0.0,7.3359,0.32999999999999996
CA-2017-105809,2017-02-20,2017-02-23,HW-14935,TEC-PH-10001580,West,215.968,2,0.2,18.8972,0.08750000000000001
CA-2016-136133,2016-08-18,2016-08-23,HW-14935,OFF-AP-10000576,East,355.32,9,0.0,99.4896,0.27999999999999997
CA-2016-115504,2016-03-12,2016-03-17,MC-18130,OFF-PA-10003953,South,12.96,2,0.0,6.2208,0.4799999999999999
CA-2017-135783,2017-04-22,2017-04-24,GM-14440,FUR-FU-10000794,West,18.28,2,0.0,6.2152,0.33999999999999997
CA-2014-134313,2014-11-01,2014-11-07,RA-19915,OFF-AR-10001897,West,43.176,3,0.2,4.3176,0.09999999999999999
CA-2014-134313,2014-11-01,2014-11-07,RA-19915,TEC-PH-10001795,West,1983.968,4,0.2,247.996,0.125
CA-2015-140921,2015-02-03,2015-02-05,AA-10375,FUR-FU-10003347,Central,28.4,2,0.0,11.076,0.39
CA-2015-140921,2015-02-03,2015-02-05,AA-10375,TEC-AC-10004901,Central,149.97,3,0.0,50.9898,0.34
CA-2014-151995,2014-10-13,2014-10-15,ZC-21910,OFF-AR-10003190,West,11.52,4,0.0,3.2256,0.28
CA-2014-151995,2014-10-13,2014-10-15,ZC-21910,FUR-TA-10002903,West,1298.55,5,0.0,311.652,0.24
CA-2014-151995,2014-10-13,2014-10-15,ZC-21910,OFF-AP-10000240,West,213.92,4,0.0,62.0368,0.29000000000000004
CA-2014-151995,2014-10-13,2014-10-15,ZC-21910,TEC-AC-10001101,West,25.78,2,0.0,2.578,0.09999999999999999
CA-2017-143686,2017-05-14,2017-05-14,PJ-19015,FUR-FU-10000794,West,18.28,2,0.0,6.2152,0.33999999999999997
CA-2017-143686,2017-05-14,2017-05-14,PJ-19015,TEC-AC-10001838,West,1399.93,7,0.0,601.9699,0.43
CA-2015-106565,2015-03-20,2015-03-23,BW-11110,OFF-PA-10000061,Central,51.84,8,0.0,24.8832,0.4799999999999999
CA-2016-149370,2016-09-15,2016-09-19,DB-13210,OFF-PA-10003651,East,5.344,1,0.2,1.8704,0.35
CA-2014-140858,2014-06-28,2014-07-02,CA-12775,OFF-PA-10000304,East,41.472,8,0.2,14.5152,0.35
CA-2014-140858,2014-06-28,2014-07-02,CA-12775,OFF-BI-10003094,East,3.168,3,0.7,-2.4288,-0.7666666666666666
CA-2014-140858,2014-06-28,2014-07-02,CA-12775,FUR-CH-10001394,East,1228.465,5,0.3,0.0,0.0
CA-2014-140858,2014-06-28,2014-07-02,CA-12775,OFF-BI-10004230,East,31.086,3,0.7,-22.7964,-0.7333333333333333
CA-2014-140858,2014-06-28,2014-07-02,CA-12775,OFF-PA-10003395,East,335.52,4,0.2,117.432,0.35000000000000003
CA-2017-101434,2017-06-20,2017-06-27,TR-21325,TEC-AC-10002402,East,239.97,3,0.0,71.991,0.3
CA-2017-101434,2017-06-20,2017-06-27,TR-21325,OFF-LA-10003223,East,9.82,2,0.0,4.8118,0.49
US-2014-102071,2014-05-09,2014-05-15,PG-18820,TEC-AC-10003441,West,67.8,4,0.0,4.068,0.06
US-2014-102071,2014-05-09,2014-05-15,PG-18820,TEC-AC-10000109,West,167.97,3,0.0,40.3128,0.24000000000000002
CA-2017-126956,2017-08-21,2017-08-28,GT-14710,OFF-FA-10002280,Central,35.0,7,0.0,16.8,0.48000000000000004
CA-2017-126956,2017-08-21,2017-08-28,GT-14710,OFF-SU-10000381,Central,37.24,4,0.0,10.7996,0.29
CA-2017-126956,2017-08-21,2017-08-28,GT-14710,OFF-EN-10004459,Central,15.28,2,0.0,7.4872,0.49
CA-2017-129462,2017-06-16,2017-06-21,JE-15745,FUR-CH-10000665,South,301.96,2,0.0,90.588,0.3
CA-2017-129462,2017-06-16,2017-06-21,JE-15745,OFF-AP-10003884,South,180.66,3,0.0,50.5848,0.28
CA-2017-129462,2017-06-16,2017-06-21,JE-15745,TEC-PH-10001557,South,191.98,2,0.0,51.8346,0.27
CA-2017-129462,2017-06-16,2017-06-21,JE-15745,TEC-PH-10002085,South,65.99,1,0.0,17.1574,0.26
CA-2016-165316,2016-07-23,2016-07-27,JB-15400,OFF-AR-10002956,South,35.216,2,0.2,2.6412,0.075
CA-2016-165316,2016-07-23,2016-07-27,JB-15400,OFF-AP-10003266,South,23.696,2,0.2,6.5164,0.27499999999999997
CA-2016-165316,2016-07-23,2016-07-27,JB-15400,TEC-MA-10004002,South,265.475,1,0.5,-111.4995,-0.41999999999999993
US-2014-115987,2014-09-08,2014-09-13,LH-17020,OFF-BI-10001071,Central,51.184,4,0.8,-79.3352,-1.55
US-2017-156083,2017-11-04,2017-11-11,JL-15175,OFF-PA-10001560,South,9.664,2,0.2,3.2616,0.3375
US-2016-137547,2016-03-07,2016-03-12,EB-13705,TEC-PH-10002365,Central,21.072,3,0.2,1.5804,0.07500000000000001
CA-2015-100454,2015-11-20,2015-11-25,BM-11650,OFF-AR-10004648,East,60.45,3,0.0,16.3215,0.27
CA-2015-100454,2015-11-20,2015-11-25,BM-11650,OFF-AR-10002578,East,11.52,4,0.0,3.3408,0.29000000000000004
CA-2015-100454,2015-11-20,2015-11-25,BM-11650,FUR-BO-10001519,East,186.048,4,0.2,9.3024,0.05
CA-2016-161669,2016-11-07,2016-11-09,EM-14095,OFF-BI-10001294,West,37.44,4,0.2,11.7,0.3125
CA-2016-161669,2016-11-07,2016-11-09,EM-14095,OFF-BI-10001636,West,26.976,4,0.2,8.7672,0.32500000000000007
CA-2016-161669,2016-11-07,2016-11-09,EM-14095,OFF-SU-10002503,West,11.36,2,0.0,3.2944,0.29000000000000004
CA-2016-161669,2016-11-07,2016-11-09,EM-14095,OFF-LA-10004093,West,14.62,2,0.0,6.8714,0.47000000000000003
CA-2015-114300,2015-10-13,2015-10-17,AF-10885,TEC-PH-10001552,South,83.72,7,0.0,23.4416,0.28
CA-2015-114300,2015-10-13,2015-10-17,AF-10885,FUR-CH-10001891,South,287.94,3,0.0,77.7438,0.26999999999999996
CA-2017-107503,2017-01-01,2017-01-06,GA-14725,FUR-FU-10003878,East,48.896,4,0.2,8.5568,0.17500000000000002
CA-2014-107755,2014-02-07,2014-02-12,CK-12760,TEC-AC-10000710,East,115.36,7,0.0,49.6048,0.43
CA-2016-152534,2016-06-20,2016-06-25,DP-13105,OFF-AR-10002335,West,5.16,2,0.0,1.3416,0.25999999999999995
CA-2016-152534,2016-06-20,2016-06-25,DP-13105,OFF-PA-10001870,West,38.88,6,0.0,18.6624,0.48000000000000004
CA-2016-113747,2016-05-28,2016-06-04,VD-21670,OFF-AR-10003373,South,185.88,6,0.0,50.1876,0.27
CA-2016-123274,2016-02-19,2016-02-24,GT-14710,FUR-FU-10004090,East,44.46,2,0.0,14.6718,0.32999999999999996
CA-2016-123274,2016-02-19,2016-02-24,GT-14710,OFF-ST-10000736,East,242.94,3,0.0,9.7176,0.039999999999999994
CA-2014-125612,2014-08-03,2014-08-08,BK-11260,OFF-PA-10001019,East,39.96,2,0.0,18.7812,0.47
CA-2014-125612,2014-08-03,2014-08-08,BK-11260,OFF-SU-10002537,East,102.3,10,0.0,26.598,0.26
CA-2014-125612,2014-08-03,2014-08-08,BK-11260,OFF-ST-10003221,East,21.36,2,0.0,5.7672,0.27
CA-2017-161984,2017-04-10,2017-04-15,SJ-20125,OFF-PA-10004569,East,7.61,1,0.0,3.5767,0.47000000000000003
CA-2017-161984,2017-04-10,2017-04-15,SJ-20125,OFF-FA-10000624,East,7.16,2,0.0,3.58,0.5
CA-2014-133851,2014-06-09,2014-06-16,CM-12445,OFF-SU-10001225,West,7.36,2,0.0,0.1472,0.02
CA-2014-133851,2014-06-09,2014-06-16,CM-12445,OFF-AR-10003752,West,23.1,2,0.0,10.626,0.45999999999999996
CA-2016-134474,2016-01-05,2016-01-07,AJ-10795,TEC-AC-10001714,South,191.472,6,0.2,40.6878,0.2125
CA-2016-134474,2016-01-05,2016-01-07,AJ-10795,OFF-AR-10003958,South,5.248,2,0.2,0.5904,0.1125
CA-2016-134474,2016-01-05,2016-01-07,AJ-10795,TEC-PH-10002923,South,59.184,2,0.2,5.1786,0.08750000000000001
CA-2014-149020,2014-01-10,2014-01-15,AJ-10780,OFF-LA-10004272,South,2.89,1,0.0,1.3583,0.47000000000000003
CA-2014-149020,2014-01-10,2014-01-15,AJ-10780,FUR-FU-10000965,South,51.94,1,0.0,21.2954,0.41000000000000003
CA-2016-134362,2016-09-29,2016-10-02,LS-16945,OFF-LA-10004853,East,15.936,4,0.2,5.1792,0.325
CA-2014-136742,2014-04-06,2014-04-10,GP-14740,OFF-BI-10003719,East,44.91,6,0.7,-35.928,-0.8
CA-2016-158099,2016-09-03,2016-09-05,PK-18910,OFF-BI-10000545,East,1141.47,5,0.7,-760.98,-0.6666666666666666
CA-2016-158099,2016-09-03,2016-09-05,PK-18910,TEC-PH-10002496,East,280.782,3,0.4,-46.797,-0.16666666666666666
CA-2015-131128,2015-10-19,2015-10-20,TB-21520,OFF-PA-10003591,East,34.44,3,0.0,17.22,0.5
CA-2014-148488,2014-12-10,2014-12-15,SM-20005,OFF-PA-10004470,East,11.36,2,0.0,5.2256,0.46
CA-2014-148488,2014-12-10,2014-12-15,SM-20005,OFF-BI-10000315,East,106.344,7,0.2,37.2204,0.35
CA-2017-114636,2017-08-25,2017-08-29,GA-14725,OFF-PA-10001790,South,192.16,5,0.2,67.256,0.35000000000000003
CA-2016-116736,2016-01-17,2016-01-21,CC-12430,FUR-FU-10004017,East,322.59,3,0.0,64.518,0.2
CA-2016-116736,2016-01-17,2016-01-21,CC-12430,TEC-AC-10003628,East,29.99,1,0.0,13.1956,0.44000000000000006
CA-2016-116736,2016-01-17,2016-01-21,CC-12430,TEC-AC-10002049,East,371.97,3,0.0,66.9546,0.18
US-2014-158638,2014-09-17,2014-09-21,AG-10765,OFF-BI-10003712,East,5.892,4,0.7,-4.1244,-0.6999999999999998
CA-2017-111689,2017-11-30,2017-12-02,HP-14815,OFF-BI-10003984,East,68.472,3,0.2,23.1093,0.3375
CA-2017-111689,2017-11-30,2017-12-02,HP-14815,FUR-CH-10004287,East,1242.9,5,0.1,262.39,0.21111111111111108
CA-2015-129098,2015-10-09,2015-10-13,DK-13090,OFF-ST-10001321,South,30.84,2,0.0,8.3268,0.27
US-2017-123463,2017-12-23,2017-12-23,GZ-14470,OFF-AR-10001118,West,13.48,4,0.0,5.9312,0.43999999999999995
CA-2016-165148,2016-10-22,2016-10-24,PM-19135,FUR-FU-10000732,Central,31.4,5,0.0,10.048,0.32
CA-2014-134061,2014-04-29,2014-05-04,LL-16840,FUR-FU-10001424,East,17.46,2,0.0,5.9364,0.33999999999999997
CA-2015-143602,2015-04-25,2015-04-28,JS-15595,OFF-BI-10002071,West,13.944,3,0.2,4.5318,0.32499999999999996
CA-2017-115364,2017-06-26,2017-07-02,OT-18730,OFF-ST-10002486,West,83.76,12,0.0,1.6752,0.02
CA-2017-150707,2017-10-14,2017-10-19,EL-13735,OFF-BI-10001078,East,37.66,7,0.0,18.4534,0.49
CA-2014-104976,2014-12-09,2014-12-16,CK-12760,OFF-PA-10003845,West,34.68,6,0.0,16.9932,0.49000000000000005
CA-2017-132934,2017-06-20,2017-06-26,JE-15475,TEC-AC-10000927,East,149.95,5,0.0,14.995,0.1
CA-2017-132934,2017-06-20,2017-06-26,JE-15475,OFF-BI-10001098,East,51.312,3,0.2,18.6006,0.36250000000000004
CA-2017-133256,2017-06-26,2017-06-27,TH-21550,OFF-PA-10001622,Central,4.54,1,0.0,2.043,0.45
CA-2017-133256,2017-06-26,2017-06-27,TH-21550,OFF-AR-10003158,Central,15.92,4,0.0,5.4128,0.33999999999999997
CA-2017-133256,2017-06-26,2017-06-27,TH-21550,TEC-PH-10002660,Central,543.92,8,0.0,135.98,0.25
CA-2016-105494,2016-11-10,2016-11-12,PC-18745,OFF-ST-10002205,West,155.82,7,0.0,42.0714,0.27
CA-2016-105494,2016-11-10,2016-11-12,PC-18745,OFF-BI-10003364,West,70.008,3,0.2,24.5028,0.35000000000000003
CA-2016-140634,2016-10-03,2016-10-06,HL-15040,OFF-EN-10001099,Central,15.648,2,0.2,5.0856,0.325
CA-2014-144407,2014-09-09,2014-09-15,MS-17365,OFF-LA-10003923,Central,103.6,7,0.0,51.8,0.5
CA-2017-160983,2017-10-29,2017-10-31,GB-14530,OFF-PA-10002250,East,46.96,8,0.0,22.5408,0.48
US-2016-114622,2016-04-10,2016-04-12,JR-16210,OFF-BI-10004716,East,8.904,2,0.7,-6.5296,-0.7333333333333334
CA-2017-150959,2017-11-11,2017-11-13,TD-20995,OFF-LA-10001045,Central,10.44,5,0.2,3.393,0.325
CA-2017-150959,2017-11-11,2017-11-13,TD-20995,OFF-BI-10001510,Central,18.336,4,0.8,-32.088,-1.7500000000000002
CA-2017-132353,2017-09-15,2017-09-17,DB-13060,TEC-PH-10004536,Central,323.976,3,0.2,20.2485,0.0625
CA-2016-130477,2016-04-08,2016-04-12,LC-17140,OFF-PA-10002947,West,20.04,3,0.0,9.6192,0.48
CA-2016-130477,2016-04-08,2016-04-12,LC-17140,OFF-ST-10002583,West,64.96,2,0.0,2.5984,0.04
CA-2016-130477,2016-04-08,2016-04-12,LC-17140,OFF-PA-10000019,West,12.96,2,0.0,6.2208,0.4799999999999999
CA-2017-143259,2017-12-30,2018-01-03,PO-18865,FUR-BO-10003441,East,323.136,4,0.2,12.1176,0.0375
CA-2017-143259,2017-12-30,2018-01-03,PO-18865,TEC-PH-10004774,East,90.93,7,0.0,2.7279,0.03
CA-2017-143259,2017-12-30,2018-01-03,PO-18865,OFF-BI-10003684,East,52.776,3,0.2,19.791,0.375
CA-2017-137596,2017-09-02,2017-09-07,BE-11335,TEC-PH-10001494,Central,1199.8,4,0.0,323.946,0.27
CA-2017-137596,2017-09-02,2017-09-07,BE-11335,TEC-AC-10004666,Central,1928.78,7,0.0,829.3754,0.43
CA-2017-137596,2017-09-02,2017-09-07,BE-11335,OFF-ST-10003816,Central,352.38,2,0.0,81.0474,0.22999999999999998
CA-2015-133627,2015-05-31,2015-06-07,SC-20050,FUR-FU-10001935,East,22.2,6,0.0,9.102,0.41000000000000003
CA-2017-102519,2017-11-27,2017-11-29,BM-11650,FUR-FU-10004091,Central,46.94,1,0.0,19.2454,0.41000000000000003
CA-2017-102519,2017-11-27,2017-11-29,BM-11650,TEC-AC-10001772,Central,143.73,9,0.0,56.0547,0.39
US-2014-141215,2014-06-15,2014-06-21,KL-16555,FUR-TA-10001520,Central,99.918,2,0.3,-18.5562,-0.18571428571428572
US-2014-141215,2014-06-15,2014-06-21,KL-16555,FUR-CH-10003379,Central,797.944,4,0.3,-56.996,-0.07142857142857144
US-2014-141215,2014-06-15,2014-06-21,KL-16555,OFF-BI-10002706,Central,8.568,3,0.8,-14.5656,-1.7
CA-2016-165218,2016-03-05,2016-03-11,RW-19630,OFF-EN-10000056,Central,149.352,3,0.2,50.4063,0.3375
CA-2016-165218,2016-03-05,2016-03-11,RW-19630,OFF-ST-10001558,Central,12.992,1,0.2,-0.812,-0.0625
CA-2014-138296,2014-12-05,2014-12-12,RC-19825,OFF-ST-10002444,South,24.56,2,0.0,6.8768,0.28
CA-2015-111164,2015-04-11,2015-04-15,SE-20110,TEC-AC-10002473,East,85.14,3,0.0,34.9074,0.41000000000000003
CA-2015-111164,2015-04-11,2015-04-15,SE-20110,TEC-PH-10004531,East,21.99,1,0.0,10.5552,0.48
CA-2015-111164,2015-04-11,2015-04-15,SE-20110,OFF-AP-10004487,East,406.6,5,0.0,113.848,0.27999999999999997
CA-2016-149797,2016-09-15,2016-09-20,AH-10075,OFF-BI-10003650,East,841.568,2,0.2,294.5488,0.35000000000000003
CA-2014-132962,2014-09-13,2014-09-16,JM-15535,OFF-PA-10003543,East,15.552,3,0.2,5.4432,0.35000000000000003
CA-2014-132962,2014-09-13,2014-09-16,JM-15535,TEC-AC-10004353,East,252.0,5,0.2,53.55,0.2125
CA-2015-115091,2015-10-05,2015-10-09,JJ-15760,OFF-AR-10000658,South,46.2,4,0.0,12.936,0.27999999999999997
CA-2015-115091,2015-10-05,2015-10-09,JJ-15760,OFF-AP-10000696,South,28.84,2,0.0,9.5172,0.33
CA-2017-144932,2017-04-14,2017-04-17,AB-10165,OFF-AR-10003560,East,14.592,3,0.2,2.5536,0.175
CA-2017-144932,2017-04-14,2017-04-17,AB-10165,OFF-AR-10001468,East,89.856,3,0.2,21.3408,0.23750000000000004
CA-2017-144932,2017-04-14,2017-04-17,AB-10165,OFF-PA-10004971,East,13.872,3,0.2,5.0286,0.3625
CA-2017-114216,2017-09-02,2017-09-06,RK-19300,OFF-PA-10002195,East,12.192,3,0.2,4.1148,0.33749999999999997
CA-2016-140081,2016-06-20,2016-06-24,CG-12040,OFF-PA-10001745,East,45.056,8,0.2,15.2064,0.3375
CA-2016-140081,2016-06-20,2016-06-24,CG-12040,OFF-BI-10004826,East,29.718,6,0.7,-21.7932,-0.7333333333333333
CA-2016-140081,2016-06-20,2016-06-24,CG-12040,OFF-PA-10001870,East,15.552,3,0.2,5.4432,0.35000000000000003
CA-2016-140081,2016-06-20,2016-06-24,CG-12040,OFF-AP-10001058,East,447.696,2,0.2,33.5772,0.075
US-2017-111745,2017-11-05,2017-11-06,RA-19885,TEC-AC-10003911,West,159.99,1,0.0,54.3966,0.33999999999999997
CA-2015-148250,2015-12-13,2015-12-17,RP-19270,OFF-PA-10000289,West,12.96,2,0.0,6.2208,0.4799999999999999
CA-2015-148250,2015-12-13,2015-12-17,RP-19270,OFF-AP-10003040,West,134.48,4,0.0,34.9648,0.26
CA-2016-105760,2016-06-19,2016-06-20,KC-16255,OFF-PA-10000350,West,17.12,2,0.0,8.0464,0.47
CA-2016-142958,2016-12-13,2016-12-20,RW-19630,OFF-BI-10001759,West,6.096,2,0.2,2.2098,0.3625
CA-2016-142958,2016-12-13,2016-12-20,RW-19630,FUR-TA-10000577,West,1114.272,4,0.2,41.7852,0.037500000000000006
CA-2015-120880,2015-05-29,2015-06-03,JL-15850,OFF-PA-10004101,West,32.4,5,0.0,15.552,0.48
CA-2015-120880,2015-05-29,2015-06-03,JL-15850,OFF-ST-10001496,West,540.57,3,0.0,140.5482,0.26
CA-2015-120880,2015-05-29,2015-06-03,JL-15850,OFF-BI-10002931,West,167.76,5,0.2,62.91,0.375
US-2015-140200,2015-07-26,2015-07-28,CA-12775,FUR-TA-10002356,West,393.165,3,0.5,-204.4458,-0.5199999999999999
US-2017-110576,2017-11-28,2017-12-02,RB-19795,FUR-FU-10003601,East,516.488,7,0.2,-12.9122,-0.024999999999999998
US-2017-110576,2017-11-28,2017-12-02,RB-19795,FUR-FU-10000576,East,1007.232,6,0.2,75.5424,0.075
US-2017-110576,2017-11-28,2017-12-02,RB-19795,FUR-TA-10004154,East,2065.32,12,0.4,-619.596,-0.3
US-2017-110576,2017-11-28,2017-12-02,RB-19795,OFF-PA-10000788,East,15.552,3,0.2,5.4432,0.35000000000000003
US-2017-110576,2017-11-28,2017-12-02,RB-19795,OFF-PA-10002479,East,25.344,6,0.2,7.92,0.3125
CA-2017-131156,2017-04-03,2017-04-07,KH-16360,FUR-FU-10001940,East,25.472,4,0.2,7.6416,0.3
CA-2017-136539,2017-12-28,2018-01-01,GH-14665,OFF-AR-10001958,Central,27.168,2,0.2,2.7168,0.1
CA-2017-136539,2017-12-28,2018-01-01,GH-14665,FUR-BO-10004709,Central,78.8528,2,0.32,-11.596,-0.14705882352941177
CA-2017-119305,2017-11-30,2017-12-04,SW-20275,OFF-ST-10000604,South,173.8,5,0.0,43.45,0.25
CA-2017-102414,2017-05-15,2017-05-18,JA-15970,TEC-PH-10002923,West,29.592,1,0.2,2.5893,0.08750000000000001
CA-2017-102414,2017-05-15,2017-05-18,JA-15970,OFF-BI-10004465,West,4.752,2,0.7,-3.168,-0.6666666666666667
CA-2017-102414,2017-05-15,2017-05-18,JA-15970,OFF-PA-10002333,West,15.552,3,0.2,5.6376,0.3625
CA-2015-112571,2015-09-22,2015-09-22,DL-12925,FUR-FU-10004188,West,204.6,2,0.0,53.196,0.26
CA-2017-152142,2017-11-14,2017-11-19,LW-16990,FUR-CH-10002965,West,321.568,2,0.2,28.1372,0.08750000000000001
CA-2015-160059,2015-11-27,2015-12-01,TB-21190,OFF-BI-10000145,South,6.24,2,0.0,3.0576,0.48999999999999994
CA-2016-120859,2016-09-01,2016-09-04,CV-12805,OFF-EN-10001335,West,21.88,2,0.0,10.94,0.5
CA-2014-127488,2014-09-22,2014-09-24,MS-17365,OFF-LA-10001613,South,4.608,2,0.2,1.6704,0.36250000000000004
CA-2017-135279,2017-04-09,2017-04-11,BS-11800,OFF-LA-10004055,East,9.82,2,0.0,4.8118,0.49
CA-2017-135279,2017-04-09,2017-04-11,BS-11800,OFF-AR-10004344,East,35.97,3,0.0,9.7119,0.27
CA-2017-135279,2017-04-09,2017-04-11,BS-11800,OFF-PA-10004621,East,12.96,2,0.0,6.2208,0.4799999999999999
CA-2017-135279,2017-04-09,2017-04-11,BS-11800,OFF-PA-10001281,East,191.6,4,0.0,91.968,0.48000000000000004
CA-2017-135279,2017-04-09,2017-04-11,BS-11800,OFF-LA-10001613,East,8.64,3,0.0,4.2336,0.49
CA-2017-135279,2017-04-09,2017-04-11,BS-11800,OFF-ST-10001097,East,501.81,3,0.0,0.0,0.0
CA-2014-115791,2014-01-16,2014-01-18,DL-13315,FUR-FU-10001095,East,127.104,6,0.2,28.5984,0.225
CA-2014-115791,2014-01-16,2014-01-18,DL-13315,TEC-PH-10004614,East,124.2,3,0.4,-31.05,-0.25
CA-2014-115791,2014-01-16,2014-01-18,DL-13315,OFF-BI-10001575,East,18.588,2,0.7,-13.6312,-0.7333333333333333
CA-2014-115791,2014-01-16,2014-01-18,DL-13315,OFF-LA-10001074,East,30.072,3,0.2,10.1493,0.3375
US-2017-103247,2017-10-05,2017-10-08,PO-19195,TEC-PH-10003555,East,160.93,7,0.0,3.2186,0.019999999999999997
US-2017-103247,2017-10-05,2017-10-08,PO-19195,OFF-BI-10004492,East,75.792,3,0.2,25.5798,0.33749999999999997
US-2017-100209,2017-07-09,2017-07-15,TD-20995,OFF-BI-10002012,West,1.08,2,0.7,-0.792,-0.7333333333333333
CA-2017-159366,2017-01-07,2017-01-10,BW-11110,TEC-MA-10000822,Central,3059.982,2,0.1,679.996,0.2222222222222222
CA-2016-145499,2016-05-30,2016-05-31,RW-19690,OFF-BI-10000848,South,3.282,2,0.7,-2.6256,-0.7999999999999999
CA-2015-157035,2015-12-09,2015-12-12,KB-16600,OFF-PA-10004156,Central,34.02,3,0.0,16.6698,0.48999999999999994
CA-2016-144939,2016-10-03,2016-10-08,EB-13870,FUR-CH-10003199,East,599.292,6,0.1,93.2232,0.15555555555555556
CA-2014-163419,2014-11-11,2014-11-14,TZ-21580,OFF-AR-10000034,West,3.392,1,0.2,0.8056,0.2375
CA-2014-163419,2014-11-11,2014-11-14,TZ-21580,TEC-PH-10000560,West,559.984,2,0.2,55.9984,0.09999999999999999
CA-2014-163419,2014-11-11,2014-11-14,TZ-21580,FUR-CH-10000665,West,603.92,5,0.2,75.49,0.125
CA-2017-100314,2017-09-29,2017-10-05,AS-10630,OFF-LA-10001569,Central,7.968,2,0.2,2.5896,0.325
CA-2017-100314,2017-09-29,2017-10-05,AS-10630,OFF-EN-10000461,Central,27.968,4,0.2,9.4392,0.33749999999999997
CA-2017-100314,2017-09-29,2017-10-05,AS-10630,TEC-MA-10003066,Central,336.51,3,0.4,44.868,0.13333333333333333
CA-2015-146829,2015-03-10,2015-03-10,TS-21340,OFF-BI-10004022,Central,1.112,2,0.8,-1.8904,-1.7
CA-2017-167899,2017-05-21,2017-05-26,JG-15805,FUR-FU-10004071,East,520.05,5,0.0,72.807,0.14
CA-2017-167899,2017-05-21,2017-05-26,JG-15805,OFF-AR-10001988,East,17.97,3,0.0,5.2113,0.29
CA-2015-153549,2015-03-29,2015-03-31,SL-20155,FUR-CH-10004086,South,1166.92,5,0.2,131.2785,0.1125
CA-2016-110023,2016-09-09,2016-09-11,TS-21610,OFF-BI-10001036,East,14.624,2,0.2,5.484,0.375
CA-2016-105585,2016-08-26,2016-08-27,RF-19735,OFF-FA-10002983,West,10.23,3,0.0,4.9104,0.48
CA-2016-105585,2016-08-26,2016-08-27,RF-19735,OFF-PA-10003625,West,154.9,5,0.0,69.705,0.44999999999999996
CA-2014-117639,2014-05-21,2014-05-25,MW-18235,OFF-BI-10003925,South,2715.93,7,0.0,1276.4871,0.47000000000000003
CA-2014-117639,2014-05-21,2014-05-25,MW-18235,TEC-PH-10001530,South,617.97,3,0.0,173.0316,0.27999999999999997
CA-2015-162537,2015-10-28,2015-11-03,RD-19585,OFF-EN-10003862,South,10.67,1,0.0,4.9082,0.46
CA-2015-162537,2015-10-28,2015-11-03,RD-19585,OFF-ST-10004258,South,36.63,3,0.0,9.8901,0.27
CA-2015-162537,2015-10-28,2015-11-03,RD-19585,FUR-FU-10002885,South,24.1,5,0.0,9.158,0.37999999999999995
CA-2015-162537,2015-10-28,2015-11-03,RD-19585,FUR-FU-10001918,South,33.11,7,0.0,12.9129,0.39
CA-2016-155488,2016-11-13,2016-11-17,FM-14290,OFF-AR-10002956,West,44.02,2,0.0,11.4452,0.25999999999999995
CA-2015-124891,2015-07-31,2015-07-31,RH-19495,TEC-AC-10003033,East,2309.65,7,0.0,762.1845,0.32999999999999996
CA-2015-124891,2015-07-31,2015-07-31,RH-19495,FUR-TA-10002903,East,1090.782,7,0.4,-290.8752,-0.2666666666666667
CA-2015-124891,2015-07-31,2015-07-31,RH-19495,OFF-PA-10004621,East,19.44,3,0.0,9.3312,0.48000000000000004
CA-2015-126445,2015-08-27,2015-08-31,RA-19945,OFF-ST-10000046,West,484.65,3,0.0,92.0835,0.19
CA-2015-111199,2015-11-13,2015-11-17,JK-15730,OFF-PA-10001790,South,115.296,3,0.2,40.3536,0.35
CA-2015-105312,2015-11-06,2015-11-09,MT-17815,OFF-EN-10002600,West,7.08,3,0.2,2.478,0.35000000000000003
CA-2015-105312,2015-11-06,2015-11-09,MT-17815,OFF-BI-10002049,West,4.401,3,0.7,-3.5208,-0.8
US-2017-106705,2017-12-26,2018-01-01,PO-18850,OFF-PA-10001509,Central,44.75,5,0.0,20.585,0.46
CA-2017-135034,2017-08-01,2017-08-03,AT-10735,TEC-PH-10003931,Central,95.984,2,0.2,5.999,0.0625
CA-2014-158540,2014-11-24,2014-11-26,VG-21790,FUR-FU-10001602,West,151.72,4,0.0,27.3096,0.18
CA-2017-118437,2017-06-17,2017-06-21,PF-19165,FUR-FU-10004848,West,155.25,3,0.0,46.575,0.30000000000000004
CA-2017-118437,2017-06-17,2017-06-21,PF-19165,OFF-ST-10003722,West,14.03,1,0.0,4.0687,0.29
US-2015-126214,2015-12-21,2015-12-24,JS-15880,FUR-TA-10003748,West,1618.37,13,0.0,356.0414,0.22000000000000003
US-2015-126214,2015-12-21,2015-12-24,JS-15880,TEC-AC-10003198,West,99.6,1,0.0,36.852,0.37
CA-2015-133025,2015-09-17,2015-09-19,MO-17800,OFF-PA-10004100,West,32.4,5,0.0,15.552,0.48
CA-2015-108665,2015-07-06,2015-07-10,KM-16225,FUR-FU-10002191,East,13.96,2,0.0,6.7008,0.48
CA-2015-108665,2015-07-06,2015-07-10,KM-16225,FUR-FU-10000965,East,155.82,3,0.0,63.8862,0.41000000000000003
CA-2015-108665,2015-07-06,2015-07-10,KM-16225,TEC-PH-10004188,East,124.95,5,0.0,2.499,0.02
CA-2015-108665,2015-07-06,2015-07-10,KM-16225,OFF-ST-10001526,East,601.65,5,0.0,156.429,0.26
CA-2015-124450,2015-04-27,2015-05-03,GT-14710,OFF-AR-10001166,East,22.74,3,0.0,8.8686,0.39000000000000007
CA-2015-124450,2015-04-27,2015-05-03,GT-14710,FUR-CH-10000309,East,1267.53,3,0.0,316.8825,0.25
CA-2015-124450,2015-04-27,2015-05-03,GT-14710,TEC-MA-10004212,East,1379.92,8,0.0,648.5624,0.47
CA-2015-167269,2015-06-16,2015-06-20,PB-19150,OFF-EN-10003072,East,6.208,2,0.2,2.1728,0.35
CA-2017-106964,2017-12-17,2017-12-20,HR-14770,OFF-BI-10000320,West,11.808,2,0.2,4.2804,0.36250000000000004
CA-2016-126529,2016-01-11,2016-01-13,DE-13255,OFF-PA-10001166,East,15.552,3,0.2,5.4432,0.35000000000000003
CA-2016-126529,2016-01-11,2016-01-13,DE-13255,OFF-PA-10003656,East,63.312,3,0.2,20.5764,0.325
CA-2016-126529,2016-01-11,2016-01-13,DE-13255,TEC-PH-10000148,East,15.588,2,0.4,-9.8724,-0.6333333333333334
CA-2014-163552,2014-07-11,2014-07-15,LA-16780,OFF-PA-10000474,East,177.2,5,0.0,83.284,0.4700000000000001
CA-2014-163552,2014-07-11,2014-07-15,LA-16780,TEC-PH-10003885,East,197.97,3,0.0,57.4113,0.29
CA-2014-163552,2014-07-11,2014-07-15,LA-16780,FUR-CH-10003379,East,854.94,3,0.0,213.735,0.25
CA-2014-163552,2014-07-11,2014-07-15,LA-16780,FUR-FU-10000629,East,124.11,9,0.0,52.1262,0.42
CA-2014-163552,2014-07-11,2014-07-15,LA-16780,OFF-LA-10001175,East,14.4,5,0.0,7.056,0.49
CA-2016-109820,2016-11-20,2016-11-22,AG-10390,OFF-PA-10000955,East,15.696,3,0.2,5.1012,0.325
CA-2016-109820,2016-11-20,2016-11-22,AG-10390,OFF-BI-10003460,East,2.628,2,0.7,-1.9272,-0.7333333333333333
CA-2016-109820,2016-11-20,2016-11-22,AG-10390,OFF-BI-10000474,East,14.427,3,0.7,-10.5798,-0.7333333333333334
CA-2016-113061,2016-04-22,2016-04-26,EL-13735,FUR-FU-10003975,Central,86.62,2,0.0,8.662,0.1
CA-2015-127418,2015-06-13,2015-06-14,JJ-15445,OFF-BI-10003707,West,36.624,3,0.2,13.734,0.375
CA-2017-121818,2017-11-20,2017-11-21,JH-15430,OFF-AR-10000203,South,23.968,7,0.2,2.6964,0.1125
CA-2017-121818,2017-11-20,2017-11-21,JH-15430,OFF-AR-10004790,South,28.728,3,0.2,1.7955,0.0625
CA-2016-127670,2016-03-20,2016-03-24,RD-19660,FUR-TA-10001095,Central,697.16,4,0.0,146.4036,0.21000000000000002
CA-2016-102981,2016-09-06,2016-09-09,MO-17500,TEC-AC-10004761,East,31.86,2,0.0,11.151,0.35
CA-2016-102981,2016-09-06,2016-09-09,MO-17500,FUR-BO-10001811,East,722.352,3,0.2,90.294,0.125
CA-2017-115651,2017-07-09,2017-07-12,NS-18640,OFF-AR-10001130,Central,8.84,5,0.2,2.9835,0.33749999999999997
CA-2017-115651,2017-07-09,2017-07-12,NS-18640,OFF-AP-10000055,Central,58.464,9,0.8,-146.16,-2.5
CA-2017-152702,2017-10-12,2017-10-16,SN-20710,FUR-CH-10002304,Central,254.604,14,0.3,-18.186,-0.07142857142857142
CA-2016-169103,2016-03-08,2016-03-13,ZC-21910,TEC-PH-10001530,South,1363.96,5,0.2,85.2475,0.0625
CA-2016-169103,2016-03-08,2016-03-13,ZC-21910,FUR-FU-10004006,South,102.36,3,0.2,-3.8385,-0.0375
CA-2014-139192,2014-05-27,2014-06-01,LC-16885,TEC-PH-10000486,West,1113.504,12,0.2,125.2692,0.1125
CA-2014-139192,2014-05-27,2014-06-01,LC-16885,TEC-AC-10001606,West,99.99,1,0.0,37.9962,0.38000000000000006
US-2015-153500,2015-07-03,2015-07-05,DG-13300,FUR-FU-10000293,East,168.464,2,0.2,-29.4812,-0.17500000000000002
US-2015-153500,2015-07-03,2015-07-05,DG-13300,OFF-PA-10001307,East,6.72,2,0.2,2.436,0.3625
US-2015-153500,2015-07-03,2015-07-05,DG-13300,FUR-FU-10004460,East,282.888,9,0.2,56.5776,0.2
CA-2015-110667,2015-04-04,2015-04-08,NF-18595,OFF-AR-10000716,East,11.16,2,0.0,4.3524,0.39
CA-2015-110667,2015-04-04,2015-04-08,NF-18595,FUR-FU-10004622,East,108.4,2,0.0,22.764,0.21
CA-2015-110667,2015-04-04,2015-04-08,NF-18595,OFF-BI-10002735,East,82.344,3,0.2,27.7911,0.3375
CA-2015-110667,2015-04-04,2015-04-08,NF-18595,OFF-BI-10003529,East,9.088,4,0.2,3.2944,0.36250000000000004
CA-2017-167150,2017-12-10,2017-12-17,BP-11185,OFF-BI-10001097,West,19.936,4,0.2,7.2268,0.3625
CA-2017-167150,2017-12-10,2017-12-17,BP-11185,OFF-BI-10001597,West,65.568,2,0.2,22.9488,0.35
CA-2016-105284,2016-11-24,2016-12-01,MG-17650,OFF-FA-10001754,East,4.416,3,0.2,1.6008,0.3625
US-2015-125374,2015-03-23,2015-03-29,JD-16060,FUR-CH-10003396,Central,107.772,2,0.3,-29.2524,-0.2714285714285714
CA-2015-161263,2015-04-16,2015-04-21,TS-21160,OFF-AP-10002350,East,45.216,3,0.2,4.5216,0.1
CA-2015-161263,2015-04-16,2015-04-21,TS-21160,OFF-FA-10004838,East,10.416,7,0.2,-2.2134,-0.2125
CA-2015-161263,2015-04-16,2015-04-21,TS-21160,OFF-AR-10004757,East,7.872,3,0.2,1.2792,0.16249999999999998
CA-2015-161263,2015-04-16,2015-04-21,TS-21160,TEC-PH-10002115,East,118.782,3,0.4,-27.7158,-0.23333333333333336
CA-2015-161263,2015-04-16,2015-04-21,TS-21160,OFF-FA-10003059,East,1.448,1,0.2,0.2353,0.1625
CA-2015-161263,2015-04-16,2015-04-21,TS-21160,OFF-BI-10004330,East,55.47,5,0.7,-46.225,-0.8333333333333334
CA-2016-157686,2016-10-01,2016-10-02,BD-11620,FUR-CH-10001146,West,194.848,4,0.2,12.178,0.0625
US-2017-139955,2017-09-28,2017-09-30,CM-12160,OFF-SU-10001935,Central,1.744,1,0.2,-0.3488,-0.2
US-2015-150161,2015-07-25,2015-07-29,RB-19795,OFF-BI-10001524,East,25.176,4,0.7,-18.4624,-0.7333333333333333
CA-2015-144652,2015-11-20,2015-11-26,SN-20560,OFF-AR-10003732,West,19.46,7,0.0,5.0596,0.25999999999999995
CA-2016-152814,2016-04-28,2016-05-02,EH-14005,OFF-PA-10001970,West,29.472,3,0.2,9.9468,0.33749999999999997
CA-2017-106943,2017-11-14,2017-11-19,FO-14305,OFF-BI-10003669,East,8.64,2,0.2,3.024,0.35
CA-2016-134348,2016-11-12,2016-11-19,MS-17710,OFF-BI-10003727,West,6.27,5,0.7,-4.598,-0.7333333333333334
CA-2016-134348,2016-11-12,2016-11-19,MS-17710,OFF-BI-10004967,West,4.368,7,0.7,-3.3488,-0.7666666666666666
CA-2016-134348,2016-11-12,2016-11-19,MS-17710,TEC-AC-10003447,West,31.984,2,0.2,1.999,0.0625
CA-2016-161781,2016-09-29,2016-09-30,CC-12100,OFF-AR-10000255,Central,40.88,7,0.0,10.6288,0.26
CA-2017-132521,2017-09-23,2017-09-25,DW-13540,OFF-AP-10002191,West,119.96,2,0.0,33.5888,0.28
CA-2017-132521,2017-09-23,2017-09-25,DW-13540,OFF-ST-10001325,West,31.44,3,0.0,8.4888,0.26999999999999996
CA-2017-132521,2017-09-23,2017-09-25,DW-13540,OFF-BI-10000404,West,6.88,1,0.2,2.322,0.3375
CA-2015-110016,2015-11-29,2015-12-04,BT-11395,OFF-PA-10000349,Central,19.92,4,0.0,9.3624,0.4699999999999999
CA-2015-110016,2015-11-29,2015-12-04,BT-11395,FUR-CH-10002880,Central,1106.91,9,0.0,121.7601,0.10999999999999999
US-2016-143819,2016-03-01,2016-03-05,KD-16270,FUR-TA-10001095,East,836.592,8,0.4,-264.9208,-0.31666666666666665
US-2016-143819,2016-03-01,2016-03-05,KD-16270,OFF-PA-10003127,East,26.38,1,0.0,12.1348,0.46
US-2016-143819,2016-03-01,2016-03-05,KD-16270,OFF-ST-10003208,East,362.92,2,0.0,105.2468,0.29
US-2016-143819,2016-03-01,2016-03-05,KD-16270,TEC-MA-10003979,East,4899.93,7,0.0,2400.9657,0.49
CA-2016-167584,2016-08-12,2016-08-12,LC-16870,OFF-PA-10000029,Central,6.48,1,0.0,3.1104,0.4799999999999999
CA-2016-166163,2016-08-15,2016-08-20,CY-12745,TEC-PH-10004896,West,71.976,3,0.2,7.1976,0.1
CA-2016-166163,2016-08-15,2016-08-20,CY-12745,OFF-LA-10000452,West,3.15,1,0.0,1.512,0.48000000000000004
CA-2017-158407,2017-06-04,2017-06-10,LW-16990,FUR-FU-10001967,South,31.984,2,0.2,1.999,0.0625
CA-2017-158407,2017-06-04,2017-06-10,LW-16990,TEC-PH-10001819,South,71.984,2,0.2,25.1944,0.35000000000000003
CA-2015-143490,2015-12-06,2015-12-13,NP-18325,OFF-AR-10002952,West,120.15,9,0.0,33.642,0.28
CA-2015-143490,2015-12-06,2015-12-13,NP-18325,TEC-PH-10000576,West,219.184,2,0.2,19.1786,0.0875
CA-2015-165085,2015-12-27,2015-12-31,BT-11485,OFF-PA-10000605,East,28.9,5,0.0,14.161,0.49
CA-2015-165085,2015-12-27,2015-12-31,BT-11485,OFF-AP-10002518,East,355.96,2,0.0,103.2284,0.29
CA-2017-160423,2017-01-21,2017-01-26,PS-19045,OFF-ST-10004340,South,348.208,7,0.2,30.4682,0.0875
CA-2017-160423,2017-01-21,2017-01-26,PS-19045,OFF-BI-10004001,South,35.784,7,0.7,-28.6272,-0.7999999999999999
CA-2014-159338,2014-06-25,2014-06-28,NS-18640,FUR-TA-10004147,West,447.84,5,0.2,11.196,0.025
CA-2016-107216,2016-06-14,2016-06-17,PV-18985,OFF-AR-10001545,West,7.04,4,0.0,2.0416,0.29
CA-2016-107216,2016-06-14,2016-06-17,PV-18985,FUR-FU-10000206,West,8.73,3,0.0,4.1031,0.47000000000000003
CA-2016-107216,2016-06-14,2016-06-17,PV-18985,TEC-AC-10001013,West,29.29,1,0.0,9.6657,0.32999999999999996
CA-2016-107216,2016-06-14,2016-06-17,PV-18985,OFF-AR-10002255,West,8.64,3,0.0,2.5056,0.29
US-2017-145863,2017-04-21,2017-04-27,RP-19390,OFF-BI-10004140,Central,2.694,3,0.8,-4.7145,-1.75
US-2017-145863,2017-04-21,2017-04-27,RP-19390,OFF-BI-10002049,Central,2.934,3,0.8,-4.9878,-1.7
CA-2016-112340,2016-10-21,2016-10-27,NM-18520,OFF-PA-10001892,West,22.92,3,0.0,11.2308,0.49
US-2016-110156,2016-11-19,2016-11-24,EH-13945,OFF-ST-10000642,Central,100.704,6,0.2,-16.3644,-0.1625
US-2016-110156,2016-11-19,2016-11-24,EH-13945,FUR-FU-10000206,Central,2.328,2,0.6,-0.7566,-0.32500000000000007
US-2016-110156,2016-11-19,2016-11-24,EH-13945,OFF-BI-10003676,Central,10.78,5,0.8,-17.248,-1.6
US-2016-110156,2016-11-19,2016-11-24,EH-13945,OFF-FA-10003495,Central,58.368,12,0.2,21.888,0.375
US-2016-110156,2016-11-19,2016-11-24,EH-13945,OFF-EN-10003798,Central,40.968,3,0.2,13.8267,0.33749999999999997
US-2016-110156,2016-11-19,2016-11-24,EH-13945,TEC-PH-10003589,Central,71.96,5,0.2,25.186,0.35000000000000003
US-2016-110156,2016-11-19,2016-11-24,EH-13945,OFF-PA-10004735,Central,10.368,2,0.2,3.6288,0.35
US-2016-110156,2016-11-19,2016-11-24,EH-13945,OFF-BI-10002609,Central,1.192,2,0.8,-2.0264,-1.7000000000000002
CA-2017-140585,2017-12-18,2017-12-23,RA-19915,OFF-BI-10003364,West,46.672,2,0.2,16.3352,0.35000000000000003
CA-2017-140585,2017-12-18,2017-12-23,RA-19915,FUR-BO-10002206,West,119.833,1,0.15,-12.6882,-0.10588235294117647
CA-2017-140585,2017-12-18,2017-12-23,RA-19915,TEC-AC-10003610,West,119.98,2,0.0,57.5904,0.48
CA-2016-144855,2016-07-22,2016-07-24,DL-13495,OFF-LA-10003766,West,6.3,2,0.0,3.024,0.48000000000000004
CA-2015-142755,2015-09-04,2015-09-08,CS-12355,OFF-PA-10001970,South,279.9,5,0.0,137.151,0.4900000000000001
CA-2015-142755,2015-09-04,2015-09-08,CS-12355,TEC-AC-10002049,South,619.95,5,0.0,111.591,0.17999999999999997
CA-2015-142755,2015-09-04,2015-09-08,CS-12355,OFF-PA-10000141,South,4.36,2,0.0,2.0492,0.4699999999999999
CA-2015-142755,2015-09-04,2015-09-08,CS-12355,OFF-EN-10004459,South,15.28,2,0.0,7.4872,0.49
US-2014-147627,2014-01-20,2014-01-26,HL-15040,TEC-PH-10001061,South,699.93,7,0.0,181.9818,0.26
US-2014-147627,2014-01-20,2014-01-26,HL-15040,OFF-AR-10002375,South,22.96,7,0.0,6.6584,0.29
US-2014-147627,2014-01-20,2014-01-26,HL-15040,FUR-FU-10003194,South,38.6,4,0.0,11.58,0.3
US-2014-147627,2014-01-20,2014-01-26,HL-15040,OFF-AR-10003811,South,6.63,3,0.0,1.7901,0.27
US-2014-147627,2014-01-20,2014-01-26,HL-15040,OFF-EN-10001539,South,23.34,3,0.0,10.9698,0.47
US-2014-147627,2014-01-20,2014-01-26,HL-15040,FUR-CH-10002331,South,1067.94,3,0.0,224.2674,0.21
CA-2015-105970,2015-03-02,2015-03-07,PA-19060,OFF-AR-10003156,Central,10.16,1,0.0,2.6416,0.26
CA-2015-105970,2015-03-02,2015-03-07,PA-19060,OFF-EN-10001532,Central,101.88,6,0.0,50.94,0.5
CA-2016-112102,2016-04-12,2016-04-16,BD-11605,FUR-TA-10004086,South,343.92,4,0.0,75.6624,0.22
CA-2016-112102,2016-04-12,2016-04-16,BD-11605,OFF-PA-10000100,South,40.99,1,0.0,20.0851,0.49
CA-2016-112102,2016-04-12,2016-04-16,BD-11605,OFF-EN-10002500,South,63.9,5,0.0,28.755,0.45
US-2016-114776,2016-12-06,2016-12-07,GG-14650,OFF-PA-10004100,West,19.44,3,0.0,9.3312,0.48000000000000004
US-2016-134908,2016-06-05,2016-06-09,JS-15940,OFF-ST-10003479,East,124.608,4,0.2,-23.364,-0.1875
US-2016-134908,2016-06-05,2016-06-09,JS-15940,OFF-LA-10000973,East,7.56,3,0.2,2.646,0.35000000000000003
US-2016-148803,2016-12-11,2016-12-11,LR-16915,OFF-ST-10001476,South,85.224,3,0.2,7.4571,0.0875
CA-2016-152170,2016-11-12,2016-11-15,FH-14275,OFF-EN-10002831,Central,287.52,8,0.0,129.384,0.44999999999999996
CA-2016-152170,2016-11-12,2016-11-15,FH-14275,OFF-AP-10002350,Central,37.68,2,0.0,10.5504,0.27999999999999997
CA-2016-152170,2016-11-12,2016-11-15,FH-14275,OFF-PA-10001763,Central,19.98,2,0.0,8.991,0.44999999999999996
CA-2016-152170,2016-11-12,2016-11-15,FH-14275,OFF-AR-10003394,Central,20.58,7,0.0,5.5566,0.27
CA-2016-152170,2016-11-12,2016-11-15,FH-14275,OFF-BI-10002072,Central,17.38,2,0.0,8.69,0.5
CA-2014-146969,2014-09-29,2014-10-03,AP-10915,FUR-FU-10004188,West,204.6,2,0.0,53.196,0.26
CA-2014-146969,2014-09-29,2014-10-03,AP-10915,OFF-FA-10001561,West,8.72,4,0.0,2.8776,0.33
CA-2014-146969,2014-09-29,2014-10-03,AP-10915,OFF-PA-10002105,West,6.48,1,0.0,3.1104,0.4799999999999999
CA-2014-146969,2014-09-29,2014-10-03,AP-10915,TEC-MA-10004241,West,686.32,2,0.2,223.054,0.32499999999999996
CA-2014-146969,2014-09-29,2014-10-03,AP-10915,OFF-ST-10004340,West,62.18,1,0.0,16.7886,0.26999999999999996
CA-2015-112452,2015-04-04,2015-04-04,NC-18340,OFF-AP-10003849,Central,644.076,2,0.1,107.346,0.16666666666666666
CA-2015-112452,2015-04-04,2015-04-04,NC-18340,OFF-FA-10000735,Central,5.84,2,0.0,2.628,0.45
CA-2015-112452,2015-04-04,2015-04-04,NC-18340,OFF-BI-10003350,Central,12.76,2,0.0,5.8696,0.46
CA-2015-112452,2015-04-04,2015-04-04,NC-18340,TEC-PH-10000307,Central,10.95,1,0.0,0.438,0.04
CA-2015-112452,2015-04-04,2015-04-04,NC-18340,TEC-CO-10004202,Central,599.98,2,0.0,209.993,0.35
CA-2015-113971,2015-05-08,2015-05-14,CB-12535,FUR-FU-10001852,East,8.352,6,0.2,1.2528,0.15
CA-2017-160395,2016-12-31,2017-01-06,KL-16555,OFF-AR-10003759,West,3.64,2,0.0,1.638,0.44999999999999996
CA-2017-160395,2016-12-31,2017-01-06,KL-16555,OFF-BI-10003984,West,159.768,7,0.2,53.9217,0.3375
CA-2014-136567,2014-12-20,2014-12-21,PS-19045,OFF-ST-10004337,South,122.48,2,0.0,0.0,0.0
CA-2014-136567,2014-12-20,2014-12-21,PS-19045,FUR-TA-10001932,South,2244.48,7,0.0,493.7856,0.22
CA-2014-136567,2014-12-20,2014-12-21,PS-19045,OFF-BI-10003982,South,62.31,3,0.0,29.2857,0.47
CA-2014-136567,2014-12-20,2014-12-21,PS-19045,FUR-TA-10000617,South,455.1,2,0.0,100.122,0.22
CA-2016-149314,2016-07-02,2016-07-07,GB-14530,FUR-CH-10002126,West,195.184,1,0.2,19.5184,0.1
CA-2017-147039,2017-06-29,2017-07-04,AA-10315,OFF-AP-10000576,Central,362.94,3,0.0,90.735,0.25
CA-2017-147039,2017-06-29,2017-07-04,AA-10315,OFF-BI-10004654,Central,11.54,2,0.0,5.77,0.5
CA-2014-126522,2014-09-01,2014-09-05,LT-16765,OFF-AR-10004042,West,53.94,3,0.0,15.6426,0.29000000000000004
CA-2014-127964,2014-03-03,2014-03-08,AP-10720,TEC-PH-10004700,East,9.99,1,0.0,4.5954,0.45999999999999996
CA-2014-127964,2014-03-03,2014-03-08,AP-10720,OFF-BI-10004593,East,125.76,3,0.2,40.872,0.325
CA-2014-127964,2014-03-03,2014-03-08,AP-10720,OFF-BI-10003429,East,25.32,5,0.2,9.1785,0.3625
CA-2014-117709,2014-05-04,2014-05-08,PM-18940,OFF-BI-10001294,Central,46.8,4,0.0,21.06,0.45
CA-2015-125416,2015-11-02,2015-11-02,KC-16540,TEC-AC-10001552,West,447.93,9,0.0,49.2723,0.11
CA-2017-145226,2017-12-08,2017-12-10,DL-13315,FUR-FU-10004952,East,109.48,2,0.0,33.9388,0.31
CA-2017-145226,2017-12-08,2017-12-10,DL-13315,OFF-ST-10004123,East,272.94,3,0.0,0.0,0.0
CA-2017-145226,2017-12-08,2017-12-10,DL-13315,OFF-PA-10003172,East,19.44,3,0.0,9.3312,0.48000000000000004
CA-2017-145226,2017-12-08,2017-12-10,DL-13315,OFF-ST-10002352,East,31.92,4,0.0,8.2992,0.26
US-2014-100279,2014-03-10,2014-03-14,SW-20275,OFF-PA-10002259,Central,22.38,2,0.0,10.7424,0.48000000000000004
CA-2014-158064,2014-04-21,2014-04-25,AA-10375,OFF-BI-10002976,West,16.52,5,0.2,5.5755,0.3375
US-2015-104430,2015-10-22,2015-10-26,LT-17110,OFF-BI-10000301,Central,5.176,4,0.8,-7.764,-1.5
CA-2015-132080,2015-08-22,2015-08-25,DP-13105,OFF-BI-10003694,East,50.112,6,0.2,16.2864,0.325
CA-2016-161207,2016-08-29,2016-09-03,AB-10060,OFF-SU-10000381,East,27.93,3,0.0,8.0997,0.29000000000000004
CA-2014-120243,2014-12-27,2014-12-30,AT-10435,OFF-LA-10004425,West,11.56,4,0.0,5.4332,0.47000000000000003
CA-2016-113621,2016-12-01,2016-12-05,JE-15745,FUR-CH-10001270,East,172.5,2,0.0,51.75,0.3
CA-2016-113621,2016-12-01,2016-12-05,JE-15745,TEC-PH-10003931,East,179.97,3,0.0,44.9925,0.25
CA-2016-168081,2016-04-24,2016-04-27,CA-12055,TEC-AC-10003174,Central,258.696,3,0.2,64.674,0.25
CA-2014-128146,2014-06-21,2014-06-25,DB-13060,TEC-PH-10004539,East,1322.93,7,0.0,357.1911,0.27
CA-2014-128146,2014-06-21,2014-06-25,DB-13060,OFF-AR-10001919,East,3.76,2,0.0,1.0904,0.29000000000000004
CA-2017-138779,2017-01-14,2017-01-15,RB-19570,OFF-EN-10002504,South,21.744,1,0.2,7.3386,0.33749999999999997
CA-2017-138779,2017-01-14,2017-01-15,RB-19570,TEC-PH-10003655,South,7.92,5,0.2,0.693,0.0875
CA-2014-127131,2014-11-24,2014-11-30,HR-14830,OFF-BI-10004656,West,12.096,7,0.2,4.2336,0.35
CA-2014-127131,2014-11-24,2014-11-30,HR-14830,OFF-ST-10002344,West,485.88,6,0.0,9.7176,0.019999999999999997
CA-2014-127131,2014-11-24,2014-11-30,HR-14830,OFF-PA-10001800,West,25.92,4,0.0,12.4416,0.4799999999999999
CA-2014-127131,2014-11-24,2014-11-30,HR-14830,OFF-ST-10000036,West,197.58,2,0.0,53.3466,0.27
CA-2017-117212,2017-02-26,2017-02-28,BT-11530,OFF-AP-10004532,West,81.92,4,0.0,22.1184,0.27
CA-2017-117212,2017-02-26,2017-02-28,BT-11530,TEC-PH-10004447,West,889.536,8,0.2,66.7152,0.075
CA-2017-117212,2017-02-26,2017-02-28,BT-11530,FUR-CH-10003973,West,892.224,3,0.2,89.2224,0.09999999999999999
CA-2017-117212,2017-02-26,2017-02-28,BT-11530,OFF-PA-10001970,West,223.92,4,0.0,109.7208,0.49
CA-2017-117212,2017-02-26,2017-02-28,BT-11530,OFF-PA-10000682,West,23.12,4,0.0,11.3288,0.48999999999999994
US-2015-130519,2015-09-15,2015-09-15,NG-18355,OFF-PA-10001937,South,15.552,3,0.2,5.4432,0.35000000000000003
US-2015-130519,2015-09-15,2015-09-15,NG-18355,FUR-FU-10002268,South,15.712,4,0.2,2.5532,0.1625
US-2015-130519,2015-09-15,2015-09-15,NG-18355,OFF-ST-10001321,South,24.672,2,0.2,2.1588,0.0875
US-2015-130519,2015-09-15,2015-09-15,NG-18355,FUR-FU-10003394,South,55.968,1,0.2,-2.0988,-0.0375
CA-2016-130946,2016-04-08,2016-04-12,ZC-21910,TEC-AC-10001990,Central,431.928,9,0.2,64.7892,0.15
CA-2016-130946,2016-04-08,2016-04-12,ZC-21910,FUR-CH-10004540,Central,95.984,4,0.3,-4.1136,-0.04285714285714286
CA-2016-130946,2016-04-08,2016-04-12,ZC-21910,OFF-BI-10004995,Central,1088.792,4,0.8,-1850.9464,-1.7000000000000002
CA-2016-114727,2016-07-18,2016-07-24,LS-16945,FUR-CH-10002335,West,544.008,3,0.2,40.8006,0.075
CA-2016-114727,2016-07-18,2016-07-24,LS-16945,OFF-BI-10004967,West,1.872,3,0.7,-1.4352,-0.7666666666666666
CA-2016-114727,2016-07-18,2016-07-24,LS-16945,FUR-CH-10002331,West,854.352,3,0.2,10.6794,0.012499999999999999
CA-2016-114727,2016-07-18,2016-07-24,LS-16945,OFF-ST-10002292,West,593.568,2,0.2,0.0,0.0
CA-2016-114727,2016-07-18,2016-07-24,LS-16945,OFF-ST-10000689,West,338.04,3,0.2,-33.804,-0.1
CA-2017-133235,2017-08-01,2017-08-04,LH-16750,TEC-PH-10002660,South,271.96,5,0.2,16.9975,0.0625
CA-2016-137050,2016-07-14,2016-07-18,SW-20755,OFF-ST-10004634,East,11.21,1,0.0,3.363,0.3
CA-2016-137050,2016-07-14,2016-07-18,SW-20755,OFF-BI-10002160,East,9.144,3,0.2,3.2004,0.35000000000000003
CA-2016-137050,2016-07-14,2016-07-18,SW-20755,OFF-FA-10002988,East,14.07,7,0.0,6.8943,0.49
CA-2016-137050,2016-07-14,2016-07-18,SW-20755,OFF-AR-10004999,East,41.86,7,0.0,10.465,0.25
CA-2016-137050,2016-07-14,2016-07-18,SW-20755,OFF-BI-10001031,East,8.544,2,0.2,2.8836,0.33749999999999997
CA-2016-137050,2016-07-14,2016-07-18,SW-20755,FUR-BO-10004695,East,579.136,4,0.2,21.7176,0.037500000000000006
US-2017-118087,2017-09-09,2017-09-13,SP-20620,FUR-CH-10004860,East,141.372,2,0.3,-48.4704,-0.3428571428571428
US-2017-118087,2017-09-09,2017-09-13,SP-20620,OFF-BI-10002432,East,3.036,2,0.7,-2.3276,-0.7666666666666666
US-2017-118087,2017-09-09,2017-09-13,SP-20620,OFF-BI-10000069,East,4.503,1,0.7,-3.6024,-0.7999999999999999
US-2017-118087,2017-09-09,2017-09-13,SP-20620,OFF-AR-10003602,East,4.672,1,0.2,1.5768,0.3375
US-2017-118087,2017-09-09,2017-09-13,SP-20620,TEC-AC-10004469,East,95.88,3,0.2,28.764,0.3
US-2017-118087,2017-09-09,2017-09-13,SP-20620,FUR-FU-10001867,East,17.024,2,0.2,1.7024,0.09999999999999999
US-2017-118087,2017-09-09,2017-09-13,SP-20620,TEC-AC-10003174,East,258.696,3,0.2,64.674,0.25
US-2017-118087,2017-09-09,2017-09-13,SP-20620,TEC-PH-10002200,East,1931.958,7,0.4,-386.3916,-0.19999999999999998
CA-2014-110184,2014-07-12,2014-07-16,BF-11170,OFF-ST-10000107,West,249.75,9,0.0,44.955,0.18
CA-2014-110184,2014-07-12,2014-07-16,BF-11170,TEC-PH-10000439,West,255.936,8,0.2,28.7928,0.11249999999999999
CA-2016-126004,2016-12-04,2016-12-05,BM-11140,FUR-FU-10001602,East,113.79,3,0.0,20.4822,0.18
CA-2016-126004,2016-12-04,2016-12-05,BM-11140,TEC-AC-10001432,East,78.15,1,0.0,34.386,0.44
CA-2016-126004,2016-12-04,2016-12-05,BM-11140,OFF-BI-10004656,East,1.728,1,0.2,0.6048,0.35000000000000003
CA-2016-126004,2016-12-04,2016-12-05,BM-11140,OFF-PA-10001685,East,40.56,4,0.0,19.8744,0.49
CA-2016-126004,2016-12-04,2016-12-05,BM-11140,OFF-ST-10001418,East,182.94,3,0.0,3.6588,0.02
CA-2016-126004,2016-12-04,2016-12-05,BM-11140,OFF-ST-10000676,East,193.86,2,0.0,11.6316,0.06
CA-2017-100013,2017-11-06,2017-11-11,ZC-21910,OFF-EN-10001219,West,15.28,2,0.0,7.4872,0.49
CA-2017-100013,2017-11-06,2017-11-11,ZC-21910,FUR-FU-10001424,West,8.73,1,0.0,2.9682,0.33999999999999997
CA-2017-100013,2017-11-06,2017-11-11,ZC-21910,OFF-AR-10001022,West,5.68,2,0.0,1.7608,0.31
CA-2015-132570,2015-10-31,2015-11-02,KT-16480,OFF-AR-10000369,East,2.78,2,0.0,0.7228,0.26
CA-2015-132570,2015-10-31,2015-11-02,KT-16480,OFF-EN-10003055,East,79.96,2,0.0,35.982,0.45
CA-2016-153682,2016-05-30,2016-06-01,BG-11695,TEC-CO-10001046,East,839.988,2,0.4,69.999,0.08333333333333333
CA-2016-144344,2016-10-28,2016-10-28,PG-18820,FUR-FU-10000076,South,47.952,3,0.2,13.7862,0.2875
CA-2016-144344,2016-10-28,2016-10-28,PG-18820,OFF-BI-10003719,South,37.425,5,0.7,-29.94,-0.8
CA-2016-144344,2016-10-28,2016-10-28,PG-18820,FUR-FU-10003268,South,63.968,2,0.2,0.0,0.0
CA-2016-144344,2016-10-28,2016-10-28,PG-18820,FUR-FU-10003553,South,165.048,3,0.2,41.262,0.25
CA-2014-127012,2014-08-11,2014-08-15,GM-14680,FUR-FU-10003691,West,12.35,1,0.0,5.434,0.44
CA-2014-127012,2014-08-11,2014-08-15,GM-14680,OFF-AR-10003903,West,40.97,1,0.0,10.6522,0.26
CA-2014-127012,2014-08-11,2014-08-15,GM-14680,OFF-FA-10004854,West,22.96,2,0.0,10.7912,0.47
CA-2016-128727,2016-08-29,2016-09-04,MO-17800,TEC-PH-10003442,East,22.0,4,0.0,5.5,0.25
US-2016-162859,2016-02-15,2016-02-22,PG-18820,OFF-BI-10004519,East,398.352,3,0.2,124.485,0.3125
US-2016-162859,2016-02-15,2016-02-22,PG-18820,OFF-FA-10000304,East,8.72,4,0.0,3.5752,0.41
CA-2017-133641,2017-05-14,2017-05-21,EJ-14155,OFF-EN-10004955,South,48.69,9,0.0,23.8581,0.49000000000000005
CA-2014-168494,2014-12-12,2014-12-14,NP-18700,FUR-TA-10004619,West,764.688,6,0.2,95.586,0.125
CA-2014-168494,2014-12-12,2014-12-14,NP-18700,FUR-TA-10003473,West,3610.848,12,0.2,135.4068,0.0375
CA-2014-168494,2014-12-12,2014-12-14,NP-18700,FUR-BO-10004467,West,254.9745,3,0.15,11.9988,0.047058823529411764
CA-2017-115602,2017-12-18,2017-12-24,DJ-13630,OFF-AR-10002280,East,38.82,6,0.0,17.469,0.45
CA-2017-115602,2017-12-18,2017-12-24,DJ-13630,FUR-CH-10001708,East,1141.938,9,0.1,139.5702,0.1222222222222222
CA-2017-115602,2017-12-18,2017-12-24,DJ-13630,OFF-AP-10000891,East,1704.56,13,0.0,511.368,0.3
CA-2017-115602,2017-12-18,2017-12-24,DJ-13630,OFF-AR-10000462,East,3.2,2,0.0,1.376,0.42999999999999994
CA-2015-154956,2015-07-04,2015-07-09,IM-15070,TEC-PH-10004165,Central,1099.96,4,0.0,285.9896,0.26
CA-2017-144638,2017-03-10,2017-03-14,MH-18115,OFF-AR-10003958,East,5.248,2,0.2,0.5904,0.1125
CA-2017-144638,2017-03-10,2017-03-14,MH-18115,TEC-PH-10000149,East,35.91,3,0.4,-8.379,-0.23333333333333334
CA-2017-144638,2017-03-10,2017-03-14,MH-18115,FUR-FU-10003724,East,6.696,1,0.2,0.5022,0.075
CA-2017-144638,2017-03-10,2017-03-14,MH-18115,FUR-FU-10003535,East,43.872,2,0.2,11.5164,0.2625
US-2016-168620,2016-12-24,2016-12-28,RB-19795,OFF-BI-10001575,South,27.882,3,0.7,-20.4468,-0.7333333333333333
US-2016-168620,2016-12-24,2016-12-28,RB-19795,OFF-ST-10003716,South,540.048,3,0.2,-47.2542,-0.0875
US-2016-168620,2016-12-24,2016-12-28,RB-19795,TEC-AC-10004469,South,255.68,8,0.2,76.704,0.3
CA-2017-117079,2017-10-23,2017-10-27,JR-15700,TEC-PH-10004586,South,863.88,3,0.2,107.985,0.125
US-2016-144393,2016-10-28,2016-11-04,SM-20950,OFF-BI-10004236,South,17.616,4,0.7,-14.0928,-0.8
CA-2017-105053,2017-07-07,2017-07-09,CS-12355,OFF-BI-10001634,East,17.472,3,0.2,6.3336,0.36249999999999993
CA-2016-155992,2016-10-01,2016-10-02,CC-12220,TEC-PH-10000215,Central,69.9,2,0.0,18.873,0.27
CA-2016-155992,2016-10-01,2016-10-02,CC-12220,FUR-FU-10003724,Central,41.85,5,0.0,10.881,0.26
CA-2017-110380,2017-09-02,2017-09-07,PF-19225,OFF-AR-10000422,West,6.57,3,0.0,1.7739,0.27
US-2014-167738,2014-12-24,2014-12-29,JC-16105,OFF-ST-10003306,West,142.86,1,0.0,41.4294,0.29
US-2014-167738,2014-12-24,2014-12-29,JC-16105,FUR-CH-10001146,West,292.272,6,0.2,18.267,0.0625
CA-2017-121412,2017-09-23,2017-09-27,BG-11695,FUR-FU-10000246,West,29.328,3,0.2,3.666,0.125
CA-2017-100426,2017-06-04,2017-06-08,DC-12850,OFF-PA-10002870,South,12.48,2,0.0,5.616,0.44999999999999996
US-2016-103646,2016-04-21,2016-04-26,SP-20545,OFF-ST-10000563,Central,102.336,4,0.2,-12.792,-0.125
US-2016-103646,2016-04-21,2016-04-26,SP-20545,OFF-AP-10004487,Central,48.792,3,0.8,-126.8592,-2.6
US-2016-103646,2016-04-21,2016-04-26,SP-20545,OFF-BI-10002854,Central,44.848,8,0.8,-67.272,-1.5000000000000002
CA-2016-119186,2016-05-26,2016-05-26,MS-17710,OFF-PA-10004621,Central,10.368,2,0.2,3.6288,0.35
CA-2016-119186,2016-05-26,2016-05-26,MS-17710,FUR-CH-10001973,Central,388.43,5,0.3,-88.784,-0.2285714285714286
CA-2016-119186,2016-05-26,2016-05-26,MS-17710,OFF-PA-10004040,Central,14.352,3,0.2,5.2026,0.3625
CA-2016-119186,2016-05-26,2016-05-26,MS-17710,TEC-AC-10000580,Central,63.992,1,0.2,-7.1991,-0.1125
CA-2016-148698,2016-05-02,2016-05-07,BD-11770,OFF-AR-10004022,Central,86.352,3,0.2,5.397,0.0625
CA-2014-163293,2014-09-08,2014-09-11,KC-16255,TEC-AC-10004209,South,32.97,3,0.0,12.8583,0.39
CA-2014-163293,2014-09-08,2014-09-11,KC-16255,TEC-AC-10000023,South,83.88,4,0.0,30.1968,0.36000000000000004
CA-2016-160815,2016-09-05,2016-09-06,TR-21325,TEC-PH-10003505,Central,278.4,3,0.0,80.736,0.29000000000000004
CA-2017-122154,2017-04-09,2017-04-11,SA-20830,OFF-LA-10000121,South,15.12,3,0.2,4.914,0.325
CA-2017-122154,2017-04-09,2017-04-11,SA-20830,OFF-BI-10002026,South,17.43,1,0.7,-13.363,-0.7666666666666666
CA-2017-122154,2017-04-09,2017-04-11,SA-20830,OFF-PA-10000994,South,251.64,3,0.2,88.074,0.35000000000000003
US-2015-149692,2015-12-06,2015-12-12,KW-16435,OFF-BI-10002813,Central,2.772,7,0.8,-4.851,-1.7500000000000002
CA-2016-119445,2016-06-26,2016-07-03,GM-14500,OFF-ST-10000617,East,14.9,5,0.0,1.043,0.06999999999999999
CA-2015-124268,2015-07-04,2015-07-08,AD-10180,OFF-AR-10004817,East,15.48,3,0.0,4.4892,0.29000000000000004
CA-2016-154711,2016-11-22,2016-11-26,TB-21355,FUR-FU-10000397,East,39.88,2,0.0,11.1664,0.27999999999999997
CA-2016-154711,2016-11-22,2016-11-26,TB-21355,OFF-BI-10000605,East,12.192,4,0.2,4.1148,0.33749999999999997
CA-2016-154711,2016-11-22,2016-11-26,TB-21355,OFF-AR-10001860,East,20.82,3,0.0,7.4952,0.36
CA-2016-163384,2016-11-10,2016-11-12,CC-12430,OFF-BI-10004970,West,13.216,4,0.2,4.4604,0.3375
CA-2016-163384,2016-11-10,2016-11-12,CC-12430,OFF-PA-10003172,West,32.4,5,0.0,15.552,0.48
CA-2015-101707,2015-08-27,2015-09-01,PF-19165,OFF-SU-10001218,West,32.94,3,0.0,9.2232,0.28
CA-2015-101707,2015-08-27,2015-09-01,PF-19165,OFF-PA-10002968,West,114.2,5,0.0,52.532,0.45999999999999996
CA-2015-101707,2015-08-27,2015-09-01,PF-19165,OFF-LA-10000134,West,3.08,1,0.0,1.4784,0.48
CA-2015-138898,2015-05-25,2015-05-29,JH-16180,OFF-AP-10004487,West,845.728,13,0.2,84.5728,0.1
CA-2017-115427,2017-12-30,2018-01-03,EB-13975,OFF-BI-10002103,West,13.904,2,0.2,4.5188,0.32499999999999996
CA-2017-115427,2017-12-30,2018-01-03,EB-13975,OFF-BI-10004632,West,20.72,2,0.2,6.475,0.3125
CA-2016-134425,2016-12-08,2016-12-12,QJ-19255,TEC-PH-10003555,Central,114.95,5,0.0,2.299,0.02
CA-2015-121391,2015-10-04,2015-10-07,AA-10315,OFF-ST-10001590,West,26.96,2,0.0,7.0096,0.26
CA-2016-137043,2016-12-23,2016-12-25,LC-17140,FUR-FU-10003664,South,572.76,6,0.0,166.1004,0.29000000000000004
CA-2015-115847,2015-09-19,2015-09-24,TC-21535,FUR-BO-10003433,South,61.96,2,0.0,4.3372,0.07
US-2017-126179,2017-07-03,2017-07-07,CS-12460,FUR-FU-10002554,South,23.99,1,0.0,5.5177,0.23
US-2017-126179,2017-07-03,2017-07-07,CS-12460,TEC-PH-10001557,South,287.97,3,0.0,77.7519,0.27
CA-2016-101966,2016-07-14,2016-07-16,BM-11785,TEC-PH-10003437,Central,419.944,7,0.2,52.493,0.125
CA-2016-141397,2016-06-20,2016-06-21,RC-19825,OFF-PA-10002986,West,46.76,7,0.0,22.4448,0.48000000000000004
CA-2016-141397,2016-06-20,2016-06-21,RC-19825,OFF-BI-10000320,West,17.712,3,0.2,6.4206,0.36250000000000004
CA-2016-141397,2016-06-20,2016-06-21,RC-19825,OFF-AP-10003971,West,21.78,2,0.0,5.6628,0.25999999999999995
CA-2016-141397,2016-06-20,2016-06-21,RC-19825,OFF-ST-10001469,West,161.94,3,0.0,9.7164,0.060000000000000005
CA-2016-141397,2016-06-20,2016-06-21,RC-19825,FUR-CH-10003846,West,161.568,2,0.2,-8.0784,-0.049999999999999996
CA-2016-141082,2016-12-09,2016-12-13,FM-14380,OFF-LA-10001404,East,3.69,1,0.0,1.7343,0.47
CA-2016-141082,2016-12-09,2016-12-13,FM-14380,OFF-LA-10001474,East,122.12,4,0.0,56.1752,0.45999999999999996
US-2016-134488,2016-09-24,2016-10-01,PK-19075,FUR-CH-10003199,East,155.372,2,0.3,-13.3176,-0.08571428571428572
CA-2016-145919,2016-12-18,2016-12-23,HG-14965,OFF-PA-10003072,West,38.88,6,0.0,18.6624,0.48000000000000004
CA-2016-145919,2016-12-18,2016-12-23,HG-14965,FUR-FU-10004960,West,183.84,8,0.0,62.5056,0.34
CA-2016-145919,2016-12-18,2016-12-23,HG-14965,OFF-SU-10003505,West,579.3,5,0.0,28.965,0.05
CA-2017-157651,2017-12-10,2017-12-14,HA-14920,TEC-AC-10003116,East,14.2,1,0.2,3.3725,0.23750000000000002
CA-2014-160773,2014-07-01,2014-07-05,LW-16825,TEC-PH-10004586,South,575.92,2,0.2,71.99,0.125
CA-2014-160773,2014-07-01,2014-07-05,LW-16825,OFF-BI-10000546,South,5.184,6,0.7,-3.6288,-0.7
CA-2017-167703,2017-02-03,2017-02-08,MC-17575,OFF-BI-10002071,East,5.229,3,0.7,-4.1832,-0.8
CA-2017-167703,2017-02-03,2017-02-08,MC-17575,OFF-ST-10001490,East,285.552,2,0.2,35.694,0.125
CA-2017-121804,2017-03-03,2017-03-08,LP-17095,OFF-AP-10004859,South,72.8,5,0.0,19.656,0.27
CA-2017-162635,2017-10-09,2017-10-10,EB-14170,OFF-PA-10002659,South,10.816,4,0.2,3.5152,0.325
CA-2014-107153,2014-09-28,2014-10-03,GZ-14545,OFF-ST-10001321,East,46.26,3,0.0,12.4902,0.27
US-2014-117058,2014-05-27,2014-05-30,LE-16810,OFF-BI-10004139,Central,17.46,6,0.8,-30.555,-1.75
CA-2015-120439,2015-06-14,2015-06-18,AD-10180,FUR-FU-10001867,East,51.072,6,0.2,5.1072,0.09999999999999999
CA-2016-128258,2016-03-30,2016-04-01,CP-12085,OFF-PA-10004156,East,11.34,1,0.0,5.5566,0.49000000000000005
CA-2017-106033,2017-10-15,2017-10-18,FG-14260,OFF-AR-10002818,West,87.92,4,0.0,26.376,0.3
CA-2016-142762,2016-05-23,2016-05-27,LD-17005,FUR-FU-10003691,West,37.05,3,0.0,16.302,0.44
CA-2017-127705,2017-06-02,2017-06-06,AB-10255,TEC-PH-10000347,East,2.97,1,0.4,-0.6435,-0.21666666666666665
CA-2017-127705,2017-06-02,2017-06-06,AB-10255,OFF-ST-10004507,East,27.44,2,0.2,2.401,0.0875
CA-2014-122567,2014-02-16,2014-02-21,MN-17935,OFF-BI-10002012,Central,1.08,3,0.8,-1.728,-1.5999999999999999
CA-2014-122567,2014-02-16,2014-02-21,MN-17935,OFF-AP-10001303,Central,7.96,2,0.8,-13.93,-1.75
CA-2014-121664,2014-05-06,2014-05-10,HP-14815,OFF-BI-10003684,West,140.736,8,0.2,52.776,0.37500000000000006
CA-2016-122133,2016-05-16,2016-05-23,JR-15670,OFF-ST-10002574,East,552.56,4,0.0,0.0,0.0
US-2017-123281,2017-04-02,2017-04-07,JF-15190,FUR-FU-10003724,West,25.11,3,0.0,6.5286,0.26
CA-2017-100524,2017-03-31,2017-04-02,CM-12115,FUR-FU-10004018,East,29.78,2,0.0,8.0406,0.26999999999999996
CA-2017-100524,2017-03-31,2017-04-02,CM-12115,TEC-PH-10002549,East,677.58,3,0.0,176.1708,0.26
CA-2017-100524,2017-03-31,2017-04-02,CM-12115,OFF-PA-10004911,East,75.04,8,0.0,36.0192,0.4799999999999999
CA-2017-113481,2017-01-02,2017-01-04,AS-10045,TEC-MA-10002178,South,695.7,2,0.5,-27.828,-0.039999999999999994
CA-2017-113481,2017-01-02,2017-01-04,AS-10045,OFF-BI-10003694,South,15.66,5,0.7,-12.528,-0.8
CA-2017-113481,2017-01-02,2017-01-04,AS-10045,OFF-BI-10000474,South,28.854,6,0.7,-21.1596,-0.7333333333333334
CA-2015-131758,2015-05-28,2015-06-01,KB-16315,OFF-AR-10000411,East,47.82,3,0.0,14.346,0.3
CA-2015-131758,2015-05-28,2015-06-01,KB-16315,OFF-LA-10000262,East,13.05,5,0.0,6.003,0.45999999999999996
CA-2014-118339,2014-03-17,2014-03-24,BN-11515,OFF-AP-10001154,Central,93.78,2,0.0,36.5742,0.38999999999999996
CA-2014-118339,2014-03-17,2014-03-24,BN-11515,OFF-PA-10000466,Central,47.18,7,0.0,23.59,0.5
CA-2014-118339,2014-03-17,2014-03-24,BN-11515,OFF-AR-10003829,Central,19.68,6,0.0,5.7072,0.29000000000000004
CA-2014-118339,2014-03-17,2014-03-24,BN-11515,OFF-BI-10001758,Central,53.4,10,0.0,25.098,0.47
CA-2014-118339,2014-03-17,2014-03-24,BN-11515,OFF-BI-10000136,Central,35.88,6,0.0,17.2224,0.48
CA-2014-153976,2014-10-03,2014-10-08,BP-11290,FUR-CH-10002880,Central,258.279,3,0.3,-70.1043,-0.2714285714285714
CA-2016-162901,2016-03-28,2016-03-31,AS-10045,OFF-ST-10000649,South,31.4,2,0.0,7.85,0.25
CA-2017-162978,2017-05-04,2017-05-09,LW-16990,TEC-PH-10003092,West,183.96,5,0.2,20.6955,0.11249999999999999
CA-2017-162978,2017-05-04,2017-05-09,LW-16990,OFF-PA-10002250,West,17.61,3,0.0,8.4528,0.48
CA-2017-162978,2017-05-04,2017-05-09,LW-16990,FUR-TA-10003473,West,300.904,1,0.2,11.2839,0.0375
US-2014-160444,2014-07-05,2014-07-05,DC-12850,OFF-ST-10001522,Central,220.776,3,0.2,-44.1552,-0.19999999999999998
US-2014-160444,2014-07-05,2014-07-05,DC-12850,OFF-ST-10000563,Central,281.424,11,0.2,-35.178,-0.125
CA-2016-145247,2016-05-05,2016-05-07,ND-18370,OFF-PA-10003641,South,79.14,3,0.0,36.4044,0.46
CA-2017-160045,2017-04-26,2017-04-27,LB-16735,FUR-FU-10000010,Central,1.988,1,0.6,-1.4413,-0.725
US-2014-151925,2014-09-26,2014-10-01,KT-16465,FUR-CH-10002961,West,145.568,2,0.2,0.0,0.0
CA-2017-125199,2017-10-19,2017-10-25,HM-14860,OFF-AR-10002956,East,123.256,7,0.2,9.2442,0.075
CA-2017-125199,2017-10-19,2017-10-25,HM-14860,OFF-PA-10004041,East,23.68,4,0.2,7.4,0.3125
CA-2017-125199,2017-10-19,2017-10-25,HM-14860,TEC-PH-10001336,East,309.576,4,0.4,-56.7556,-0.18333333333333332
US-2017-155425,2017-11-10,2017-11-11,AB-10600,OFF-BI-10001036,West,38.388,14,0.7,-25.592,-0.6666666666666666
US-2017-155425,2017-11-10,2017-11-11,AB-10600,TEC-MA-10003183,West,95.994,2,0.7,-63.996,-0.6666666666666667
US-2017-155425,2017-11-10,2017-11-11,AB-10600,TEC-AC-10001314,West,239.952,6,0.2,-35.9928,-0.15000000000000002
US-2017-155425,2017-11-10,2017-11-11,AB-10600,TEC-PH-10002563,West,201.584,2,0.2,15.1188,0.075
US-2017-155425,2017-11-10,2017-11-11,AB-10600,FUR-CH-10003312,West,899.136,4,0.2,-146.1096,-0.1625
CA-2017-133249,2017-07-08,2017-07-11,SZ-20035,FUR-FU-10001588,West,145.9,5,0.0,62.737,0.43
US-2015-103471,2015-12-24,2015-12-28,JR-15670,FUR-BO-10002613,West,590.058,7,0.7,-786.744,-1.3333333333333335
US-2015-103471,2015-12-24,2015-12-28,JR-15670,OFF-AR-10003405,West,14.04,3,0.2,1.5795,0.1125
CA-2017-136672,2017-03-07,2017-03-12,MG-17890,TEC-AC-10004510,East,49.08,3,0.0,4.908,0.1
US-2014-157021,2014-04-01,2014-04-06,KM-16720,OFF-LA-10002312,West,29.6,2,0.0,14.8,0.5
US-2014-157021,2014-04-01,2014-04-06,KM-16720,OFF-BI-10000042,West,17.088,4,0.2,5.5536,0.325
CA-2015-120362,2015-09-14,2015-09-19,CA-12265,FUR-TA-10003008,West,912.75,5,0.0,118.6575,0.13
CA-2014-126361,2014-08-04,2014-08-09,VD-21670,OFF-AP-10003590,West,1089.75,3,0.0,305.13,0.27999999999999997
CA-2014-126361,2014-08-04,2014-08-09,VD-21670,OFF-PA-10000806,West,447.84,8,0.0,219.4416,0.49
CA-2014-126361,2014-08-04,2014-08-09,VD-21670,OFF-AR-10000896,West,16.4,5,0.0,4.264,0.26000000000000006
CA-2014-126361,2014-08-04,2014-08-09,VD-21670,TEC-PH-10002310,West,399.96,5,0.2,34.9965,0.0875
CA-2014-126361,2014-08-04,2014-08-09,VD-21670,OFF-ST-10002289,West,158.9,5,0.0,7.945,0.05
CA-2014-126361,2014-08-04,2014-08-09,VD-21670,OFF-BI-10002852,West,13.184,1,0.2,4.7792,0.36250000000000004
US-2016-100566,2016-09-03,2016-09-09,JK-16120,FUR-FU-10003394,Central,83.952,3,0.6,-90.2484,-1.0750000000000002
US-2016-108504,2016-02-05,2016-02-05,PP-18955,OFF-ST-10002344,South,80.98,1,0.0,1.6196,0.019999999999999997
US-2016-108504,2016-02-05,2016-02-05,PP-18955,OFF-PA-10001289,South,348.84,9,0.0,170.9316,0.49000000000000005
US-2016-108504,2016-02-05,2016-02-05,PP-18955,OFF-FA-10000053,South,9.45,5,0.0,0.189,0.02
US-2016-108504,2016-02-05,2016-02-05,PP-18955,FUR-FU-10004091,South,18.84,3,0.0,7.1592,0.38
US-2016-108504,2016-02-05,2016-02-05,PP-18955,FUR-BO-10004015,South,239.98,2,0.0,52.7956,0.22
US-2016-108504,2016-02-05,2016-02-05,PP-18955,OFF-EN-10003001,South,167.96,2,0.0,78.9412,0.47
US-2016-108504,2016-02-05,2016-02-05,PP-18955,TEC-PH-10000215,South,104.85,3,0.0,28.3095,0.27
US-2016-108504,2016-02-05,2016-02-05,PP-18955,TEC-PH-10003645,South,484.83,3,0.0,126.0558,0.26
US-2016-108504,2016-02-05,2016-02-05,PP-18955,OFF-PA-10000357,South,122.97,3,0.0,60.2553,0.49
US-2016-108504,2016-02-05,2016-02-05,PP-18955,OFF-ST-10004804,South,154.44,3,0.0,1.5444,0.01
US-2016-108504,2016-02-05,2016-02-05,PP-18955,OFF-PA-10003892,South,342.37,7,0.0,160.9139,0.47000000000000003
CA-2017-124828,2017-07-03,2017-07-04,YS-21880,OFF-AR-10003514,South,9.552,3,0.2,1.5522,0.1625
US-2017-117247,2017-10-09,2017-10-14,CK-12760,FUR-TA-10002958,Central,652.45,5,0.5,-430.617,-0.66
US-2017-117247,2017-10-09,2017-10-14,CK-12760,FUR-TA-10001676,Central,66.645,3,0.5,-42.6528,-0.64
CA-2016-124485,2016-11-24,2016-11-26,NC-18340,OFF-BI-10000822,East,17.216,4,0.2,6.0256,0.35
CA-2016-124485,2016-11-24,2016-11-26,NC-18340,OFF-PA-10004971,East,11.56,2,0.0,5.6644,0.48999999999999994
CA-2016-124485,2016-11-24,2016-11-26,NC-18340,TEC-AC-10002323,East,88.4,4,0.0,11.492,0.13
CA-2016-124485,2016-11-24,2016-11-26,NC-18340,OFF-PA-10004888,East,6.48,1,0.0,3.1104,0.4799999999999999
CA-2016-159212,2016-11-01,2016-11-05,KM-16375,TEC-PH-10003988,South,21.8,2,0.0,6.104,0.27999999999999997
CA-2016-159212,2016-11-01,2016-11-05,KM-16375,OFF-EN-10002230,South,251.79,3,0.0,118.3413,0.47000000000000003
US-2016-161396,2016-04-19,2016-04-25,GM-14455,FUR-TA-10002622,East,205.176,2,0.4,-58.1332,-0.2833333333333334
US-2016-161396,2016-04-19,2016-04-25,GM-14455,OFF-PA-10000418,East,419.4,5,0.2,146.79,0.35
US-2014-118486,2014-04-06,2014-04-08,SD-20485,OFF-SU-10004498,East,10.304,1,0.2,-2.1896,-0.2125
US-2014-118486,2014-04-06,2014-04-08,SD-20485,FUR-TA-10001039,East,154.764,3,0.4,-36.1116,-0.23333333333333334
US-2014-118486,2014-04-06,2014-04-08,SD-20485,TEC-AC-10004659,East,116.784,2,0.2,21.897,0.18749999999999997
CA-2016-130407,2016-09-02,2016-09-06,KD-16270,OFF-AR-10002240,East,75.48,2,0.0,19.6248,0.26
CA-2016-130407,2016-09-02,2016-09-06,KD-16270,FUR-FU-10001967,East,39.98,2,0.0,9.995,0.25
US-2016-122245,2016-09-25,2016-09-30,AB-10105,FUR-TA-10002356,West,393.165,3,0.5,-204.4458,-0.5199999999999999
CA-2017-105144,2017-11-04,2017-11-11,SZ-20035,OFF-LA-10003923,Central,23.68,2,0.2,8.88,0.37500000000000006
CA-2016-136329,2016-07-09,2016-07-13,JD-15895,FUR-CH-10002335,East,408.006,2,0.1,72.5344,0.1777777777777778
CA-2016-136329,2016-07-09,2016-07-13,JD-15895,FUR-FU-10000723,East,165.28,4,0.0,14.8752,0.09
CA-2014-146640,2014-06-30,2014-07-05,HA-14905,OFF-BI-10002867,East,334.768,7,0.2,108.7996,0.325
CA-2017-115994,2017-01-28,2017-01-31,BT-11305,TEC-AC-10000580,West,239.97,3,0.0,26.3967,0.11
CA-2017-115994,2017-01-28,2017-01-31,BT-11305,FUR-FU-10003976,West,37.74,3,0.0,12.8316,0.33999999999999997
CA-2015-126697,2015-09-21,2015-09-24,SV-20815,TEC-PH-10002922,Central,946.344,7,0.2,118.293,0.125
CA-2015-126697,2015-09-21,2015-09-24,SV-20815,TEC-AC-10004353,Central,151.2,3,0.2,32.13,0.21250000000000002
CA-2015-126697,2015-09-21,2015-09-24,SV-20815,FUR-FU-10001706,Central,4.928,4,0.6,-1.4784,-0.3
CA-2015-124800,2015-09-26,2015-09-30,RW-19540,OFF-PA-10000501,West,86.272,4,0.2,31.2736,0.36249999999999993
CA-2015-124800,2015-09-26,2015-09-30,RW-19540,OFF-BI-10000778,West,72.588,2,0.7,-48.392,-0.6666666666666667
CA-2015-124800,2015-09-26,2015-09-30,RW-19540,OFF-AP-10004980,West,60.672,2,0.2,14.4096,0.2375
CA-2015-124800,2015-09-26,2015-09-30,RW-19540,OFF-BI-10003984,West,77.031,9,0.7,-59.0571,-0.7666666666666666
CA-2015-124800,2015-09-26,2015-09-30,RW-19540,OFF-ST-10000798,West,119.904,6,0.2,-1.4988,-0.012499999999999999
CA-2015-124800,2015-09-26,2015-09-30,RW-19540,TEC-PH-10001750,West,263.96,5,0.2,23.0965,0.08750000000000001
CA-2015-124800,2015-09-26,2015-09-30,RW-19540,OFF-ST-10002743,West,363.648,4,0.2,-86.3664,-0.2375
US-2015-164448,2015-10-31,2015-11-04,DK-12835,OFF-BI-10002949,West,9.728,2,0.2,3.2832,0.3375
US-2015-164448,2015-10-31,2015-11-04,DK-12835,OFF-EN-10002600,West,14.75,5,0.0,7.08,0.48
US-2015-164448,2015-10-31,2015-11-04,DK-12835,OFF-BI-10003708,West,29.8,5,0.2,9.3125,0.3125
US-2015-164448,2015-10-31,2015-11-04,DK-12835,OFF-LA-10003510,West,427.42,14,0.0,196.6132,0.46
CA-2017-122700,2017-11-26,2017-11-30,LT-17110,TEC-PH-10003092,East,220.752,8,0.4,-40.4712,-0.18333333333333335
CA-2014-120768,2014-12-19,2014-12-21,IM-15070,OFF-BI-10001191,South,152.76,6,0.0,74.8524,0.49000000000000005
CA-2014-120768,2014-12-19,2014-12-21,IM-15070,OFF-SU-10004115,South,7.27,1,0.0,1.9629,0.27
CA-2014-120768,2014-12-19,2014-12-21,IM-15070,FUR-CH-10000513,South,1819.86,14,0.0,163.7874,0.09
US-2016-153129,2016-12-26,2016-12-30,FP-14320,OFF-PA-10003673,West,33.9,5,0.0,15.594,0.46
CA-2017-106852,2017-06-20,2017-06-27,ST-20530,OFF-PA-10001639,East,31.104,6,0.2,10.8864,0.35000000000000003
CA-2017-106852,2017-06-20,2017-06-27,ST-20530,OFF-AR-10003829,East,5.248,2,0.2,0.5904,0.1125
CA-2015-139731,2015-10-15,2015-10-15,JE-15745,TEC-AC-10004975,Central,263.88,3,0.2,42.8805,0.1625
CA-2015-139731,2015-10-15,2015-10-15,JE-15745,FUR-CH-10002024,Central,2453.43,5,0.3,-350.49,-0.14285714285714288
CA-2017-122735,2017-04-12,2017-04-15,BD-11320,OFF-BI-10004364,East,29.7,5,0.0,13.365,0.45
CA-2017-122735,2017-04-12,2017-04-15,BD-11320,OFF-PA-10001712,East,39.96,4,0.0,17.982,0.44999999999999996
CA-2017-128160,2017-12-19,2017-12-24,MM-17920,OFF-BI-10001510,West,36.672,2,0.2,11.46,0.31250000000000006
CA-2017-117695,2017-08-05,2017-08-08,PW-19030,OFF-PA-10002713,South,13.76,2,0.0,6.3296,0.46
CA-2015-166135,2015-10-01,2015-10-06,SC-20440,OFF-ST-10002974,West,139.424,4,0.2,17.428,0.125
CA-2016-133725,2016-05-23,2016-05-28,KL-16645,TEC-PH-10004165,Central,1979.928,9,0.2,148.4946,0.075
CA-2017-102337,2017-06-13,2017-06-16,SD-20485,OFF-ST-10004804,Central,164.736,4,0.2,-39.1248,-0.23750000000000002
CA-2017-102337,2017-06-13,2017-06-16,SD-20485,FUR-CH-10004289,Central,470.302,7,0.3,-87.3418,-0.18571428571428572
CA-2017-102337,2017-06-13,2017-06-16,SD-20485,TEC-PH-10002564,Central,47.984,2,0.2,5.998,0.125
US-2014-112564,2014-04-23,2014-04-24,TS-21160,OFF-BI-10004876,East,2.502,3,0.7,-1.7514,-0.7000000000000001
CA-2015-145821,2015-05-01,2015-05-07,JB-15400,TEC-PH-10004348,West,88.752,3,0.2,11.094,0.125
US-2015-160150,2015-07-19,2015-07-20,TS-21085,OFF-BI-10004352,West,2.025,1,0.7,-1.35,-0.6666666666666667
CA-2016-133711,2016-11-26,2016-11-29,MC-17425,OFF-PA-10001685,South,70.98,7,0.0,34.7802,0.49
CA-2016-133711,2016-11-26,2016-11-29,MC-17425,OFF-BI-10000666,South,91.68,3,0.0,45.84,0.5
CA-2016-133711,2016-11-26,2016-11-29,MC-17425,OFF-BI-10004352,South,33.75,5,0.0,16.875,0.5
CA-2016-133711,2016-11-26,2016-11-29,MC-17425,TEC-MA-10000010,South,3040.0,8,0.0,1459.2,0.48000000000000004
CA-2017-148474,2017-06-12,2017-06-19,ME-17320,OFF-BI-10000977,South,91.2,3,0.0,41.952,0.45999999999999996
CA-2017-148474,2017-06-12,2017-06-19,ME-17320,FUR-TA-10002530,South,452.94,3,0.0,67.941,0.15
CA-2015-111297,2015-08-17,2015-08-21,SC-20440,OFF-BI-10002412,East,52.2,9,0.0,23.49,0.44999999999999996
CA-2016-123722,2016-09-25,2016-10-01,NH-18610,OFF-LA-10001569,Central,15.936,4,0.2,5.1792,0.325
CA-2014-155271,2014-05-04,2014-05-04,AA-10480,FUR-FU-10001473,East,27.46,2,0.0,9.8856,0.36
CA-2015-119907,2015-12-01,2015-12-08,LC-17140,OFF-BI-10001765,West,55.424,2,0.2,19.3984,0.35
US-2016-128902,2016-03-11,2016-03-15,MB-18085,FUR-TA-10001095,East,244.006,2,0.3,-31.3722,-0.12857142857142856
CA-2016-152289,2016-08-26,2016-08-28,LC-16930,TEC-AC-10004571,Central,159.984,2,0.2,43.9956,0.275
CA-2016-152289,2016-08-26,2016-08-28,LC-16930,FUR-CH-10002126,Central,1024.716,6,0.3,-29.2776,-0.028571428571428574
US-2016-104794,2016-12-16,2016-12-19,KD-16495,OFF-FA-10001754,East,3.68,2,0.0,1.8032,0.48999999999999994
CA-2014-151708,2014-08-08,2014-08-14,MB-17305,FUR-FU-10001602,West,121.376,4,0.2,-3.0344,-0.025
CA-2014-151708,2014-08-08,2014-08-14,MB-17305,TEC-AC-10001767,West,95.976,3,0.2,-10.7973,-0.1125
CA-2015-100769,2015-05-16,2015-05-16,TH-21550,TEC-AC-10002402,South,255.968,4,0.2,31.996,0.125
CA-2017-139199,2017-12-09,2017-12-13,DK-12835,FUR-CH-10000847,Central,872.94,3,0.0,226.9644,0.26
CA-2017-139199,2017-12-09,2017-12-13,DK-12835,OFF-BI-10003982,Central,41.54,2,0.0,19.5238,0.47000000000000003
CA-2017-139199,2017-12-09,2017-12-13,DK-12835,OFF-PA-10001293,Central,12.96,2,0.0,6.2208,0.4799999999999999
US-2015-161466,2015-09-24,2015-09-27,ON-18715,OFF-AR-10000634,East,6.848,2,0.2,0.5992,0.0875
CA-2017-164959,2017-07-11,2017-07-15,KN-16390,OFF-LA-10004272,West,8.67,3,0.0,4.0749,0.47000000000000003
US-2015-105676,2015-12-01,2015-12-02,NM-18520,FUR-FU-10004270,Central,6.688,4,0.6,-4.0128,-0.6000000000000001
CA-2016-113138,2016-11-19,2016-11-25,NP-18685,OFF-AR-10003770,East,17.28,6,0.0,5.0112,0.29
CA-2016-113138,2016-11-19,2016-11-25,NP-18685,OFF-BI-10000320,East,17.712,3,0.2,6.4206,0.36250000000000004
US-2017-104955,2017-03-19,2017-03-24,CG-12040,OFF-LA-10003121,East,28.91,7,0.0,13.2986,0.46
CA-2016-121958,2016-11-13,2016-11-17,CS-12505,OFF-SU-10000381,South,52.136,7,0.2,5.8653,0.1125
CA-2017-121468,2017-11-19,2017-11-20,KD-16345,TEC-PH-10000376,West,31.968,4,0.2,2.3976,0.07500000000000001
US-2016-108455,2016-12-02,2016-12-08,MK-18160,OFF-PA-10002262,West,25.92,4,0.0,12.4416,0.4799999999999999
US-2016-108455,2016-12-02,2016-12-08,MK-18160,OFF-PA-10002464,West,40.46,7,0.0,19.8254,0.48999999999999994
US-2016-108455,2016-12-02,2016-12-08,MK-18160,OFF-ST-10002214,West,33.87,3,0.0,8.8062,0.26
CA-2017-101210,2017-08-25,2017-08-28,DW-13540,OFF-AR-10003560,South,9.728,2,0.2,1.7024,0.175
CA-2017-101210,2017-08-25,2017-08-28,DW-13540,OFF-PA-10000130,South,3.424,1,0.2,1.07,0.3125
US-2016-108098,2016-10-14,2016-10-18,CP-12340,TEC-AC-10000865,West,177.0,3,0.0,30.09,0.17
CA-2014-119032,2014-11-27,2014-12-03,MS-17770,OFF-FA-10003021,East,3.76,2,0.0,1.316,0.35000000000000003
CA-2015-140410,2015-11-03,2015-11-07,CM-12655,TEC-PH-10003580,West,1212.848,7,0.2,106.1242,0.08750000000000001
CA-2015-140410,2015-11-03,2015-11-07,CM-12655,TEC-AC-10001109,West,89.97,3,0.0,37.7874,0.42
CA-2015-140410,2015-11-03,2015-11-07,CM-12655,FUR-FU-10003347,West,42.6,3,0.0,16.614,0.39
CA-2014-136280,2014-11-29,2014-12-06,Co-12640,OFF-LA-10000452,East,5.04,2,0.2,1.764,0.35
CA-2017-151911,2017-04-30,2017-05-05,DL-13495,OFF-EN-10002986,East,62.96,4,0.0,28.332,0.45
CA-2017-166436,2017-11-24,2017-11-28,TS-21370,OFF-PA-10001838,East,5.88,1,0.0,2.8812,0.49000000000000005
CA-2017-166436,2017-11-24,2017-11-28,TS-21370,FUR-CH-10000785,East,977.292,6,0.1,173.7408,0.17777777777777778
CA-2017-139661,2017-10-30,2017-11-03,JW-15220,FUR-FU-10002885,West,9.64,2,0.0,3.6632,0.37999999999999995
CA-2014-123925,2014-12-17,2014-12-19,RF-19840,OFF-AR-10002952,South,40.05,3,0.0,11.214,0.28
CA-2017-152485,2017-09-04,2017-09-08,JD-15790,OFF-AR-10003759,Central,10.192,7,0.2,3.185,0.3125
CA-2017-152485,2017-09-04,2017-09-08,JD-15790,OFF-ST-10004950,Central,16.784,1,0.2,-0.2098,-0.0125
CA-2017-152485,2017-09-04,2017-09-08,JD-15790,OFF-AR-10001940,Central,13.12,5,0.2,3.772,0.2875
CA-2016-141586,2016-10-17,2016-10-20,NK-18490,OFF-BI-10003981,West,18.16,5,0.2,6.583,0.3625
CA-2017-130386,2017-11-12,2017-11-18,NG-18430,OFF-PA-10002749,Central,16.056,3,0.2,5.8203,0.36249999999999993
CA-2017-130386,2017-11-12,2017-11-18,NG-18430,OFF-PA-10003823,Central,223.056,9,0.2,69.705,0.3125
CA-2017-130386,2017-11-12,2017-11-18,NG-18430,OFF-ST-10003716,Central,540.048,3,0.2,-47.2542,-0.0875
CA-2016-100468,2016-11-24,2016-12-01,AT-10435,TEC-PH-10001300,West,33.52,2,0.2,3.352,0.09999999999999999
CA-2016-100468,2016-11-24,2016-12-01,AT-10435,FUR-FU-10000010,West,9.94,2,0.0,3.0814,0.31
CA-2015-153388,2015-08-01,2015-08-07,PC-19000,OFF-AR-10001868,West,6.72,4,0.0,3.36,0.5
CA-2015-153388,2015-08-01,2015-08-07,PC-19000,FUR-TA-10003715,West,1004.976,6,0.2,-175.8708,-0.17500000000000002
CA-2017-154935,2017-12-24,2017-12-29,AR-10540,OFF-BI-10003708,East,17.88,3,0.2,5.5875,0.31250000000000006
CA-2016-134208,2016-09-17,2016-09-23,CS-12505,TEC-MA-10004458,South,396.0,4,0.0,190.08,0.48000000000000004
CA-2017-108294,2017-12-10,2017-12-10,LS-16975,OFF-BI-10004965,Central,34.5,3,0.0,15.525,0.45
CA-2017-103611,2017-09-12,2017-09-15,JM-15535,FUR-FU-10004270,West,8.36,2,0.0,3.0096,0.36
CA-2017-100384,2017-06-24,2017-07-01,NH-18610,OFF-AR-10002135,West,385.6,8,0.0,111.824,0.29
CA-2017-100384,2017-06-24,2017-07-01,NH-18610,OFF-AR-10003514,West,35.82,9,0.0,11.8206,0.33
CA-2017-112809,2017-08-18,2017-08-22,RA-19915,OFF-ST-10002276,Central,200.064,3,0.2,12.504,0.0625
CA-2017-112809,2017-08-18,2017-08-22,RA-19915,OFF-BI-10001098,Central,21.38,5,0.8,-33.139,-1.5500000000000003
CA-2017-112809,2017-08-18,2017-08-22,RA-19915,OFF-BI-10001636,Central,6.744,4,0.8,-11.4648,-1.7000000000000002
US-2017-160759,2017-12-11,2017-12-17,AI-10855,FUR-CH-10002961,East,63.686,1,0.3,-9.098,-0.14285714285714288
CA-2017-148446,2017-12-10,2017-12-14,MC-17845,FUR-TA-10004256,West,1669.6,4,0.0,116.872,0.07
CA-2014-111059,2014-02-03,2014-02-06,TB-21400,OFF-BI-10004593,West,83.84,2,0.2,27.248,0.325
CA-2014-111059,2014-02-03,2014-02-06,TB-21400,OFF-BI-10002827,West,13.272,3,0.2,4.3134,0.32499999999999996
CA-2017-116204,2017-02-11,2017-02-14,VW-21775,OFF-BI-10001759,West,21.336,7,0.2,7.7343,0.36250000000000004
CA-2017-109946,2017-04-16,2017-04-21,PL-18925,OFF-AR-10001419,Central,16.52,5,0.2,2.065,0.125
CA-2015-144806,2015-12-06,2015-12-11,GH-14425,FUR-FU-10002253,West,206.112,6,0.2,48.9516,0.2375
CA-2015-144806,2015-12-06,2015-12-11,GH-14425,OFF-PA-10002586,West,19.92,5,0.2,6.723,0.33749999999999997
CA-2015-144806,2015-12-06,2015-12-11,GH-14425,OFF-PA-10003039,West,198.272,8,0.2,61.96,0.3125
CA-2015-144806,2015-12-06,2015-12-11,GH-14425,OFF-ST-10004804,West,247.104,6,0.2,-58.6872,-0.2375
CA-2015-144806,2015-12-06,2015-12-11,GH-14425,OFF-AR-10004042,West,86.304,6,0.2,9.7092,0.11249999999999999
CA-2016-122392,2016-07-22,2016-07-27,CJ-12010,OFF-AR-10002221,East,4.16,2,0.2,0.364,0.0875
CA-2016-122392,2016-07-22,2016-07-27,CJ-12010,FUR-FU-10002456,East,11.648,2,0.2,3.3488,0.28750000000000003
CA-2015-148432,2015-11-07,2015-11-10,MC-18130,OFF-FA-10004968,East,26.18,7,0.0,0.5236,0.019999999999999997
CA-2015-148432,2015-11-07,2015-11-10,MC-18130,OFF-PA-10001274,East,7.3,2,0.0,3.431,0.47000000000000003
CA-2015-103793,2015-03-26,2015-03-31,BV-11245,OFF-PA-10001125,South,74.352,3,0.2,23.235,0.3125
CA-2017-159884,2017-08-31,2017-09-05,JF-15490,OFF-ST-10000344,West,10.744,1,0.2,0.8058,0.075
CA-2017-159884,2017-08-31,2017-09-05,JF-15490,OFF-FA-10000585,West,8.376,3,0.2,2.7222,0.325
CA-2016-139885,2016-12-04,2016-12-08,EB-13840,OFF-ST-10003324,East,212.88,6,0.0,0.0,0.0
CA-2017-124086,2017-02-10,2017-02-14,MP-18175,FUR-BO-10004015,West,203.983,2,0.15,16.7986,0.08235294117647059
CA-2016-112389,2016-10-29,2016-11-02,JM-15655,OFF-ST-10000419,East,40.74,3,0.0,0.4074,0.009999999999999998
CA-2016-112389,2016-10-29,2016-11-02,JM-15655,OFF-AP-10001626,East,11.67,3,0.0,3.0342,0.26
CA-2017-121888,2017-09-15,2017-09-17,CL-11890,TEC-PH-10000439,East,39.99,1,0.0,11.5971,0.29
CA-2017-121888,2017-09-15,2017-09-17,CL-11890,OFF-AR-10003478,East,16.28,2,0.0,6.512,0.39999999999999997
CA-2017-121888,2017-09-15,2017-09-17,CL-11890,FUR-BO-10002545,East,782.94,3,0.0,203.5644,0.26
CA-2017-121888,2017-09-15,2017-09-17,CL-11890,OFF-BI-10001765,East,242.48,7,0.0,116.3904,0.48000000000000004
CA-2014-166884,2014-03-11,2014-03-16,CK-12205,FUR-FU-10003981,East,8.32,5,0.2,2.288,0.27499999999999997
CA-2014-166884,2014-03-11,2014-03-16,CK-12205,OFF-FA-10001561,East,10.464,6,0.2,1.7004,0.16249999999999998
CA-2014-107181,2014-02-04,2014-02-08,DB-13270,OFF-BI-10004230,West,82.896,3,0.2,29.0136,0.35
CA-2014-107181,2014-02-04,2014-02-08,DB-13270,OFF-PA-10000350,West,34.24,4,0.0,16.0928,0.47
CA-2014-150245,2014-12-31,2015-01-04,PC-18745,FUR-BO-10002613,East,1573.488,7,0.2,196.686,0.125
CA-2015-111395,2015-11-23,2015-11-27,VB-21745,OFF-PA-10000994,Central,335.52,4,0.2,117.432,0.35000000000000003
CA-2015-111395,2015-11-23,2015-11-27,VB-21745,OFF-BI-10002867,Central,23.912,2,0.8,-40.6504,-1.7
CA-2015-111395,2015-11-23,2015-11-27,VB-21745,OFF-ST-10001291,Central,27.056,2,0.2,2.3674,0.0875
CA-2014-134278,2014-07-06,2014-07-08,EP-13915,TEC-CO-10001046,East,559.992,1,0.2,174.9975,0.3125
US-2017-124926,2017-11-13,2017-11-18,ME-17320,OFF-AP-10004868,Central,9.324,6,0.8,-24.7086,-2.65
CA-2016-159345,2016-06-17,2016-06-22,IG-15085,OFF-PA-10000806,West,111.96,2,0.0,54.8604,0.49
CA-2014-130274,2014-05-03,2014-05-05,JS-15940,OFF-LA-10002195,Central,21.56,7,0.0,10.3488,0.48000000000000004
CA-2017-158386,2017-10-16,2017-10-21,BO-11425,OFF-BI-10003719,South,124.75,5,0.0,57.385,0.45999999999999996
CA-2015-111507,2015-02-06,2015-02-13,VW-21775,OFF-AR-10001315,West,5.28,3,0.0,1.5312,0.29
CA-2017-120761,2017-09-04,2017-09-08,AB-10150,TEC-AC-10000171,East,91.96,4,0.0,39.5428,0.43000000000000005
CA-2016-109176,2016-05-09,2016-05-15,JW-16075,OFF-EN-10003134,East,9.344,1,0.2,3.504,0.375
CA-2016-109176,2016-05-09,2016-05-15,JW-16075,OFF-AR-10001955,East,79.36,5,0.2,9.92,0.125
CA-2015-112116,2015-03-16,2015-03-18,JE-15475,FUR-TA-10001039,West,171.96,2,0.0,44.7096,0.26
CA-2016-126809,2016-04-09,2016-04-13,EB-13750,OFF-BI-10003712,West,35.352,9,0.2,12.8151,0.3625
CA-2014-105172,2014-04-04,2014-04-09,PK-18910,OFF-LA-10001641,West,18.9,6,0.0,9.072,0.48
CA-2017-107293,2017-09-05,2017-09-06,CS-12400,OFF-AR-10003732,West,2.78,1,0.0,0.7228,0.26
US-2017-102890,2017-06-30,2017-06-30,SG-20470,FUR-TA-10000577,East,1044.63,5,0.4,-295.9785,-0.2833333333333333
CA-2015-158554,2015-11-09,2015-11-09,CM-12190,OFF-PA-10004000,East,11.352,3,0.2,4.1151,0.3625
CA-2014-116239,2014-03-04,2014-03-04,CL-12565,OFF-ST-10001370,South,354.9,5,0.0,17.745,0.05
CA-2015-132101,2015-03-19,2015-03-25,JO-15550,TEC-PH-10004539,West,453.576,3,0.2,39.6879,0.0875
CA-2015-129112,2015-11-29,2015-11-30,AW-10840,TEC-AC-10003038,Central,21.48,3,0.2,-0.2685,-0.0125
CA-2015-129112,2015-11-29,2015-11-30,AW-10840,OFF-BI-10000088,Central,8.784,4,0.8,-13.6152,-1.5499999999999998
US-2017-152002,2017-06-11,2017-06-11,DV-13465,OFF-PA-10000357,West,122.97,3,0.0,60.2553,0.49
CA-2017-165029,2017-11-26,2017-11-30,AH-10075,OFF-AR-10003504,South,12.84,3,0.0,3.7236,0.29
US-2014-157385,2014-11-23,2014-11-25,SC-20095,FUR-CH-10000863,West,603.92,5,0.2,-67.941,-0.11250000000000002
US-2014-157385,2014-11-23,2014-11-25,SC-20095,OFF-EN-10003160,West,21.84,3,0.0,10.4832,0.48
US-2014-157385,2014-11-23,2014-11-25,SC-20095,TEC-AC-10003280,West,29.99,1,0.0,6.2979,0.21000000000000002
US-2014-157385,2014-11-23,2014-11-25,SC-20095,FUR-CH-10000595,West,381.44,2,0.2,23.84,0.0625
CA-2014-101602,2014-12-15,2014-12-18,MC-18100,TEC-PH-10000169,Central,40.68,3,0.2,-9.153,-0.225
CA-2014-101602,2014-12-15,2014-12-18,MC-18100,FUR-CH-10004675,Central,763.28,5,0.3,-21.808,-0.02857142857142857
CA-2016-109057,2016-04-22,2016-04-27,TT-21460,OFF-ST-10002406,Central,23.952,2,0.2,2.3952,0.09999999999999999
CA-2016-154403,2016-05-23,2016-05-27,AP-10720,OFF-PA-10001526,South,4.98,1,0.0,2.4402,0.48999999999999994
CA-2016-102456,2016-02-27,2016-03-01,DL-12865,OFF-AP-10004336,East,170.88,3,0.0,49.5552,0.29
CA-2015-131338,2015-08-09,2015-08-12,NP-18325,TEC-PH-10003012,East,307.98,2,0.0,89.3142,0.29
CA-2015-131338,2015-08-09,2015-08-12,NP-18325,FUR-TA-10002607,East,382.806,9,0.4,-153.1224,-0.4
CA-2015-131338,2015-08-09,2015-08-12,NP-18325,OFF-ST-10000642,East,41.96,2,0.0,2.9372,0.06999999999999999
CA-2015-131338,2015-08-09,2015-08-12,NP-18325,OFF-BI-10000545,East,1217.568,2,0.2,456.588,0.375
CA-2015-131338,2015-08-09,2015-08-12,NP-18325,FUR-FU-10002157,East,47.04,3,0.0,18.3456,0.39
CA-2015-131338,2015-08-09,2015-08-12,NP-18325,FUR-FU-10001706,East,6.16,2,0.0,2.9568,0.48
CA-2015-131338,2015-08-09,2015-08-12,NP-18325,TEC-PH-10000984,East,979.95,5,0.0,274.386,0.28
CA-2015-131338,2015-08-09,2015-08-12,NP-18325,OFF-PA-10001357,East,143.7,3,0.0,68.976,0.48000000000000004
CA-2015-131338,2015-08-09,2015-08-12,NP-18325,OFF-FA-10000992,East,10.65,3,0.0,5.0055,0.47
CA-2015-131338,2015-08-09,2015-08-12,NP-18325,TEC-AC-10002600,East,247.8,4,0.0,34.692,0.13999999999999999
CA-2016-109911,2016-05-12,2016-05-16,VG-21805,OFF-AR-10001662,South,10.96,4,0.0,2.9592,0.26999999999999996
US-2016-132423,2016-04-15,2016-04-19,MY-18295,OFF-AR-10001221,Central,33.488,7,0.2,5.8604,0.17500000000000002
US-2016-132423,2016-04-15,2016-04-19,MY-18295,OFF-FA-10002988,Central,8.04,5,0.2,2.9145,0.36250000000000004
CA-2015-122826,2015-06-23,2015-06-25,RD-19480,TEC-PH-10004830,West,201.568,4,0.2,22.6764,0.1125
CA-2014-117317,2014-10-19,2014-10-19,JF-15490,OFF-PA-10004519,West,13.44,3,0.0,6.5856,0.49000000000000005
CA-2015-118423,2015-03-24,2015-03-27,DP-13390,FUR-BO-10000362,Central,359.058,3,0.3,-35.9058,-0.1
CA-2017-149181,2017-05-08,2017-05-12,MD-17350,FUR-CH-10004540,East,47.992,2,0.3,-2.0568,-0.04285714285714286
CA-2017-132234,2017-10-16,2017-10-18,MY-17380,FUR-FU-10001290,East,547.3,13,0.0,175.136,0.32
CA-2017-158876,2017-11-19,2017-11-21,AB-10150,OFF-PA-10000308,Central,16.896,4,0.2,5.28,0.3125
CA-2017-158876,2017-11-19,2017-11-21,AB-10150,OFF-SU-10001165,Central,6.672,1,0.2,0.5004,0.075
CA-2017-158876,2017-11-19,2017-11-21,AB-10150,OFF-AR-10003373,Central,99.136,4,0.2,8.6744,0.08750000000000001
CA-2017-158876,2017-11-19,2017-11-21,AB-10150,FUR-FU-10001967,Central,15.992,2,0.6,-13.993,-0.875
CA-2016-164672,2016-05-08,2016-05-13,GB-14530,FUR-FU-10001488,East,211.96,2,0.0,42.392,0.2
US-2016-132857,2016-12-11,2016-12-17,CA-12775,OFF-AR-10003251,South,6.672,3,0.2,1.668,0.25
CA-2017-116645,2017-11-30,2017-12-04,ME-17725,OFF-AR-10001044,East,155.94,6,0.0,45.2226,0.29
US-2016-115819,2016-04-19,2016-04-24,JO-15280,TEC-PH-10004700,West,39.96,5,0.2,12.987,0.325
US-2016-115819,2016-04-19,2016-04-24,JO-15280,OFF-AR-10000823,West,5.46,3,0.0,1.5288,0.27999999999999997
US-2016-115819,2016-04-19,2016-04-24,JO-15280,OFF-AR-10004456,West,73.2,5,0.0,21.228,0.29000000000000004
US-2016-115819,2016-04-19,2016-04-24,JO-15280,OFF-BI-10000050,West,5.84,1,0.2,1.971,0.3375
US-2016-115819,2016-04-19,2016-04-24,JO-15280,OFF-PA-10002377,West,22.72,4,0.0,10.224,0.45
US-2016-115819,2016-04-19,2016-04-24,JO-15280,OFF-BI-10000591,West,9.336,3,0.2,3.2676,0.35
CA-2014-156349,2014-05-26,2014-05-30,ML-17395,FUR-BO-10000362,West,290.666,2,0.15,27.3568,0.09411764705882353
CA-2014-156349,2014-05-26,2014-05-30,ML-17395,TEC-PH-10000441,West,201.584,2,0.2,20.1584,0.1
CA-2014-156349,2014-05-26,2014-05-30,ML-17395,TEC-PH-10002726,West,83.984,2,0.2,31.494,0.375
CA-2017-138380,2017-12-21,2017-12-25,YS-21880,OFF-ST-10003306,West,1000.02,7,0.0,290.0058,0.29000000000000004
US-2016-113509,2016-03-15,2016-03-19,PL-18925,TEC-AC-10004855,East,83.976,3,0.2,-13.6461,-0.1625
CA-2015-130022,2015-08-10,2015-08-16,JK-16120,OFF-LA-10002787,Central,3.75,1,0.0,1.8,0.48000000000000004
CA-2015-130022,2015-08-10,2015-08-16,JK-16120,OFF-LA-10002043,Central,41.4,4,0.0,19.872,0.48000000000000004
CA-2015-130022,2015-08-10,2015-08-16,JK-16120,OFF-AR-10001915,Central,29.79,3,0.0,12.5118,0.42
US-2016-118780,2016-09-10,2016-09-14,PN-18775,OFF-ST-10000352,East,59.48,2,0.0,8.922,0.15000000000000002
US-2016-118780,2016-09-10,2016-09-14,PN-18775,OFF-PA-10000575,East,6.69,1,0.0,3.0774,0.45999999999999996
CA-2017-108560,2017-07-08,2017-07-15,JC-15385,FUR-FU-10002937,West,198.46,2,0.0,99.23,0.5
CA-2017-108560,2017-07-08,2017-07-15,JC-15385,OFF-LA-10003930,West,786.48,8,0.0,385.3752,0.49
CA-2017-108560,2017-07-08,2017-07-15,JC-15385,OFF-BI-10001107,West,23.168,2,0.2,7.8192,0.3375
CA-2017-108560,2017-07-08,2017-07-15,JC-15385,TEC-AC-10003063,West,50.0,2,0.0,10.5,0.21
CA-2015-157084,2015-12-19,2015-12-24,JG-15160,TEC-PH-10002922,West,675.96,5,0.2,84.495,0.125
CA-2015-157084,2015-12-19,2015-12-24,JG-15160,TEC-AC-10002049,West,1265.85,3,0.0,556.974,0.44000000000000006
CA-2015-164539,2015-11-16,2015-11-22,PO-19180,OFF-AP-10002457,East,523.25,5,0.0,141.2775,0.27
CA-2015-143119,2015-09-24,2015-09-30,MC-17275,FUR-CH-10001270,South,517.5,6,0.0,155.25,0.3
CA-2017-101049,2017-06-21,2017-06-25,AS-10240,FUR-FU-10004415,East,17.92,5,0.2,2.464,0.13749999999999998
CA-2017-101049,2017-06-21,2017-06-25,AS-10240,OFF-BI-10001510,East,41.256,6,0.7,-34.38,-0.8333333333333334
CA-2016-106530,2016-05-08,2016-05-08,CL-12565,OFF-ST-10002011,East,1006.056,3,0.2,88.0299,0.0875
CA-2016-106530,2016-05-08,2016-05-08,CL-12565,OFF-PA-10002986,East,10.688,2,0.2,3.7408,0.35
CA-2016-106530,2016-05-08,2016-05-08,CL-12565,OFF-PA-10004451,East,10.368,2,0.2,3.6288,0.35
CA-2016-106530,2016-05-08,2016-05-08,CL-12565,OFF-ST-10000649,East,25.12,2,0.2,1.57,0.0625
CA-2016-106530,2016-05-08,2016-05-08,CL-12565,TEC-AC-10001465,East,58.112,2,0.2,7.264,0.125
CA-2014-168984,2014-11-26,2014-12-02,NW-18400,OFF-PA-10001166,West,15.552,3,0.2,5.4432,0.35000000000000003
CA-2014-168984,2014-11-26,2014-12-02,NW-18400,OFF-ST-10001097,West,669.08,5,0.2,-167.27,-0.25
CA-2014-168984,2014-11-26,2014-12-02,NW-18400,TEC-PH-10000038,West,438.336,4,0.2,-87.6672,-0.19999999999999998
CA-2016-157266,2016-05-26,2016-06-01,TB-21280,OFF-PA-10002689,East,19.44,3,0.0,9.3312,0.48000000000000004
CA-2016-157266,2016-05-26,2016-06-01,TB-21280,OFF-BI-10004728,East,9.64,2,0.0,4.4344,0.45999999999999996
CA-2016-157266,2016-05-26,2016-06-01,TB-21280,OFF-PA-10004675,East,12.7,2,0.0,5.842,0.46
CA-2016-157266,2016-05-26,2016-06-01,TB-21280,FUR-FU-10000629,East,41.37,3,0.0,17.3754,0.42
US-2014-134712,2014-11-29,2014-12-04,BS-11380,OFF-FA-10003112,Central,12.624,2,0.2,3.945,0.3125
CA-2015-111829,2015-03-19,2015-03-20,FH-14365,OFF-ST-10000142,West,1247.64,3,0.0,349.3392,0.27999999999999997
CA-2015-111829,2015-03-19,2015-03-20,FH-14365,TEC-CO-10001766,West,3149.93,7,0.0,1480.4671,0.47000000000000003
CA-2015-111829,2015-03-19,2015-03-20,FH-14365,OFF-PA-10004359,West,209.7,2,0.0,100.656,0.48000000000000004
CA-2015-105221,2015-11-01,2015-11-03,VM-21685,TEC-AC-10002323,East,35.36,2,0.2,-3.094,-0.0875
CA-2015-105221,2015-11-01,2015-11-03,VM-21685,OFF-FA-10001135,East,3.168,2,0.2,-0.7128,-0.22499999999999998
CA-2015-120341,2015-09-26,2015-09-29,SF-20200,OFF-BI-10004224,East,121.104,6,0.7,-100.92,-0.8333333333333334
CA-2015-120341,2015-09-26,2015-09-29,SF-20200,TEC-PH-10003357,East,45.894,1,0.4,-9.1788,-0.2
CA-2014-135699,2014-08-29,2014-08-29,HH-15010,OFF-PA-10004475,West,109.92,2,0.0,53.8608,0.49
CA-2014-135699,2014-08-29,2014-08-29,HH-15010,OFF-PA-10003001,West,13.36,2,0.0,6.4128,0.48
US-2017-132444,2017-11-18,2017-11-21,CD-12280,OFF-ST-10003442,West,169.68,6,0.0,45.8136,0.27
US-2017-132444,2017-11-18,2017-11-21,CD-12280,TEC-AC-10003832,West,132.52,4,0.0,54.3332,0.41
US-2017-132444,2017-11-18,2017-11-21,CD-12280,OFF-FA-10000611,West,2.96,2,0.0,1.4208,0.48000000000000004
US-2017-132444,2017-11-18,2017-11-21,CD-12280,OFF-BI-10001116,West,8.448,2,0.2,2.9568,0.35
US-2017-132444,2017-11-18,2017-11-21,CD-12280,OFF-ST-10000563,West,95.94,3,0.0,9.594,0.09999999999999999
CA-2014-127159,2014-05-12,2014-05-15,HL-15040,FUR-FU-10000010,Central,34.79,7,0.0,10.7849,0.31
CA-2017-161809,2017-01-20,2017-01-26,TH-21100,TEC-PH-10004922,West,160.776,3,0.2,10.0485,0.0625
CA-2017-127285,2017-10-30,2017-11-06,MM-18055,OFF-BI-10004330,West,88.752,3,0.2,27.735,0.3125
CA-2017-127285,2017-10-30,2017-11-06,MM-18055,OFF-BI-10002072,West,13.904,2,0.2,5.214,0.37500000000000006
CA-2017-144526,2017-04-30,2017-05-06,QJ-19255,TEC-PH-10002549,East,677.58,5,0.4,-158.102,-0.23333333333333334
CA-2017-144526,2017-04-30,2017-05-06,QJ-19255,OFF-BI-10002353,East,13.896,3,0.7,-9.264,-0.6666666666666666
CA-2016-128531,2016-11-24,2016-11-26,NS-18505,OFF-ST-10001325,Central,41.92,5,0.2,3.668,0.0875
CA-2016-128531,2016-11-24,2016-11-26,NS-18505,TEC-AC-10002049,Central,297.576,3,0.2,-7.4394,-0.024999999999999998
CA-2016-128531,2016-11-24,2016-11-26,NS-18505,OFF-FA-10002676,Central,4.344,3,0.2,0.8688,0.19999999999999998
CA-2016-128531,2016-11-24,2016-11-26,NS-18505,TEC-AC-10003023,Central,94.992,2,0.2,-2.3748,-0.024999999999999998
CA-2016-128531,2016-11-24,2016-11-26,NS-18505,OFF-PA-10000167,Central,74.352,3,0.2,23.235,0.3125
CA-2016-128531,2016-11-24,2016-11-26,NS-18505,OFF-AR-10003405,Central,14.04,3,0.2,1.5795,0.1125
US-2015-157154,2015-01-10,2015-01-15,MM-17920,FUR-TA-10001889,East,1018.104,4,0.4,-373.3048,-0.36666666666666664
CA-2017-159457,2017-10-19,2017-10-26,RD-19480,TEC-PH-10002185,Central,16.68,3,0.2,5.2125,0.3125
CA-2016-107615,2016-03-22,2016-03-25,RB-19645,TEC-AC-10001013,West,58.58,2,0.0,19.3314,0.32999999999999996
CA-2017-111647,2017-07-03,2017-07-07,RD-19585,TEC-PH-10002726,Central,167.968,4,0.2,62.988,0.375
CA-2015-150560,2015-12-11,2015-12-12,SW-20455,OFF-LA-10003930,South,196.62,2,0.0,96.3438,0.49
CA-2015-143077,2015-09-17,2015-09-21,SF-20965,FUR-FU-10003535,Central,21.936,2,0.6,-10.4196,-0.47500000000000003
CA-2015-143077,2015-09-17,2015-09-21,SF-20965,OFF-BI-10000088,Central,6.588,3,0.8,-10.2114,-1.5499999999999998
CA-2016-122728,2016-05-18,2016-05-24,EB-13930,OFF-ST-10000604,West,104.28,3,0.0,26.07,0.25
CA-2016-122728,2016-05-18,2016-05-24,EB-13930,OFF-PA-10004040,West,17.94,3,0.0,8.7906,0.48999999999999994
CA-2014-122882,2014-09-07,2014-09-13,SB-20290,OFF-ST-10002344,East,64.784,1,0.2,-14.5764,-0.22499999999999998
CA-2014-122882,2014-09-07,2014-09-13,SB-20290,TEC-PH-10003589,East,32.382,3,0.4,4.3176,0.13333333333333333
CA-2014-122882,2014-09-07,2014-09-13,SB-20290,FUR-FU-10000758,East,42.368,2,0.2,8.4736,0.19999999999999998
CA-2014-122882,2014-09-07,2014-09-13,SB-20290,TEC-MA-10004679,East,399.54,4,0.7,-559.356,-1.4
US-2016-101497,2016-09-29,2016-10-01,PS-18760,OFF-PA-10000176,West,18.97,1,0.0,9.1056,0.4800000000000001
CA-2016-147585,2016-11-07,2016-11-12,CB-12535,FUR-FU-10002597,West,14.82,3,0.0,6.2244,0.42
CA-2017-149489,2017-04-24,2017-04-27,DK-12835,OFF-AP-10002495,East,99.28,2,0.2,12.41,0.125
CA-2017-149489,2017-04-24,2017-04-27,DK-12835,OFF-BI-10002813,East,1.188,2,0.7,-0.99,-0.8333333333333334
CA-2017-149489,2017-04-24,2017-04-27,DK-12835,OFF-BI-10002414,East,7.518,2,0.7,-5.7638,-0.7666666666666666
CA-2017-143798,2017-12-10,2017-12-12,AW-10840,OFF-PA-10000788,East,10.368,2,0.2,3.6288,0.35
CA-2017-143798,2017-12-10,2017-12-12,AW-10840,FUR-FU-10004306,East,310.88,2,0.2,23.316,0.075
CA-2014-142839,2014-08-16,2014-08-20,TS-21610,FUR-TA-10001539,East,853.092,6,0.4,-227.4912,-0.26666666666666666
CA-2017-129833,2017-12-09,2017-12-15,HF-14995,OFF-PA-10000575,Central,33.45,5,0.0,15.387,0.45999999999999996
CA-2017-129833,2017-12-09,2017-12-15,HF-14995,OFF-BI-10004182,Central,10.4,5,0.0,5.096,0.49
US-2016-154361,2016-03-14,2016-03-19,HZ-14950,FUR-FU-10004020,East,21.88,5,0.2,6.2905,0.2875
US-2016-158708,2016-06-26,2016-06-29,AB-10255,TEC-AC-10003133,Central,13.616,2,0.2,3.5742,0.2625
CA-2015-156335,2015-09-25,2015-09-28,PO-19195,TEC-AC-10002006,East,63.96,4,0.0,19.8276,0.31
CA-2015-156335,2015-09-25,2015-09-28,PO-19195,OFF-BI-10003314,East,14.46,3,0.0,7.0854,0.49
CA-2015-156335,2015-09-25,2015-09-28,PO-19195,TEC-PH-10002726,East,104.98,2,0.0,52.49,0.5
CA-2015-148376,2015-12-27,2015-12-31,AG-10900,OFF-AP-10000240,West,106.96,2,0.0,31.0184,0.29000000000000004
CA-2015-148376,2015-12-27,2015-12-31,AG-10900,OFF-LA-10002381,West,21.56,7,0.0,10.3488,0.48000000000000004
CA-2014-135657,2014-06-03,2014-06-07,SC-20725,FUR-TA-10004086,West,515.88,6,0.0,113.4936,0.22
CA-2015-114069,2015-07-13,2015-07-15,ND-18370,OFF-BI-10000320,East,11.808,2,0.2,4.2804,0.36250000000000004
CA-2015-114069,2015-07-13,2015-07-15,ND-18370,FUR-CH-10000595,East,1931.04,9,0.1,321.84,0.16666666666666666
CA-2015-114069,2015-07-13,2015-07-15,ND-18370,OFF-PA-10000349,East,9.96,2,0.0,4.6812,0.4699999999999999
CA-2014-139857,2014-02-02,2014-02-06,CD-12790,OFF-FA-10001843,West,12.35,5,0.0,5.8045,0.47000000000000003
CA-2016-106306,2016-03-08,2016-03-08,PG-18820,OFF-BI-10003676,West,9.702,3,0.7,-7.1148,-0.7333333333333333
CA-2015-100545,2015-11-22,2015-11-26,IM-15070,OFF-BI-10003638,East,11.61,2,0.7,-9.288,-0.8
CA-2017-123491,2017-10-30,2017-11-05,JK-15205,OFF-LA-10003077,West,43.86,6,0.0,20.6142,0.47000000000000003
CA-2017-123491,2017-10-30,2017-11-05,JK-15205,TEC-PH-10003505,West,148.48,2,0.2,16.704,0.11250000000000002
CA-2017-123491,2017-10-30,2017-11-05,JK-15205,OFF-PA-10003424,West,7.42,2,0.0,3.71,0.5
CA-2017-123491,2017-10-30,2017-11-05,JK-15205,FUR-CH-10003061,West,71.992,1,0.2,-0.8999,-0.012499999999999999
CA-2017-123491,2017-10-30,2017-11-05,JK-15205,OFF-AR-10003514,West,19.9,5,0.0,6.567,0.33
CA-2017-123491,2017-10-30,2017-11-05,JK-15205,OFF-AP-10002684,West,1702.12,14,0.0,510.636,0.30000000000000004
CA-2015-145401,2015-01-30,2015-02-04,JP-15520,OFF-PA-10004405,Central,14.304,6,0.2,5.0064,0.35000000000000003
US-2017-124968,2017-09-08,2017-09-13,MM-18055,FUR-TA-10004289,Central,765.625,7,0.5,-566.5625,-0.74
CA-2017-104003,2017-10-07,2017-10-13,DC-13285,FUR-BO-10003965,West,307.666,2,0.15,-14.4784,-0.047058823529411764
CA-2016-154788,2016-04-30,2016-05-04,JL-15835,OFF-BI-10003314,East,7.712,2,0.2,2.7956,0.3625
CA-2016-169943,2016-05-19,2016-05-24,BN-11515,OFF-AP-10001563,East,242.9,5,0.0,70.441,0.29
CA-2016-169943,2016-05-19,2016-05-24,BN-11515,OFF-ST-10004123,East,454.9,5,0.0,0.0,0.0
CA-2016-169943,2016-05-19,2016-05-24,BN-11515,FUR-FU-10002088,East,35.92,4,0.0,15.0864,0.42
CA-2016-169943,2016-05-19,2016-05-24,BN-11515,FUR-FU-10000010,East,39.76,8,0.0,12.3256,0.31
CA-2016-169943,2016-05-19,2016-05-24,BN-11515,OFF-BI-10002824,East,47.744,4,0.2,14.92,0.3125
US-2015-123218,2015-12-20,2015-12-25,KD-16345,TEC-PH-10001061,Central,159.984,2,0.2,11.9988,0.075
US-2015-123218,2015-12-20,2015-12-25,KD-16345,TEC-AC-10000736,Central,255.968,4,0.2,51.1936,0.2
US-2015-123218,2015-12-20,2015-12-25,KD-16345,FUR-BO-10003966,Central,359.058,3,0.3,-71.8116,-0.2
CA-2015-127453,2015-12-19,2015-12-20,JK-15370,OFF-AP-10000828,East,434.352,3,0.2,43.4352,0.1
CA-2015-127453,2015-12-19,2015-12-20,JK-15370,OFF-AP-10002906,East,3.552,2,0.2,0.444,0.125
CA-2015-127453,2015-12-19,2015-12-20,JK-15370,OFF-AP-10003860,East,88.832,4,0.2,7.7728,0.08750000000000001
US-2017-164056,2017-04-29,2017-05-04,FM-14215,FUR-TA-10001307,East,1048.35,5,0.4,-69.89,-0.06666666666666668
CA-2016-106894,2016-02-07,2016-02-07,CA-12265,TEC-AC-10003063,South,100.0,4,0.0,21.0,0.21
CA-2016-106894,2016-02-07,2016-02-07,CA-12265,OFF-LA-10001045,South,7.83,3,0.0,3.6018,0.45999999999999996
CA-2014-125136,2014-09-28,2014-10-03,KD-16495,OFF-PA-10001457,South,96.256,8,0.2,31.2832,0.325
CA-2014-125136,2014-09-28,2014-10-03,KD-16495,OFF-PA-10001804,South,10.688,2,0.2,3.7408,0.35
US-2016-131149,2016-07-10,2016-07-14,LH-17155,OFF-ST-10000689,Central,338.04,3,0.2,-33.804,-0.1
US-2016-131149,2016-07-10,2016-07-14,LH-17155,OFF-AR-10002135,Central,154.24,4,0.2,17.352,0.11249999999999999
CA-2017-101483,2017-07-29,2017-08-01,AG-10675,OFF-AP-10002082,South,34.848,2,0.2,6.534,0.1875
CA-2017-101483,2017-07-29,2017-08-01,AG-10675,TEC-PH-10003442,South,22.0,5,0.2,1.375,0.0625
CA-2017-101483,2017-07-29,2017-08-01,AG-10675,OFF-AR-10002833,South,4.368,3,0.2,0.3822,0.0875
CA-2015-130204,2015-09-03,2015-09-09,DB-13120,OFF-ST-10001325,West,31.44,3,0.0,8.4888,0.26999999999999996
CA-2015-130204,2015-09-03,2015-09-09,DB-13120,TEC-AC-10003038,West,17.9,2,0.0,3.401,0.19
CA-2015-130204,2015-09-03,2015-09-09,DB-13120,TEC-AC-10003590,West,129.45,5,0.0,46.602,0.36
CA-2014-110527,2014-08-09,2014-08-16,ED-13885,OFF-LA-10000262,West,20.88,8,0.0,9.6048,0.45999999999999996
CA-2017-152807,2017-10-30,2017-11-03,MC-18100,OFF-PA-10004355,East,20.736,4,0.2,7.2576,0.35
CA-2017-152807,2017-10-30,2017-11-03,MC-18100,FUR-FU-10004415,East,7.168,2,0.2,0.9856,0.1375
CA-2017-152807,2017-10-30,2017-11-03,MC-18100,OFF-ST-10002486,East,11.168,2,0.2,-2.5128,-0.225
CA-2017-152807,2017-10-30,2017-11-03,MC-18100,TEC-AC-10001142,East,442.4,7,0.2,-55.3,-0.125
CA-2014-133270,2014-06-06,2014-06-09,BM-11785,OFF-AR-10002656,East,13.36,2,0.0,4.9432,0.37
CA-2016-155670,2016-08-13,2016-08-17,EM-14065,OFF-BI-10000138,South,11.232,8,0.7,-8.2368,-0.7333333333333334
CA-2016-155670,2016-08-13,2016-08-17,EM-14065,OFF-PA-10004947,South,10.272,3,0.2,3.21,0.3125
US-2014-157406,2014-04-25,2014-04-29,DA-13450,OFF-PA-10003543,Central,10.368,2,0.2,3.6288,0.35
US-2014-157406,2014-04-25,2014-04-29,DA-13450,OFF-AR-10002221,Central,6.24,3,0.2,0.546,0.08750000000000001
CA-2015-139094,2015-11-22,2015-11-27,MO-17800,FUR-TA-10004607,Central,206.962,2,0.3,-32.5226,-0.15714285714285714
CA-2017-168837,2017-10-14,2017-10-17,JW-15955,FUR-FU-10001918,West,9.46,2,0.0,3.6894,0.38999999999999996
CA-2017-116715,2017-12-02,2017-12-05,VW-21775,OFF-ST-10004340,West,559.62,9,0.0,151.0974,0.26999999999999996
CA-2017-116715,2017-12-02,2017-12-05,VW-21775,OFF-PA-10004475,West,109.92,2,0.0,53.8608,0.49
CA-2017-116715,2017-12-02,2017-12-05,VW-21775,OFF-PA-10003893,West,8.56,2,0.0,3.852,0.44999999999999996
CA-2015-135622,2015-12-08,2015-12-11,TT-21460,OFF-PA-10000100,Central,360.712,11,0.2,130.7581,0.36250000000000004
CA-2015-135622,2015-12-08,2015-12-11,TT-21460,TEC-PH-10001817,Central,1718.4,6,0.2,150.36,0.08750000000000001
US-2015-107349,2015-07-13,2015-07-15,SL-20155,OFF-BI-10001765,Central,41.568,6,0.8,-66.5088,-1.5999999999999999
CA-2014-139017,2014-05-11,2014-05-17,RM-19375,TEC-AC-10001013,Central,46.864,2,0.2,7.6154,0.1625
CA-2014-141817,2014-01-05,2014-01-12,MB-18085,OFF-AR-10003478,East,19.536,3,0.2,4.884,0.25
CA-2015-130785,2015-09-05,2015-09-09,AG-10900,FUR-BO-10000330,West,411.332,4,0.15,-4.8392,-0.011764705882352941
CA-2015-130785,2015-09-05,2015-09-09,AG-10900,OFF-BI-10001900,West,28.752,6,0.2,9.7038,0.33749999999999997
CA-2015-130785,2015-09-05,2015-09-09,AG-10900,FUR-BO-10003159,West,293.199,3,0.15,-20.6964,-0.07058823529411765
CA-2016-110254,2016-08-04,2016-08-08,ML-17755,OFF-SU-10002573,South,35.06,2,0.0,10.518,0.3
CA-2016-110254,2016-08-04,2016-08-08,ML-17755,OFF-LA-10004484,South,4.13,1,0.0,1.8998,0.46
CA-2016-110254,2016-08-04,2016-08-08,ML-17755,FUR-FU-10001591,South,109.8,9,0.0,46.116,0.42
CA-2016-110254,2016-08-04,2016-08-08,ML-17755,OFF-LA-10002034,South,9.82,2,0.0,4.8118,0.49
US-2014-158057,2014-03-22,2014-03-26,CC-12685,OFF-BI-10004410,South,7.644,4,0.7,-5.8604,-0.7666666666666667
US-2014-158057,2014-03-22,2014-03-26,CC-12685,OFF-BI-10002735,South,51.465,5,0.7,-39.4565,-0.7666666666666666
CA-2017-146024,2017-03-02,2017-03-08,SC-20770,OFF-SU-10001935,Central,6.976,4,0.2,-1.3952,-0.2
CA-2017-146024,2017-03-02,2017-03-08,SC-20770,OFF-BI-10003291,Central,12.222,7,0.8,-20.1663,-1.6500000000000001
CA-2016-129686,2016-11-27,2016-11-29,GG-14650,OFF-ST-10004337,Central,97.984,2,0.2,-24.496,-0.25
CA-2016-129686,2016-11-27,2016-11-29,GG-14650,TEC-AC-10001266,Central,62.4,6,0.2,19.5,0.3125
CA-2014-118976,2014-04-28,2014-05-03,MY-18295,OFF-BI-10001628,East,20.86,2,0.0,9.387,0.45
CA-2014-118976,2014-04-28,2014-05-03,MY-18295,OFF-ST-10000877,East,497.61,9,0.0,129.3786,0.26
CA-2014-118976,2014-04-28,2014-05-03,MY-18295,OFF-AR-10004752,East,5.34,2,0.0,1.4952,0.28
CA-2014-118976,2014-04-28,2014-05-03,MY-18295,OFF-LA-10000452,East,3.15,1,0.0,1.512,0.48000000000000004
CA-2015-105347,2015-11-24,2015-11-28,DP-13000,OFF-PA-10000675,West,368.91,9,0.0,180.7659,0.48999999999999994
CA-2015-105347,2015-11-24,2015-11-28,DP-13000,OFF-AR-10003045,West,14.7,5,0.0,6.615,0.45
CA-2016-124667,2016-11-11,2016-11-16,BD-11770,TEC-AC-10003447,East,59.97,3,0.0,14.9925,0.25
CA-2016-124667,2016-11-11,2016-11-16,BD-11770,OFF-ST-10002276,East,83.36,1,0.0,20.84,0.25
CA-2015-111094,2015-07-09,2015-07-13,CB-12535,OFF-PA-10001609,East,6.58,2,0.0,3.0268,0.46
CA-2015-111094,2015-07-09,2015-07-13,CB-12535,OFF-BI-10001597,East,122.94,3,0.0,59.0112,0.48000000000000004
CA-2017-166317,2017-09-22,2017-09-26,JE-15610,OFF-PA-10004475,Central,219.84,4,0.0,107.7216,0.49
CA-2017-166317,2017-09-22,2017-09-26,JE-15610,TEC-AC-10004510,Central,98.16,6,0.0,9.816,0.1
CA-2017-166317,2017-09-22,2017-09-26,JE-15610,OFF-BI-10002976,Central,33.04,8,0.0,15.5288,0.47000000000000003
CA-2017-166317,2017-09-22,2017-09-26,JE-15610,TEC-PH-10001615,Central,86.97,3,0.0,25.2213,0.29
CA-2015-154326,2015-02-15,2015-02-19,RP-19855,TEC-PH-10001819,Central,134.97,3,0.0,64.7856,0.48000000000000004
CA-2015-154326,2015-02-15,2015-02-19,RP-19855,TEC-PH-10000560,Central,699.98,2,0.0,195.9944,0.28
CA-2015-154326,2015-02-15,2015-02-19,RP-19855,TEC-AC-10004568,Central,139.95,5,0.0,26.5905,0.19
CA-2014-102008,2014-09-30,2014-10-04,RA-19915,OFF-PA-10004092,East,48.94,1,0.0,24.47,0.5
CA-2014-120474,2014-12-01,2014-12-03,RP-19390,FUR-CH-10001854,Central,2807.84,8,0.0,673.8816,0.24
CA-2014-120474,2014-12-01,2014-12-03,RP-19390,OFF-AR-10000475,Central,46.64,4,0.0,12.5928,0.27
CA-2014-104773,2014-12-08,2014-12-13,TB-21175,OFF-ST-10000777,Central,60.416,2,0.2,6.0416,0.1
CA-2016-140774,2016-09-05,2016-09-10,BE-11455,OFF-AR-10004022,Central,107.94,3,0.0,26.985,0.25
US-2017-139465,2017-08-27,2017-08-30,MR-17545,OFF-ST-10002352,East,63.84,8,0.0,16.5984,0.26
US-2017-139465,2017-08-27,2017-08-30,MR-17545,TEC-PH-10000455,East,347.97,3,0.0,100.9113,0.29
US-2017-139465,2017-08-27,2017-08-30,MR-17545,OFF-BI-10003910,East,37.008,6,0.2,11.565,0.31249999999999994
CA-2016-100965,2016-07-07,2016-07-11,RM-19375,FUR-FU-10003039,West,215.65,5,0.0,73.321,0.33999999999999997
CA-2016-121034,2016-08-08,2016-08-10,JF-15565,OFF-FA-10000585,Central,11.168,4,0.2,3.6296,0.325
CA-2016-121034,2016-08-08,2016-08-10,JF-15565,OFF-PA-10001994,Central,53.952,3,0.2,17.5344,0.32500000000000007
CA-2016-149461,2016-11-13,2016-11-19,AS-10135,FUR-FU-10004270,West,4.18,1,0.0,1.5048,0.36
CA-2017-158379,2017-09-22,2017-09-26,JA-15970,OFF-BI-10002498,East,5.607,1,0.7,-4.2987,-0.7666666666666667
CA-2017-158379,2017-09-22,2017-09-26,JA-15970,OFF-SU-10002881,East,4663.736,7,0.2,-1049.3406,-0.225
CA-2017-158379,2017-09-22,2017-09-26,JA-15970,TEC-AC-10002926,East,79.984,2,0.2,22.9954,0.28750000000000003
US-2016-116729,2016-12-25,2016-12-28,GK-14620,TEC-PH-10002200,West,2575.944,7,0.2,257.5944,0.1
US-2016-116729,2016-12-25,2016-12-28,GK-14620,OFF-PA-10002005,West,45.36,7,0.0,21.7728,0.48
US-2016-116729,2016-12-25,2016-12-28,GK-14620,TEC-AC-10001465,West,254.24,7,0.0,76.272,0.3
CA-2016-164938,2016-02-11,2016-02-13,PB-19210,TEC-PH-10004897,Central,69.93,7,0.0,0.6993,0.01
CA-2016-165484,2016-10-23,2016-10-29,HK-14890,FUR-FU-10001196,Central,16.156,7,0.6,-12.117,-0.7500000000000001
CA-2016-165484,2016-10-23,2016-10-29,HK-14890,OFF-PA-10000595,Central,54.816,3,0.2,17.8152,0.325
CA-2014-132612,2014-06-09,2014-06-11,FO-14305,FUR-TA-10004534,South,1441.3,7,0.0,245.021,0.16999999999999998
US-2017-161193,2017-11-20,2017-11-26,BT-11680,FUR-FU-10001861,East,77.6,5,0.2,28.13,0.3625
US-2017-161193,2017-11-20,2017-11-26,BT-11680,FUR-FU-10000206,East,4.656,2,0.2,1.5714,0.3375
CA-2015-131597,2015-09-14,2015-09-18,SP-20620,FUR-TA-10002607,West,170.136,3,0.2,-8.5068,-0.05
CA-2015-164833,2015-06-04,2015-06-04,LL-16840,OFF-LA-10000443,West,7.38,2,0.0,3.4686,0.47
CA-2015-164833,2015-06-04,2015-06-04,LL-16840,OFF-AR-10004685,West,9.26,2,0.0,3.0558,0.33
CA-2015-125423,2015-12-13,2015-12-15,MC-17575,OFF-LA-10001771,West,9.96,2,0.0,4.5816,0.45999999999999996
US-2014-130379,2014-05-25,2014-05-29,JL-15235,OFF-AP-10001394,Central,75.6,2,0.8,-166.32,-2.2
US-2014-130379,2014-05-25,2014-05-29,JL-15235,FUR-FU-10002553,Central,29.32,2,0.6,-24.189,-0.825
CA-2016-168956,2016-02-16,2016-02-20,EA-14035,OFF-AP-10004233,Central,92.064,6,0.8,-225.5568,-2.45
CA-2016-168956,2016-02-16,2016-02-20,EA-14035,OFF-FA-10000304,Central,6.976,4,0.2,1.8312,0.2625
CA-2016-168956,2016-02-16,2016-02-20,EA-14035,FUR-CH-10004754,Central,62.958,3,0.3,-2.6982,-0.04285714285714286
CA-2016-168956,2016-02-16,2016-02-20,EA-14035,OFF-PA-10000809,Central,5.184,1,0.2,1.8144,0.35
CA-2016-167507,2016-12-22,2016-12-28,SA-20830,OFF-BI-10003694,West,31.32,10,0.7,-25.056,-0.8
CA-2016-167507,2016-12-22,2016-12-28,SA-20830,FUR-FU-10001935,West,11.84,4,0.2,3.108,0.2625
CA-2016-167507,2016-12-22,2016-12-28,SA-20830,FUR-FU-10002878,West,22.784,1,0.2,4.8416,0.2125
CA-2016-109344,2016-02-08,2016-02-11,CH-12070,TEC-PH-10002624,South,1127.976,3,0.2,126.8973,0.11249999999999999
US-2015-140851,2015-07-13,2015-07-15,ND-18460,OFF-PA-10000019,South,38.88,6,0.0,18.6624,0.48000000000000004
CA-2014-103373,2014-05-18,2014-05-24,BS-11755,TEC-PH-10002885,East,779.796,2,0.4,-168.9558,-0.21666666666666667
CA-2017-145884,2017-10-21,2017-10-21,SL-20155,TEC-PH-10000895,Central,1439.92,8,0.0,374.3792,0.26
CA-2017-145884,2017-10-21,2017-10-21,SL-20155,FUR-TA-10002356,Central,262.11,1,0.0,62.9064,0.24
CA-2015-131422,2015-11-05,2015-11-09,GB-14530,FUR-CH-10001270,South,207.0,3,0.2,25.875,0.125
CA-2017-162691,2017-08-01,2017-08-07,AS-10045,TEC-MA-10000488,Central,1439.982,3,0.4,-263.9967,-0.18333333333333332
CA-2017-162691,2017-08-01,2017-08-07,AS-10045,OFF-PA-10003729,Central,36.288,7,0.2,12.7008,0.35000000000000003
CA-2014-141278,2014-06-21,2014-06-24,RM-19375,OFF-AR-10003056,East,21.4,5,0.0,6.206,0.29000000000000004
CA-2017-122693,2017-02-19,2017-02-21,NH-18610,OFF-AP-10002518,South,1245.86,7,0.0,361.2994,0.29000000000000004
CA-2014-117345,2014-08-01,2014-08-05,BF-10975,OFF-LA-10000240,South,17.544,3,0.2,5.9211,0.33749999999999997
CA-2014-117345,2014-08-01,2014-08-05,BF-10975,FUR-FU-10000629,South,44.128,4,0.2,12.1352,0.27499999999999997
CA-2014-117345,2014-08-01,2014-08-05,BF-10975,OFF-AP-10001005,South,62.92,1,0.2,10.2245,0.1625
CA-2014-117345,2014-08-01,2014-08-05,BF-10975,OFF-PA-10002377,South,78.304,2,0.2,29.364,0.375
CA-2016-157763,2016-07-18,2016-07-23,KH-16330,FUR-CH-10000988,South,140.81,1,0.0,39.4268,0.27999999999999997
CA-2015-135391,2015-02-09,2015-02-11,FA-14230,OFF-LA-10001074,Central,40.096,4,0.2,13.5324,0.3375000000000001
CA-2015-135391,2015-02-09,2015-02-11,FA-14230,FUR-FU-10001986,Central,40.784,2,0.6,-30.588,-0.75
US-2017-113852,2017-07-29,2017-08-02,GW-14605,TEC-AC-10003027,West,90.57,3,0.0,11.7741,0.13
US-2017-158512,2017-01-12,2017-01-17,DA-13450,OFF-PA-10001804,East,40.08,6,0.0,19.2384,0.48
US-2017-158512,2017-01-12,2017-01-17,DA-13450,FUR-FU-10004973,East,37.68,2,0.0,15.8256,0.42
CA-2017-128370,2017-09-10,2017-09-10,FH-14275,FUR-CH-10002602,West,362.352,3,0.2,27.1764,0.07500000000000001
CA-2017-128370,2017-09-10,2017-09-10,FH-14275,OFF-BI-10004140,West,7.184,2,0.2,2.245,0.3125
CA-2015-160472,2015-07-20,2015-07-25,RK-19300,OFF-ST-10000464,Central,34.76,1,0.0,9.7328,0.27999999999999997
CA-2015-160472,2015-07-20,2015-07-25,RK-19300,TEC-AC-10002253,Central,831.2,5,0.0,124.68,0.15
CA-2015-160472,2015-07-20,2015-07-25,RK-19300,OFF-PA-10000528,Central,26.4,5,0.0,11.88,0.45000000000000007
CA-2015-160472,2015-07-20,2015-07-25,RK-19300,OFF-EN-10000483,Central,106.75,7,0.0,49.105,0.45999999999999996
CA-2015-160472,2015-07-20,2015-07-25,RK-19300,OFF-PA-10003129,Central,97.82,2,0.0,45.9754,0.47000000000000003
CA-2015-160472,2015-07-20,2015-07-25,RK-19300,OFF-ST-10003442,Central,141.4,5,0.0,38.178,0.26999999999999996
CA-2014-114643,2014-06-13,2014-06-17,FM-14215,OFF-AR-10003631,West,14.52,3,0.0,4.7916,0.33
US-2017-158218,2017-05-12,2017-05-15,AC-10420,OFF-ST-10000563,Central,127.92,5,0.2,-15.99,-0.125
US-2017-158218,2017-05-12,2017-05-15,AC-10420,OFF-BI-10002133,Central,34.24,4,0.8,-53.072,-1.55
CA-2015-121608,2015-09-03,2015-09-05,JB-15400,OFF-AP-10002311,East,137.62,2,0.0,60.5528,0.43999999999999995
CA-2015-121608,2015-09-03,2015-09-05,JB-15400,TEC-PH-10004959,East,100.49,1,0.0,25.1225,0.25
US-2017-121251,2017-03-26,2017-03-27,GM-14440,FUR-BO-10001918,East,257.568,2,0.2,-28.9764,-0.11250000000000002
US-2017-121251,2017-03-26,2017-03-27,GM-14440,TEC-PH-10004896,East,119.96,4,0.0,33.5888,0.28
CA-2014-151078,2014-11-12,2014-11-12,RF-19840,OFF-ST-10001328,Central,49.632,4,0.2,4.9632,0.09999999999999999
US-2016-100839,2016-10-13,2016-10-17,NC-18625,FUR-TA-10004575,West,727.45,5,0.5,-465.568,-0.6399999999999999
US-2016-100839,2016-10-13,2016-10-17,NC-18625,FUR-FU-10001617,West,24.96,3,0.2,4.368,0.17500000000000002
US-2017-116659,2017-11-12,2017-11-12,NG-18355,TEC-PH-10002824,East,370.782,3,0.4,-92.6955,-0.25
CA-2017-118857,2017-04-15,2017-04-18,AH-10075,FUR-FU-10004460,West,196.45,5,0.0,70.722,0.36
CA-2015-127110,2015-06-25,2015-07-01,CH-12070,OFF-PA-10003309,East,31.104,6,0.2,10.8864,0.35000000000000003
CA-2015-127110,2015-06-25,2015-07-01,CH-12070,OFF-ST-10002554,East,78.256,2,0.2,-17.6076,-0.225
CA-2016-148201,2016-08-26,2016-08-29,CC-12145,OFF-PA-10000019,West,6.48,1,0.0,3.1104,0.4799999999999999
CA-2014-116932,2014-07-21,2014-07-25,ME-18010,OFF-AR-10002067,West,99.2,5,0.0,25.792,0.26
CA-2014-116932,2014-07-21,2014-07-25,ME-18010,FUR-CH-10001215,West,801.568,2,0.2,50.098,0.0625
CA-2014-116932,2014-07-21,2014-07-25,ME-18010,FUR-TA-10004175,West,272.848,1,0.2,27.2848,0.09999999999999999
CA-2017-142888,2017-11-21,2017-11-25,BP-11230,FUR-TA-10004767,West,70.98,1,0.0,20.5842,0.29
CA-2014-147914,2014-06-04,2014-06-09,MP-17470,OFF-PA-10001685,East,16.224,2,0.2,5.8812,0.3625
US-2016-112977,2016-03-10,2016-03-16,CJ-12010,FUR-BO-10003272,East,176.784,1,0.2,-22.098,-0.125
CA-2017-112039,2017-03-25,2017-03-29,JC-15775,TEC-PH-10000984,Central,470.376,3,0.2,47.0376,0.1
CA-2017-118885,2017-12-29,2018-01-02,JG-15160,FUR-CH-10002880,West,393.568,4,0.2,-44.2764,-0.11250000000000002
CA-2017-118885,2017-12-29,2018-01-02,JG-15160,TEC-PH-10002563,West,302.376,3,0.2,22.6782,0.07500000000000001
US-2017-166611,2017-03-28,2017-04-02,CK-12760,OFF-BI-10001191,South,68.742,9,0.7,-48.1194,-0.7
CA-2015-109512,2015-03-05,2015-03-05,LF-17185,OFF-EN-10002621,East,29.34,3,0.0,14.67,0.5
CA-2015-109512,2015-03-05,2015-03-05,LF-17185,FUR-CH-10001146,East,383.607,7,0.1,63.9345,0.16666666666666666
CA-2015-109512,2015-03-05,2015-03-05,LF-17185,OFF-ST-10000689,East,563.4,4,0.0,67.608,0.12000000000000001
CA-2016-118570,2016-11-13,2016-11-17,CC-12430,OFF-PA-10001289,East,217.056,7,0.2,78.6828,0.3625
CA-2017-154718,2017-01-19,2017-01-23,DL-12865,OFF-LA-10003714,Central,6.0,2,0.2,2.1,0.35000000000000003
CA-2016-147578,2016-04-22,2016-04-26,PG-18895,FUR-FU-10001889,West,31.56,3,0.0,10.4148,0.33
CA-2014-140165,2014-05-13,2014-05-15,EH-14005,OFF-FA-10002815,South,7.104,2,0.2,2.3976,0.3375
CA-2014-140165,2014-05-13,2014-05-15,EH-14005,OFF-BI-10004519,South,398.352,8,0.7,-331.96,-0.8333333333333334
CA-2014-142587,2014-10-21,2014-10-22,TB-21520,OFF-AP-10004708,East,121.792,4,0.2,13.7016,0.11249999999999999
CA-2014-142587,2014-10-21,2014-10-22,TB-21520,FUR-TA-10000617,East,409.59,3,0.4,-122.877,-0.3
CA-2014-157623,2014-03-14,2014-03-18,DK-13225,OFF-PA-10001204,West,10.56,2,0.0,4.752,0.44999999999999996
CA-2014-157623,2014-03-14,2014-03-18,DK-13225,OFF-AR-10003723,West,3.38,1,0.0,1.2506,0.37
CA-2017-145310,2017-12-22,2017-12-24,JP-15520,OFF-EN-10002621,South,7.824,1,0.2,2.934,0.37500000000000006
CA-2016-100083,2016-11-24,2016-11-29,CD-11980,OFF-PA-10000241,West,24.784,1,0.2,7.745,0.3125
US-2017-108063,2017-12-02,2017-12-05,AS-10090,OFF-AR-10001446,South,34.65,3,0.0,10.395,0.3
CA-2015-109197,2015-12-31,2016-01-04,JO-15280,OFF-BI-10004632,West,487.984,2,0.2,152.495,0.3125
CA-2017-141789,2017-10-03,2017-10-06,AC-10450,OFF-BI-10001359,Central,1793.98,2,0.0,843.1706,0.47000000000000003
CA-2014-169775,2014-08-29,2014-09-02,RA-19945,OFF-EN-10001749,South,29.808,2,0.2,10.8054,0.36250000000000004
CA-2014-169775,2014-08-29,2014-09-02,RA-19945,OFF-BI-10004390,South,505.176,4,0.7,-336.784,-0.6666666666666666
CA-2014-169775,2014-08-29,2014-09-02,RA-19945,FUR-TA-10001857,South,174.0585,3,0.45,-110.7645,-0.6363636363636364
CA-2016-140543,2016-06-29,2016-07-03,Co-12640,OFF-ST-10000563,South,191.88,6,0.0,19.188,0.09999999999999999
CA-2016-151141,2016-08-20,2016-08-23,DW-13480,TEC-PH-10004924,Central,14.78,2,0.0,3.9906,0.27
CA-2017-167094,2017-10-21,2017-10-22,DK-12835,OFF-PA-10003953,West,5.184,1,0.2,1.8144,0.35
CA-2017-167094,2017-10-21,2017-10-22,DK-12835,FUR-CH-10000155,West,478.48,2,0.2,47.848,0.09999999999999999
CA-2017-167094,2017-10-21,2017-10-22,DK-12835,TEC-AC-10003116,West,28.4,2,0.2,6.745,0.23750000000000002
CA-2017-154410,2017-10-21,2017-10-24,MD-17860,OFF-ST-10002743,Central,909.12,8,0.0,9.0912,0.01
US-2016-150567,2016-05-17,2016-05-21,RP-19855,OFF-BI-10001757,South,2.952,2,0.7,-2.1648,-0.7333333333333334
US-2016-150567,2016-05-17,2016-05-21,RP-19855,OFF-BI-10000069,South,27.018,6,0.7,-21.6144,-0.7999999999999999
CA-2015-157959,2015-02-03,2015-02-04,RW-19540,FUR-FU-10004093,West,136.92,4,0.0,41.076,0.30000000000000004
CA-2017-105886,2017-12-18,2017-12-23,DB-13660,FUR-FU-10001037,East,18.96,2,0.0,8.532,0.44999999999999996
CA-2016-105963,2016-11-15,2016-11-22,SC-20770,TEC-AC-10003832,West,99.39,3,0.0,40.7499,0.41
CA-2017-121503,2017-07-03,2017-07-06,FH-14275,OFF-PA-10001878,Central,273.896,7,0.2,92.4399,0.33749999999999997
CA-2017-121503,2017-07-03,2017-07-06,FH-14275,TEC-MA-10003674,Central,597.132,3,0.4,49.761,0.08333333333333334
CA-2014-103366,2014-01-15,2014-01-17,EH-13990,TEC-AC-10003628,South,149.95,5,0.0,65.978,0.44
CA-2017-124597,2017-04-30,2017-05-05,AS-10630,OFF-LA-10003190,South,4.608,2,0.2,1.6704,0.36250000000000004
CA-2017-124597,2017-04-30,2017-05-05,AS-10630,OFF-AR-10002280,South,15.528,3,0.2,4.8525,0.3125
CA-2017-124597,2017-04-30,2017-05-05,AS-10630,OFF-LA-10001569,South,11.952,3,0.2,3.8844,0.325
CA-2015-105634,2015-11-08,2015-11-14,HA-14905,OFF-AR-10001573,East,11.65,5,0.0,3.3785,0.29
CA-2015-123673,2015-10-30,2015-11-01,CH-12070,TEC-PH-10001809,Central,299.9,2,0.0,74.975,0.25
US-2017-111423,2017-08-17,2017-08-19,EH-13765,OFF-BI-10003091,East,895.92,5,0.2,302.373,0.3375
US-2017-111423,2017-08-17,2017-08-19,EH-13765,FUR-CH-10003981,East,462.564,2,0.1,97.6524,0.2111111111111111
CA-2015-125178,2015-10-03,2015-10-09,MZ-17515,OFF-ST-10002562,East,15.008,2,0.2,1.5008,0.1
CA-2016-156685,2016-07-08,2016-07-10,SC-20230,TEC-PH-10004345,Central,863.64,9,0.2,107.955,0.125
CA-2016-156685,2016-07-08,2016-07-10,SC-20230,OFF-AR-10000588,Central,47.616,3,0.2,3.5712,0.075
CA-2017-126865,2017-12-05,2017-12-07,NP-18325,OFF-PA-10003039,West,92.94,3,0.0,41.823,0.45
CA-2017-102834,2017-03-09,2017-03-13,LW-16990,TEC-AC-10001908,West,199.98,2,0.0,69.993,0.35
US-2016-139710,2016-06-09,2016-06-15,GM-14680,TEC-PH-10001198,West,177.48,3,0.2,19.9665,0.1125
CA-2017-121538,2017-11-28,2017-12-01,RH-19495,OFF-PA-10004071,West,88.768,2,0.2,31.0688,0.35
US-2017-101539,2017-03-16,2017-03-18,VM-21685,OFF-PA-10001972,West,6.48,1,0.0,3.1104,0.4799999999999999
US-2017-101539,2017-03-16,2017-03-18,VM-21685,OFF-ST-10004180,West,46.51,1,0.0,1.8604,0.04
US-2017-101539,2017-03-16,2017-03-18,VM-21685,TEC-PH-10004165,West,659.976,3,0.2,49.4982,0.075
CA-2016-152121,2016-11-27,2016-11-29,CC-12670,TEC-PH-10002483,West,271.992,1,0.2,23.7993,0.0875
CA-2017-161200,2017-08-06,2017-08-10,SV-20365,FUR-BO-10000468,South,145.74,3,0.0,23.3184,0.16
CA-2017-161200,2017-08-06,2017-08-10,SV-20365,FUR-FU-10001706,South,15.4,5,0.0,7.392,0.48000000000000004
CA-2017-101245,2017-11-27,2017-12-03,LW-16990,OFF-PA-10003129,West,244.55,5,0.0,114.9385,0.47
CA-2017-101245,2017-11-27,2017-12-03,LW-16990,TEC-AC-10001284,West,166.16,8,0.0,59.8176,0.36
CA-2015-141768,2015-05-25,2015-05-27,NP-18685,FUR-FU-10002268,West,14.73,3,0.0,4.8609,0.33
CA-2016-112109,2016-07-08,2016-07-12,JE-15715,OFF-BI-10002082,West,19.968,2,0.7,-13.312,-0.6666666666666666
CA-2016-112109,2016-07-08,2016-07-12,JE-15715,OFF-ST-10001505,West,33.488,7,0.2,-1.2558,-0.0375
CA-2016-112109,2016-07-08,2016-07-12,JE-15715,OFF-BI-10001634,West,8.736,4,0.7,-6.1152,-0.7
CA-2016-112109,2016-07-08,2016-07-12,JE-15715,FUR-CH-10004287,West,662.88,3,0.2,74.574,0.1125
CA-2017-144064,2017-08-29,2017-09-01,CP-12085,OFF-LA-10004544,Central,47.36,4,0.2,17.76,0.37500000000000006
CA-2017-144064,2017-08-29,2017-09-01,CP-12085,OFF-ST-10004507,Central,27.44,2,0.2,2.401,0.0875
CA-2017-144064,2017-08-29,2017-09-01,CP-12085,OFF-BI-10002012,Central,3.24,9,0.8,-5.184,-1.5999999999999999
CA-2016-108581,2016-06-20,2016-06-26,EA-14035,TEC-AC-10001109,Central,95.968,4,0.2,26.3912,0.275
CA-2016-108581,2016-06-20,2016-06-26,EA-14035,OFF-PA-10000809,Central,10.368,2,0.2,3.6288,0.35
CA-2017-157987,2017-09-02,2017-09-06,AC-10615,OFF-AR-10000658,East,23.1,2,0.0,6.468,0.27999999999999997
CA-2017-157987,2017-09-02,2017-09-06,AC-10615,FUR-FU-10001196,East,11.54,2,0.0,3.462,0.30000000000000004
CA-2017-157987,2017-09-02,2017-09-06,AC-10615,FUR-TA-10001889,East,254.526,1,0.4,-93.3262,-0.36666666666666664
CA-2017-157987,2017-09-02,2017-09-06,AC-10615,OFF-AP-10000358,East,12.98,1,0.0,3.7642,0.29
CA-2017-157987,2017-09-02,2017-09-06,AC-10615,OFF-BI-10004970,East,26.432,8,0.2,8.9208,0.3375
CA-2017-157987,2017-09-02,2017-09-06,AC-10615,TEC-PH-10003885,East,197.97,3,0.0,57.4113,0.29
CA-2017-157987,2017-09-02,2017-09-06,AC-10615,OFF-LA-10001641,East,18.9,6,0.0,9.072,0.48
CA-2017-157987,2017-09-02,2017-09-06,AC-10615,FUR-CH-10003379,East,1282.41,5,0.1,213.735,0.16666666666666666
CA-2017-157987,2017-09-02,2017-09-06,AC-10615,OFF-AR-10004582,East,4.92,3,0.0,2.214,0.45
CA-2017-157987,2017-09-02,2017-09-06,AC-10615,TEC-AC-10002842,East,238.0,2,0.0,38.08,0.16
CA-2017-157987,2017-09-02,2017-09-06,AC-10615,TEC-AC-10000109,East,167.97,3,0.0,40.3128,0.24000000000000002
CA-2017-157987,2017-09-02,2017-09-06,AC-10615,OFF-PA-10003893,East,17.12,4,0.0,7.704,0.44999999999999996
CA-2017-110905,2017-09-10,2017-09-15,RW-19690,OFF-BI-10003669,Central,16.2,3,0.0,7.776,0.48
CA-2017-110905,2017-09-10,2017-09-15,RW-19690,OFF-AP-10004785,Central,33.99,3,0.0,14.6157,0.43
CA-2017-110905,2017-09-10,2017-09-15,RW-19690,TEC-AC-10003023,Central,296.85,5,0.0,53.433,0.18
CA-2017-110905,2017-09-10,2017-09-15,RW-19690,TEC-AC-10002217,Central,112.8,6,0.0,6.768,0.06
CA-2017-110905,2017-09-10,2017-09-15,RW-19690,OFF-BI-10002954,Central,13.71,3,0.0,6.5808,0.48
CA-2017-110905,2017-09-10,2017-09-15,RW-19690,OFF-PA-10002586,Central,24.9,5,0.0,11.703,0.47000000000000003
CA-2017-110905,2017-09-10,2017-09-15,RW-19690,OFF-ST-10000025,Central,286.29,3,0.0,17.1774,0.05999999999999999
CA-2017-110905,2017-09-10,2017-09-15,RW-19690,OFF-AP-10003281,Central,24.18,2,0.0,7.254,0.3
CA-2017-165841,2017-12-21,2017-12-28,DB-13210,TEC-PH-10002103,East,281.97,3,0.0,78.9516,0.27999999999999997
CA-2017-165841,2017-12-21,2017-12-28,DB-13210,OFF-SU-10000898,East,69.5,5,0.0,20.155,0.29000000000000004
CA-2017-165841,2017-12-21,2017-12-28,DB-13210,OFF-PA-10001144,East,166.44,3,0.0,79.8912,0.48
CA-2017-117485,2017-09-23,2017-09-29,BD-11320,TEC-AC-10004659,Central,291.96,4,0.0,102.186,0.35000000000000003
CA-2017-140242,2017-05-06,2017-05-11,ML-17755,OFF-AR-10004752,Central,6.408,3,0.2,0.6408,0.1
CA-2017-140242,2017-05-06,2017-05-11,ML-17755,TEC-AC-10004659,Central,408.744,7,0.2,76.6395,0.18749999999999997
CA-2014-148950,2014-12-14,2014-12-19,JD-16015,OFF-BI-10001249,Central,5.104,4,0.8,-8.6768,-1.7
CA-2014-148950,2014-12-14,2014-12-19,JD-16015,OFF-FA-10003059,Central,2.896,2,0.2,0.4706,0.1625
CA-2014-148950,2014-12-14,2014-12-19,JD-16015,TEC-AC-10002718,Central,35.016,3,0.2,-2.1885,-0.0625
CA-2014-110408,2014-10-18,2014-10-20,AS-10225,OFF-ST-10001522,South,275.97,3,0.0,11.0388,0.039999999999999994
CA-2014-110408,2014-10-18,2014-10-20,AS-10225,TEC-PH-10002352,South,1394.95,5,0.0,362.687,0.26
CA-2014-110408,2014-10-18,2014-10-20,AS-10225,FUR-CH-10003774,South,545.88,6,0.0,70.9644,0.13
CA-2015-109939,2015-05-08,2015-05-12,AA-10375,OFF-AR-10000127,West,5.248,2,0.2,0.5904,0.1125
CA-2016-112669,2016-04-14,2016-04-14,KT-16465,FUR-CH-10004086,West,933.536,4,0.2,105.0228,0.11250000000000002
CA-2016-112669,2016-04-14,2016-04-14,KT-16465,OFF-ST-10001228,West,42.976,4,0.2,4.2976,0.1
CA-2015-119592,2015-12-14,2015-12-16,MM-18280,OFF-BI-10004187,South,3.76,2,0.0,1.8048,0.48000000000000004
CA-2014-122749,2014-12-03,2014-12-09,NG-18430,TEC-PH-10003811,Central,479.96,4,0.0,134.3888,0.28
CA-2014-164721,2014-11-25,2014-11-27,LW-16825,OFF-AP-10000240,West,320.88,6,0.0,93.0552,0.29
CA-2014-164721,2014-11-25,2014-11-27,LW-16825,FUR-FU-10001940,West,23.88,3,0.0,10.5072,0.44
CA-2014-164721,2014-11-25,2014-11-27,LW-16825,OFF-PA-10000575,West,26.76,4,0.0,12.3096,0.45999999999999996
CA-2016-147417,2016-07-25,2016-07-27,CB-12415,TEC-CO-10001449,East,1439.976,4,0.4,191.9968,0.13333333333333333
CA-2015-127509,2015-11-09,2015-11-13,AS-10090,OFF-BI-10002393,Central,17.22,3,0.0,7.9212,0.46
CA-2015-127509,2015-11-09,2015-11-13,AS-10090,FUR-TA-10002855,Central,1024.38,7,0.0,215.1198,0.20999999999999996
CA-2015-127509,2015-11-09,2015-11-13,AS-10090,OFF-EN-10000781,Central,26.22,3,0.0,12.3234,0.47
CA-2015-127509,2015-11-09,2015-11-13,AS-10090,OFF-PA-10002160,Central,17.34,3,0.0,8.4966,0.49000000000000005
CA-2017-111374,2017-02-24,2017-02-28,CB-12415,OFF-BI-10004970,East,4.956,4,0.7,-3.7996,-0.7666666666666666
CA-2017-133648,2017-06-25,2017-07-02,ML-17755,OFF-LA-10003923,West,71.04,6,0.2,26.64,0.375
CA-2017-133648,2017-06-25,2017-07-02,ML-17755,OFF-AR-10002257,West,5.344,2,0.2,0.7348,0.13749999999999998
CA-2017-133648,2017-06-25,2017-07-02,ML-17755,OFF-FA-10004395,West,11.304,3,0.2,-2.1195,-0.1875
US-2017-147221,2017-12-02,2017-12-04,JS-16030,OFF-AP-10002534,Central,294.62,5,0.8,-766.012,-2.5999999999999996
US-2017-147221,2017-12-02,2017-12-04,JS-16030,FUR-FU-10004020,Central,8.752,4,0.6,-3.7196,-0.42499999999999993
CA-2014-131905,2014-02-06,2014-02-09,ND-18460,OFF-LA-10002787,South,15.0,4,0.0,7.2,0.48000000000000004
CA-2014-131905,2014-02-06,2014-02-09,ND-18460,TEC-PH-10003645,South,161.61,1,0.0,42.0186,0.25999999999999995
CA-2014-131905,2014-02-06,2014-02-09,ND-18460,TEC-PH-10001615,South,144.95,5,0.0,42.0355,0.29000000000000004
CA-2017-166128,2017-04-11,2017-04-18,LW-17215,TEC-AC-10001767,West,199.95,5,0.0,21.9945,0.11
CA-2017-166128,2017-04-11,2017-04-18,LW-17215,OFF-AR-10001221,West,41.86,7,0.0,14.2324,0.34
CA-2017-163510,2017-12-25,2017-12-28,JW-15955,OFF-ST-10000563,South,95.94,3,0.0,9.594,0.09999999999999999
CA-2017-163510,2017-12-25,2017-12-28,JW-15955,FUR-CH-10001146,South,304.45,5,0.0,76.1125,0.25
US-2017-143028,2017-04-11,2017-04-18,SC-20050,OFF-BI-10004738,Central,11.364,3,0.8,-17.046,-1.4999999999999998
CA-2014-111150,2014-12-31,2015-01-04,RW-19630,OFF-AR-10000034,Central,29.68,7,0.0,11.5752,0.39
CA-2014-111150,2014-12-31,2015-01-04,RW-19630,TEC-AC-10000290,Central,47.53,7,0.0,16.1602,0.33999999999999997
CA-2017-165386,2017-08-03,2017-08-04,CM-12190,FUR-BO-10003034,Central,183.372,2,0.3,-36.6744,-0.19999999999999998
CA-2014-116407,2014-11-15,2014-11-21,JF-15190,OFF-AR-10001315,South,4.224,3,0.2,0.4752,0.1125
CA-2014-116407,2014-11-15,2014-11-21,JF-15190,OFF-AP-10002118,South,333.056,2,0.2,29.1424,0.0875
CA-2014-116407,2014-11-15,2014-11-21,JF-15190,OFF-PA-10002137,South,24.896,4,0.2,7.78,0.3125
CA-2015-155761,2015-12-11,2015-12-11,SC-20800,TEC-AC-10001606,Central,159.984,2,0.2,35.9964,0.225
CA-2015-155761,2015-12-11,2015-12-11,SC-20800,OFF-ST-10000943,Central,46.344,3,0.2,4.6344,0.1
CA-2016-145905,2016-09-18,2016-09-23,AM-10705,FUR-CH-10001854,South,350.98,1,0.0,84.2352,0.24
CA-2016-145905,2016-09-18,2016-09-23,AM-10705,OFF-PA-10000533,South,13.08,2,0.0,6.0168,0.45999999999999996
CA-2016-145905,2016-09-18,2016-09-23,AM-10705,OFF-ST-10003716,South,900.08,4,0.0,117.0104,0.13
CA-2015-113110,2015-03-19,2015-03-23,BK-11260,OFF-BI-10000088,West,17.568,2,0.2,6.3684,0.3625
CA-2015-113110,2015-03-19,2015-03-23,BK-11260,OFF-LA-10000240,West,14.62,2,0.0,6.8714,0.47000000000000003
CA-2015-113110,2015-03-19,2015-03-23,BK-11260,OFF-SU-10001165,West,33.36,4,0.0,8.6736,0.26
CA-2015-113110,2015-03-19,2015-03-23,BK-11260,OFF-PA-10002749,West,40.14,6,0.0,19.6686,0.49000000000000005
CA-2016-168354,2016-09-19,2016-09-21,RH-19510,OFF-ST-10001490,East,1606.23,9,0.0,481.869,0.3
CA-2016-168354,2016-09-19,2016-09-21,RH-19510,OFF-PA-10002377,East,17.04,3,0.0,7.668,0.45
CA-2016-168354,2016-09-19,2016-09-21,RH-19510,OFF-BI-10004826,East,49.53,3,0.0,23.7744,0.48
CA-2016-168354,2016-09-19,2016-09-21,RH-19510,FUR-CH-10004675,East,872.32,4,0.0,244.2496,0.27999999999999997
US-2017-111241,2017-08-20,2017-08-22,GM-14500,OFF-BI-10002867,West,239.12,5,0.2,77.714,0.325
CA-2015-114237,2015-03-13,2015-03-15,MC-17275,FUR-BO-10004409,West,141.96,2,0.0,39.7488,0.28
CA-2016-113516,2016-09-08,2016-09-10,VM-21685,OFF-BI-10002225,West,33.024,2,0.2,11.5584,0.35000000000000003
CA-2016-113516,2016-09-08,2016-09-10,VM-21685,OFF-BI-10001989,West,67.136,4,0.2,23.4976,0.35
CA-2015-117961,2015-11-26,2015-11-30,GP-14740,OFF-BI-10000343,East,14.73,3,0.0,6.9231,0.47
CA-2015-117961,2015-11-26,2015-11-30,GP-14740,OFF-ST-10001172,East,104.9,5,0.0,25.176,0.23999999999999996
CA-2015-117961,2015-11-26,2015-11-30,GP-14740,OFF-BI-10003707,East,61.04,4,0.0,30.52,0.5
CA-2015-117961,2015-11-26,2015-11-30,GP-14740,OFF-PA-10001274,East,10.95,3,0.0,5.1465,0.47
CA-2016-128923,2016-12-09,2016-12-13,GB-14530,OFF-PA-10002250,Central,9.392,2,0.2,3.2872,0.35000000000000003
CA-2016-128923,2016-12-09,2016-12-13,GB-14530,OFF-AR-10000475,Central,9.328,1,0.2,0.8162,0.08750000000000001
CA-2017-162481,2017-09-25,2017-09-29,CT-11995,OFF-BI-10002976,Central,8.26,2,0.0,3.8822,0.47000000000000003
CA-2017-162481,2017-09-25,2017-09-29,CT-11995,FUR-CH-10003061,Central,269.97,3,0.0,51.2943,0.18999999999999997
CA-2015-119214,2015-01-23,2015-01-27,CW-11905,OFF-PA-10002893,West,29.04,3,0.0,13.9392,0.48
CA-2015-119214,2015-01-23,2015-01-27,CW-11905,OFF-LA-10003077,West,14.62,2,0.0,6.8714,0.47000000000000003
CA-2015-122287,2015-06-18,2015-06-23,SN-20560,OFF-PA-10001661,West,11.952,3,0.2,4.3326,0.36250000000000004
CA-2015-122287,2015-06-18,2015-06-23,SN-20560,OFF-BI-10004656,West,4.536,7,0.7,-3.3264,-0.7333333333333334
CA-2015-122287,2015-06-18,2015-06-23,SN-20560,OFF-BI-10003707,West,9.156,2,0.7,-6.104,-0.6666666666666666
CA-2015-122287,2015-06-18,2015-06-23,SN-20560,FUR-FU-10004973,West,75.36,5,0.2,20.724,0.275
CA-2015-104493,2015-10-02,2015-10-08,EB-13705,OFF-BI-10004817,West,57.504,6,0.2,20.1264,0.35000000000000003
US-2017-158946,2017-11-18,2017-11-23,JW-15220,OFF-AR-10001860,East,38.864,7,0.2,7.7728,0.2
CA-2014-129168,2014-08-17,2014-08-23,KB-16585,OFF-PA-10001639,Central,15.552,3,0.2,5.4432,0.35000000000000003
CA-2016-131835,2016-07-17,2016-07-21,MC-17590,OFF-AP-10004487,East,162.64,2,0.0,45.5392,0.28
CA-2016-131835,2016-07-17,2016-07-21,MC-17590,TEC-PH-10001760,East,597.0,3,0.0,280.59,0.47
CA-2016-131835,2016-07-17,2016-07-21,MC-17590,OFF-PA-10004071,East,55.48,1,0.0,26.6304,0.48000000000000004
CA-2015-142237,2015-07-11,2015-07-13,CK-12595,FUR-FU-10004848,East,289.8,7,0.2,36.225,0.125
CA-2015-142237,2015-07-11,2015-07-13,CK-12595,OFF-BI-10004022,East,2.502,3,0.7,-2.0016,-0.8
CA-2015-142237,2015-07-11,2015-07-13,CK-12595,OFF-BI-10003669,East,6.48,4,0.7,-4.752,-0.7333333333333333
CA-2015-142237,2015-07-11,2015-07-13,CK-12595,FUR-CH-10003833,East,341.488,8,0.3,-73.176,-0.2142857142857143
CA-2015-142237,2015-07-11,2015-07-13,CK-12595,OFF-AR-10003732,East,11.12,5,0.2,0.834,0.075
CA-2015-142237,2015-07-11,2015-07-13,CK-12595,FUR-FU-10003142,East,25.344,6,0.2,3.4848,0.13749999999999998
CA-2016-136434,2016-12-01,2016-12-07,RD-19480,FUR-FU-10001196,Central,17.31,3,0.0,5.193,0.3
CA-2017-120376,2017-12-22,2017-12-25,TP-21130,TEC-AC-10001114,Central,199.95,5,0.0,63.984,0.32
CA-2017-120376,2017-12-22,2017-12-25,TP-21130,FUR-CH-10002335,Central,1586.69,7,0.0,412.5394,0.26
CA-2017-120376,2017-12-22,2017-12-25,TP-21130,TEC-AC-10000844,Central,84.99,1,0.0,30.5964,0.36
CA-2017-120376,2017-12-22,2017-12-25,TP-21130,FUR-TA-10004534,Central,411.8,2,0.0,70.006,0.16999999999999998
CA-2014-106439,2014-10-31,2014-11-04,GG-14650,OFF-FA-10002975,West,11.34,3,0.0,5.2164,0.46
CA-2014-106439,2014-10-31,2014-11-04,GG-14650,OFF-ST-10003996,West,80.3,5,0.0,20.878,0.26
CA-2014-106439,2014-10-31,2014-11-04,GG-14650,OFF-BI-10002571,West,15.968,2,0.2,5.3892,0.33749999999999997
CA-2014-106439,2014-10-31,2014-11-04,GG-14650,OFF-PA-10000477,West,64.74,13,0.0,30.4278,0.4700000000000001
CA-2014-106439,2014-10-31,2014-11-04,GG-14650,OFF-BI-10004209,West,19.296,3,0.2,6.03,0.3125
CA-2014-106439,2014-10-31,2014-11-04,GG-14650,OFF-ST-10001963,West,405.64,4,0.0,12.1692,0.030000000000000002
CA-2014-106439,2014-10-31,2014-11-04,GG-14650,FUR-CH-10003833,West,146.352,3,0.2,-9.147,-0.0625
CA-2014-106439,2014-10-31,2014-11-04,GG-14650,TEC-AC-10004568,West,251.91,9,0.0,47.8629,0.19
CA-2014-106439,2014-10-31,2014-11-04,GG-14650,OFF-AR-10001419,West,12.39,3,0.0,3.717,0.3
CA-2015-133452,2015-04-13,2015-04-19,ZC-21910,TEC-AC-10002800,West,199.96,4,0.0,69.986,0.35000000000000003
CA-2015-133452,2015-04-13,2015-04-19,ZC-21910,FUR-TA-10003954,West,710.832,3,0.2,-97.7394,-0.1375
CA-2016-146521,2016-07-21,2016-07-23,CC-12610,OFF-BI-10000301,East,1.941,1,0.7,-1.294,-0.6666666666666666
US-2017-110996,2017-11-20,2017-11-25,KA-16525,FUR-CH-10003956,West,283.92,5,0.2,-46.137,-0.1625
CA-2016-129693,2016-11-26,2016-12-02,TC-20980,OFF-BI-10002954,West,7.312,2,0.2,2.5592,0.35000000000000003
CA-2017-122504,2017-11-07,2017-11-12,DB-13270,TEC-AC-10003289,West,59.97,3,0.0,13.7931,0.23
CA-2017-122504,2017-11-07,2017-11-12,DB-13270,TEC-PH-10002468,West,761.544,7,0.2,66.6351,0.0875
CA-2014-131051,2014-12-01,2014-12-05,TR-21325,FUR-FU-10001861,West,58.2,3,0.0,28.518,0.49
CA-2017-140676,2017-09-12,2017-09-15,BF-11080,OFF-PA-10004082,East,39.9,5,0.0,19.95,0.5
CA-2017-140676,2017-09-12,2017-09-15,BF-11080,OFF-AP-10000358,East,90.86,7,0.0,26.3494,0.29
CA-2017-140676,2017-09-12,2017-09-15,BF-11080,OFF-PA-10004243,East,94.85,5,0.0,45.528,0.48000000000000004
CA-2015-120103,2015-12-24,2015-12-29,MS-17365,OFF-PA-10001295,West,106.232,7,0.2,37.1812,0.35
CA-2015-120103,2015-12-24,2015-12-29,MS-17365,TEC-PH-10002170,West,111.984,2,0.2,11.1984,0.1
CA-2015-120103,2015-12-24,2015-12-29,MS-17365,FUR-FU-10002885,West,7.712,2,0.2,1.7352,0.225
CA-2017-104647,2017-02-23,2017-03-01,CK-12595,OFF-PA-10002870,West,37.44,6,0.0,16.848,0.45
CA-2014-110352,2014-11-23,2014-11-29,ED-13885,OFF-LA-10003923,Central,23.68,2,0.2,8.88,0.37500000000000006
CA-2016-140501,2016-06-23,2016-06-28,IM-15070,OFF-LA-10003510,East,122.12,4,0.0,56.1752,0.45999999999999996
CA-2016-140501,2016-06-23,2016-06-28,IM-15070,OFF-LA-10000248,East,18.45,5,0.0,8.6715,0.47000000000000003
CA-2016-140501,2016-06-23,2016-06-28,IM-15070,OFF-ST-10000060,East,324.9,5,0.0,38.988,0.12000000000000001
CA-2016-140501,2016-06-23,2016-06-28,IM-15070,OFF-PA-10003129,East,146.73,3,0.0,68.9631,0.47000000000000003
CA-2016-140501,2016-06-23,2016-06-28,IM-15070,OFF-FA-10004076,East,3.96,2,0.0,1.4652,0.37
CA-2015-139290,2015-10-26,2015-10-30,MY-17380,OFF-LA-10004008,West,5.76,2,0.0,2.6496,0.46
CA-2017-166142,2017-07-15,2017-07-19,MM-17260,OFF-BI-10004094,East,26.55,3,0.0,13.0095,0.48999999999999994
CA-2017-166142,2017-07-15,2017-07-19,MM-17260,FUR-TA-10004607,East,310.443,3,0.3,-48.7839,-0.15714285714285717
CA-2014-145926,2014-11-17,2014-11-21,MP-17470,FUR-CH-10004289,Central,479.9,5,0.0,81.583,0.17
CA-2015-149678,2015-04-13,2015-04-15,AW-10840,OFF-SU-10004498,West,12.88,1,0.0,0.3864,0.03
US-2015-164357,2015-11-25,2015-11-29,SF-20065,OFF-AR-10001177,South,13.12,5,0.2,1.476,0.1125
US-2016-146570,2016-05-15,2016-05-20,SN-20710,OFF-BI-10001718,South,511.84,8,0.0,240.5648,0.47000000000000003
US-2016-146570,2016-05-15,2016-05-20,SN-20710,OFF-AR-10004602,South,91.96,4,0.0,25.7488,0.28
US-2016-146570,2016-05-15,2016-05-20,SN-20710,OFF-AR-10003856,South,8.34,3,0.0,2.1684,0.26
CA-2017-124401,2017-09-07,2017-09-12,RD-19900,OFF-ST-10000649,West,37.68,3,0.2,2.355,0.0625
CA-2017-124401,2017-09-07,2017-09-12,RD-19900,TEC-AC-10002926,West,279.944,7,0.2,80.4839,0.2875
US-2014-140116,2014-03-10,2014-03-17,KT-16480,OFF-ST-10000078,West,636.408,3,0.2,-15.9102,-0.024999999999999998
US-2014-140116,2014-03-10,2014-03-17,KT-16480,OFF-AR-10001044,West,83.168,4,0.2,9.3564,0.1125
CA-2014-123295,2014-07-18,2014-07-18,AH-10120,FUR-CH-10002372,West,259.136,4,0.2,-25.9136,-0.09999999999999999
CA-2017-167101,2017-03-24,2017-03-28,BM-11650,OFF-PA-10000357,East,221.92,4,0.0,106.5216,0.48000000000000004
CA-2017-167101,2017-03-24,2017-03-28,BM-11650,TEC-AC-10001266,East,26.0,2,0.0,11.7,0.44999999999999996
US-2014-167633,2014-09-30,2014-10-05,BW-11200,OFF-PA-10004888,South,15.552,3,0.2,5.4432,0.35000000000000003
US-2014-152723,2014-09-26,2014-09-26,HG-14965,OFF-BI-10003460,Central,0.876,1,0.8,-1.4016,-1.5999999999999999
CA-2015-164882,2015-10-31,2015-10-31,SG-20080,OFF-PA-10000157,West,19.98,1,0.0,9.3906,0.47
CA-2015-164882,2015-10-31,2015-10-31,SG-20080,OFF-BI-10004519,West,398.352,3,0.2,124.485,0.3125
CA-2015-164882,2015-10-31,2015-10-31,SG-20080,OFF-AR-10004272,West,5.04,3,0.0,1.26,0.25
CA-2015-164882,2015-10-31,2015-10-31,SG-20080,OFF-FA-10000585,West,17.45,5,0.0,8.027,0.45999999999999996
CA-2015-164882,2015-10-31,2015-10-31,SG-20080,FUR-CH-10004218,West,323.136,4,0.2,20.196,0.0625
CA-2015-164882,2015-10-31,2015-10-31,SG-20080,OFF-SU-10004231,West,29.7,3,0.0,8.019,0.27
CA-2015-164882,2015-10-31,2015-10-31,SG-20080,TEC-PH-10001578,West,1295.84,4,0.2,145.782,0.11250000000000002
CA-2015-164882,2015-10-31,2015-10-31,SG-20080,OFF-ST-10003638,West,46.84,2,0.0,12.6468,0.27
CA-2015-164882,2015-10-31,2015-10-31,SG-20080,FUR-BO-10002213,West,425.833,1,0.15,20.0392,0.047058823529411764
CA-2015-159786,2015-10-12,2015-10-17,RK-19300,FUR-TA-10001307,East,209.67,1,0.4,-13.978,-0.06666666666666667
CA-2016-130267,2016-09-19,2016-09-23,SW-20245,OFF-PA-10002222,West,159.88,7,0.0,73.5448,0.45999999999999996
CA-2017-155460,2017-04-13,2017-04-15,RW-19630,OFF-PA-10002479,West,5.28,1,0.0,2.376,0.44999999999999996
CA-2017-155460,2017-04-13,2017-04-15,RW-19630,OFF-BI-10003091,West,895.92,5,0.2,302.373,0.3375
US-2017-168690,2017-01-07,2017-01-13,TS-21085,OFF-BI-10000145,South,2.808,3,0.7,-1.9656,-0.7000000000000001
CA-2017-158246,2017-11-09,2017-11-11,JB-15400,FUR-CH-10003061,West,215.976,3,0.2,-2.6997,-0.0125
CA-2017-167381,2017-09-22,2017-09-24,EH-14005,FUR-BO-10001972,Central,241.96,2,0.0,41.1332,0.17
CA-2017-167381,2017-09-22,2017-09-24,EH-14005,OFF-LA-10000134,Central,27.72,9,0.0,13.3056,0.48000000000000004
CA-2017-144862,2017-12-01,2017-12-05,EH-14005,OFF-EN-10003040,East,104.68,5,0.2,35.3295,0.3375
CA-2017-144862,2017-12-01,2017-12-05,EH-14005,TEC-PH-10000923,East,62.958,7,0.4,9.4437,0.15
CA-2014-126032,2014-06-23,2014-06-28,BS-11665,TEC-AC-10000158,East,86.376,3,0.2,1.0797,0.0125
CA-2015-134859,2015-10-04,2015-10-09,JK-16120,FUR-FU-10003623,East,64.944,3,0.2,6.4944,0.09999999999999999
CA-2015-134859,2015-10-04,2015-10-09,JK-16120,OFF-PA-10001293,East,20.736,4,0.2,7.2576,0.35
US-2014-114188,2014-05-20,2014-05-22,RF-19345,OFF-AP-10000124,East,33.28,4,0.0,9.3184,0.28
US-2014-114188,2014-05-20,2014-05-22,RF-19345,OFF-AR-10004511,East,38.52,9,0.0,11.9412,0.31
US-2014-114188,2014-05-20,2014-05-22,RF-19345,FUR-FU-10000076,East,139.86,7,0.0,60.1398,0.42999999999999994
CA-2015-156524,2015-11-20,2015-11-26,DL-12865,OFF-PA-10003883,East,19.65,3,0.0,9.039,0.46
CA-2015-122210,2015-11-30,2015-12-04,WB-21850,OFF-BI-10003656,East,152.991,3,0.7,-122.3928,-0.7999999999999999
CA-2015-122210,2015-11-30,2015-12-04,WB-21850,OFF-FA-10000053,East,10.584,7,0.2,-2.3814,-0.22500000000000003
CA-2015-122210,2015-11-30,2015-12-04,WB-21850,TEC-PH-10002807,East,94.92,4,0.4,15.82,0.16666666666666666
CA-2015-156377,2015-12-31,2016-01-05,TB-21625,FUR-FU-10002364,Central,14.76,5,0.6,-11.439,-0.775
CA-2015-156377,2015-12-31,2016-01-05,TB-21625,OFF-BI-10002954,Central,3.656,4,0.8,-5.8496,-1.5999999999999999
US-2017-157896,2017-11-16,2017-11-16,CB-12415,OFF-PA-10004092,East,146.82,3,0.0,73.41,0.5
CA-2014-159520,2014-06-06,2014-06-11,GT-14635,OFF-BI-10003982,East,149.544,9,0.2,50.4711,0.33749999999999997
CA-2014-159520,2014-06-06,2014-06-11,GT-14635,OFF-SU-10001664,East,17.14,2,0.0,4.4564,0.26
CA-2014-159520,2014-06-06,2014-06-11,GT-14635,FUR-TA-10003238,East,991.764,3,0.4,-347.1174,-0.35
CA-2016-155481,2016-09-01,2016-09-05,DK-13225,OFF-PA-10004675,East,30.48,6,0.2,9.906,0.325
CA-2016-155481,2016-09-01,2016-09-05,DK-13225,TEC-PH-10002293,East,23.988,2,0.4,-4.7976,-0.2
CA-2016-155481,2016-09-01,2016-09-05,DK-13225,OFF-FA-10002780,East,16.688,7,0.2,5.4236,0.32500000000000007
US-2016-152051,2016-06-25,2016-06-29,TS-21160,FUR-CH-10002965,East,422.058,3,0.3,-18.0882,-0.04285714285714286
US-2016-152051,2016-06-25,2016-06-29,TS-21160,OFF-BI-10004781,East,38.088,4,0.7,-27.9312,-0.7333333333333333
US-2016-152051,2016-06-25,2016-06-29,TS-21160,OFF-ST-10001713,East,254.352,6,0.2,-50.8704,-0.19999999999999998
CA-2014-141607,2014-12-12,2014-12-17,WB-21850,FUR-FU-10003975,West,43.31,1,0.0,4.331,0.1
CA-2017-102771,2017-03-31,2017-04-05,DO-13435,TEC-PH-10001536,East,84.95,5,0.0,22.087,0.26
US-2017-139969,2017-11-19,2017-11-26,AF-10870,FUR-CH-10001973,Central,233.058,3,0.3,-53.2704,-0.2285714285714286
CA-2014-167360,2014-11-24,2014-11-29,RB-19435,TEC-AC-10001772,Central,111.79,7,0.0,43.5981,0.39
CA-2015-123505,2015-11-22,2015-11-26,AR-10540,OFF-PA-10002586,East,14.94,3,0.0,7.0218,0.47000000000000003
CA-2016-117282,2016-07-14,2016-07-18,DR-12880,OFF-BI-10004094,East,14.16,2,0.2,5.133,0.3625
US-2016-120460,2016-04-30,2016-05-05,BF-11170,FUR-FU-10004973,Central,22.608,3,0.6,-10.1736,-0.45
CA-2016-111115,2016-07-25,2016-07-27,LB-16735,OFF-FA-10000624,West,21.48,6,0.0,10.74,0.5
CA-2014-124646,2014-06-22,2014-06-24,DV-13465,OFF-ST-10001097,Central,501.81,3,0.0,0.0,0.0
CA-2014-124646,2014-06-22,2014-06-24,DV-13465,OFF-ST-10001469,Central,161.94,3,0.0,9.7164,0.060000000000000005
CA-2017-148166,2017-10-21,2017-10-26,NK-18490,OFF-AR-10004956,South,17.856,4,0.2,2.0088,0.11249999999999999
CA-2016-159737,2016-09-03,2016-09-09,CS-11950,OFF-BI-10004236,Central,8.808,3,0.8,-14.9736,-1.7
CA-2016-141019,2016-05-14,2016-05-14,LH-17155,FUR-FU-10002937,East,79.384,1,0.2,29.769,0.375
CA-2016-101938,2016-01-07,2016-01-12,DW-13480,OFF-AR-10003696,West,34.58,1,0.0,10.0282,0.29000000000000004
CA-2017-166296,2017-03-13,2017-03-19,KF-16285,OFF-PA-10004359,West,314.55,3,0.0,150.984,0.48000000000000004
CA-2016-154018,2016-10-13,2016-10-19,HA-14920,TEC-AC-10002402,Central,191.976,3,0.2,23.997,0.125
CA-2016-154018,2016-10-13,2016-10-19,HA-14920,OFF-PA-10000551,Central,8.288,2,0.2,3.0044,0.3625
CA-2016-154018,2016-10-13,2016-10-19,HA-14920,FUR-FU-10003394,Central,139.92,5,0.6,-150.414,-1.075
CA-2016-154018,2016-10-13,2016-10-19,HA-14920,OFF-AR-10002067,Central,15.872,1,0.2,1.1904,0.075
CA-2016-154018,2016-10-13,2016-10-19,HA-14920,OFF-BI-10004140,Central,6.286,7,0.8,-11.0005,-1.7500000000000002
CA-2017-117870,2017-01-27,2017-01-30,JH-15820,OFF-AR-10004078,East,14.016,3,0.2,1.752,0.125
CA-2017-117870,2017-01-27,2017-01-30,JH-15820,TEC-AC-10000927,East,71.976,3,0.2,-8.997,-0.125
CA-2017-117870,2017-01-27,2017-01-30,JH-15820,TEC-PH-10003931,East,107.982,3,0.4,-26.9955,-0.25
US-2017-137491,2017-11-19,2017-11-25,LC-16930,FUR-CH-10004675,Central,305.312,2,0.3,-8.7232,-0.02857142857142857
CA-2014-152296,2014-08-01,2014-08-03,IL-15100,OFF-BI-10004506,West,19.752,3,0.2,6.9132,0.35000000000000003
CA-2016-112025,2016-07-30,2016-08-04,LS-16975,OFF-BI-10002353,Central,9.264,3,0.8,-13.896,-1.5000000000000002
CA-2015-132507,2015-07-30,2015-08-03,CC-12610,OFF-ST-10000943,Central,61.792,4,0.2,6.1792,0.09999999999999999
CA-2016-125738,2016-10-15,2016-10-21,PB-18805,OFF-PA-10000740,West,45.68,2,0.0,21.0128,0.45999999999999996
CA-2016-125738,2016-10-15,2016-10-21,PB-18805,OFF-PA-10003001,West,60.12,9,0.0,28.8576,0.48000000000000004
CA-2016-125738,2016-10-15,2016-10-21,PB-18805,OFF-BI-10001628,West,41.72,5,0.2,13.0375,0.3125
CA-2016-125738,2016-10-15,2016-10-21,PB-18805,OFF-PA-10001509,West,71.6,8,0.0,32.936,0.46
CA-2016-128818,2016-05-07,2016-05-11,CJ-12010,OFF-BI-10000309,East,85.232,7,0.2,30.8966,0.3625
CA-2016-128818,2016-05-07,2016-05-11,CJ-12010,OFF-LA-10003923,East,44.4,3,0.0,22.2,0.5
CA-2016-128818,2016-05-07,2016-05-11,CJ-12010,FUR-CH-10002084,East,442.764,4,0.1,59.0352,0.13333333333333333
CA-2016-128818,2016-05-07,2016-05-11,CJ-12010,TEC-MA-10000488,East,3999.95,5,0.0,1159.9855,0.29000000000000004
CA-2016-128818,2016-05-07,2016-05-11,CJ-12010,TEC-AC-10001767,East,199.95,5,0.0,21.9945,0.11
CA-2016-128818,2016-05-07,2016-05-11,CJ-12010,FUR-FU-10001940,East,63.68,8,0.0,28.0192,0.44
CA-2017-124576,2017-08-01,2017-08-04,HK-14890,OFF-BI-10002735,West,54.896,2,0.2,18.5274,0.3375
CA-2016-101378,2016-07-14,2016-07-14,RH-19600,TEC-AC-10002345,South,29.0,2,0.0,7.25,0.25
CA-2017-143063,2017-08-10,2017-08-15,IL-15100,OFF-EN-10003134,Central,70.08,6,0.0,35.04,0.5
CA-2017-143063,2017-08-10,2017-08-15,IL-15100,FUR-FU-10003708,Central,121.3,2,0.0,25.473,0.21
CA-2017-143063,2017-08-10,2017-08-15,IL-15100,TEC-PH-10003645,Central,1454.49,9,0.0,378.1674,0.26
CA-2016-118913,2016-06-25,2016-06-29,AS-10240,OFF-AP-10000692,West,60.81,3,0.0,17.0268,0.28
CA-2016-128412,2016-12-10,2016-12-17,AP-10915,OFF-BI-10001718,West,153.552,3,0.2,51.8238,0.3375
CA-2016-128412,2016-12-10,2016-12-17,AP-10915,OFF-AP-10002082,West,65.34,3,0.0,22.869,0.35
CA-2016-128412,2016-12-10,2016-12-17,AP-10915,OFF-PA-10001125,West,123.92,4,0.0,55.764,0.45
CA-2016-128412,2016-12-10,2016-12-17,AP-10915,OFF-AP-10000252,West,35.1,3,0.0,12.285,0.35
CA-2016-128412,2016-12-10,2016-12-17,AP-10915,TEC-AC-10003038,West,44.75,5,0.0,8.5025,0.19
CA-2016-136483,2016-12-01,2016-12-06,AG-10390,OFF-AR-10000940,South,4.704,2,0.2,0.4116,0.08750000000000001
CA-2014-163013,2014-11-28,2014-12-04,BF-11080,OFF-AR-10001954,South,14.67,3,0.0,3.9609,0.27
CA-2015-135363,2015-03-28,2015-04-02,CK-12205,OFF-PA-10003177,East,15.552,3,0.2,5.4432,0.35000000000000003
CA-2015-135363,2015-03-28,2015-04-02,CK-12205,OFF-PA-10000533,East,5.232,1,0.2,1.7004,0.32499999999999996
US-2014-165659,2014-06-01,2014-06-06,LT-17110,FUR-FU-10001935,South,22.2,6,0.0,9.102,0.41000000000000003
US-2014-165659,2014-06-01,2014-06-06,LT-17110,TEC-PH-10002563,South,881.93,7,0.0,229.3018,0.26
CA-2015-138002,2015-09-06,2015-09-12,BT-11305,OFF-BI-10002160,West,6.096,2,0.2,2.1336,0.35
CA-2015-138002,2015-09-06,2015-09-12,BT-11305,FUR-FU-10004748,West,191.82,3,0.0,74.8098,0.39
CA-2015-128860,2015-06-29,2015-07-05,SC-20725,FUR-FU-10001473,East,20.104,1,0.2,1.7591,0.08750000000000001
CA-2016-164350,2016-09-10,2016-09-12,CG-12040,OFF-AR-10000538,South,67.56,3,0.2,8.445,0.125
US-2014-103905,2014-07-14,2014-07-20,AW-10930,OFF-BI-10001098,Central,29.932,7,0.8,-46.3946,-1.55
US-2014-103905,2014-07-14,2014-07-20,AW-10930,TEC-PH-10001552,Central,38.272,4,0.2,3.8272,0.1
CA-2015-129854,2015-08-22,2015-08-26,RB-19705,OFF-AR-10000390,East,16.52,4,0.0,7.5992,0.46
CA-2014-125556,2014-11-14,2014-11-16,ML-17410,TEC-PH-10001079,East,832.93,7,0.0,233.2204,0.28
CA-2014-125556,2014-11-14,2014-11-16,ML-17410,OFF-BI-10003460,East,43.8,10,0.0,21.024,0.48000000000000004
CA-2016-162313,2016-11-27,2016-11-30,VB-21745,OFF-AP-10003842,Central,167.292,6,0.1,29.7408,0.17777777777777778
CA-2017-107874,2017-11-21,2017-11-25,SW-20275,FUR-FU-10003535,East,27.42,1,0.0,11.2422,0.41
CA-2017-129378,2017-10-01,2017-10-02,NS-18505,OFF-BI-10002012,West,1.44,1,0.2,0.504,0.35000000000000003
CA-2017-129378,2017-10-01,2017-10-02,NS-18505,OFF-BI-10001922,West,61.776,13,0.2,20.8494,0.33749999999999997
CA-2017-129378,2017-10-01,2017-10-02,NS-18505,OFF-AP-10000576,West,241.96,2,0.0,60.49,0.25
CA-2017-129378,2017-10-01,2017-10-02,NS-18505,FUR-CH-10000553,West,108.608,4,0.2,9.5032,0.0875
CA-2014-151953,2014-09-20,2014-09-25,DB-13555,OFF-AR-10003469,South,2.816,2,0.2,0.9856,0.35000000000000003
CA-2017-130841,2017-07-28,2017-08-01,MH-17620,OFF-BI-10000145,West,9.984,4,0.2,3.6192,0.36250000000000004
CA-2017-130841,2017-07-28,2017-08-01,MH-17620,OFF-ST-10001580,West,14.98,1,0.0,4.1944,0.27999999999999997
CA-2017-130841,2017-07-28,2017-08-01,MH-17620,TEC-PH-10001817,West,1145.6,4,0.2,100.24,0.08750000000000001
CA-2015-131884,2015-12-06,2015-12-06,DK-13375,TEC-PH-10001578,East,485.94,2,0.4,-89.089,-0.18333333333333332
CA-2015-131884,2015-12-06,2015-12-06,DK-13375,OFF-AR-10004078,East,37.376,8,0.2,4.672,0.125
CA-2015-131884,2015-12-06,2015-12-06,DK-13375,FUR-CH-10004860,East,70.686,1,0.3,-24.2352,-0.3428571428571428
CA-2017-121909,2017-07-31,2017-08-05,EA-14035,OFF-PA-10003790,East,54.816,3,0.2,17.8152,0.325
CA-2016-106383,2016-03-19,2016-03-21,BT-11440,FUR-BO-10002202,West,72.294,1,0.7,-98.8018,-1.3666666666666667
CA-2017-130771,2017-07-29,2017-08-03,LA-16780,OFF-FA-10003059,Central,2.896,2,0.2,0.4706,0.1625
CA-2017-130771,2017-07-29,2017-08-03,LA-16780,TEC-PH-10002496,Central,124.792,1,0.2,15.599,0.125
CA-2016-139157,2016-10-01,2016-10-05,GM-14680,FUR-TA-10003238,East,330.588,1,0.4,-115.7058,-0.35
CA-2014-128055,2014-03-31,2014-04-05,AA-10315,OFF-BI-10004390,West,673.568,2,0.2,252.588,0.375
CA-2014-128055,2014-03-31,2014-04-05,AA-10315,OFF-AP-10002765,West,52.98,2,0.0,14.8344,0.28
CA-2017-157091,2017-06-26,2017-07-01,DB-13405,FUR-FU-10000293,Central,526.45,5,0.0,31.587,0.06
CA-2017-132122,2017-07-09,2017-07-14,JH-15820,OFF-ST-10003692,Central,228.92,5,0.2,14.3075,0.0625
CA-2015-123232,2015-12-14,2015-12-16,DJ-13630,TEC-PH-10001051,West,319.968,4,0.2,35.9964,0.1125
CA-2017-104066,2017-12-05,2017-12-10,QJ-19255,TEC-AC-10001013,East,205.03,7,0.0,67.6599,0.32999999999999996
CA-2015-145849,2015-09-15,2015-09-17,CT-11995,OFF-ST-10000025,Central,190.86,2,0.0,11.4516,0.05999999999999999
CA-2015-145849,2015-09-15,2015-09-17,CT-11995,OFF-AR-10000817,Central,24.32,8,0.0,8.2688,0.34
CA-2016-122322,2016-07-15,2016-07-21,RH-19510,OFF-SU-10000952,West,44.4,5,0.0,12.432,0.28
CA-2017-166849,2017-04-20,2017-04-26,SJ-20125,FUR-FU-10004597,Central,44.4,2,0.6,-52.17,-1.175
CA-2016-146633,2016-11-15,2016-11-17,TG-21310,OFF-BI-10003527,West,1016.792,1,0.2,381.297,0.375
CA-2016-146633,2016-11-15,2016-11-17,TG-21310,OFF-BI-10002982,West,38.136,7,0.2,13.3476,0.35
US-2016-126893,2016-11-26,2016-12-01,CT-11995,TEC-PH-10004165,East,494.982,3,0.4,-115.4958,-0.23333333333333334
CA-2017-103380,2017-11-21,2017-11-25,BF-11005,OFF-ST-10003442,West,56.56,2,0.0,15.2712,0.27
CA-2017-103380,2017-11-21,2017-11-25,BF-11005,OFF-AR-10003856,West,5.56,2,0.0,1.4456,0.26
CA-2017-103380,2017-11-21,2017-11-25,BF-11005,OFF-FA-10004248,West,9.02,2,0.0,3.5178,0.39
CA-2017-103380,2017-11-21,2017-11-25,BF-11005,OFF-AP-10001492,West,8.62,1,0.0,2.2412,0.26
CA-2017-103380,2017-11-21,2017-11-25,BF-11005,TEC-PH-10004165,West,659.976,3,0.2,49.4982,0.075
CA-2015-116092,2015-02-15,2015-02-18,JM-16195,OFF-PA-10004285,West,13.36,2,0.0,6.4128,0.48
CA-2015-116092,2015-02-15,2015-02-18,JM-16195,OFF-BI-10001628,West,41.72,5,0.2,13.0375,0.3125
CA-2015-116092,2015-02-15,2015-02-18,JM-16195,OFF-BI-10000546,West,11.52,5,0.2,4.176,0.36250000000000004
CA-2015-116092,2015-02-15,2015-02-18,JM-16195,OFF-AP-10001391,West,541.44,6,0.0,157.0176,0.2899999999999999
CA-2015-116092,2015-02-15,2015-02-18,JM-16195,OFF-PA-10000477,West,19.44,3,0.0,9.3312,0.48000000000000004
CA-2016-117849,2016-04-15,2016-04-17,JK-16120,OFF-PA-10004327,West,143.7,3,0.0,68.976,0.48000000000000004
CA-2015-169201,2015-09-28,2015-10-01,HG-14965,OFF-AP-10000696,West,43.26,3,0.0,14.2758,0.33
CA-2015-169201,2015-09-28,2015-10-01,HG-14965,OFF-AP-10002082,West,43.56,2,0.0,15.246,0.35
CA-2016-164091,2016-09-17,2016-09-22,LA-16780,TEC-PH-10001944,East,437.85,3,0.0,131.355,0.29999999999999993
CA-2016-164091,2016-09-17,2016-09-22,LA-16780,FUR-FU-10004952,East,109.48,2,0.0,33.9388,0.31
CA-2017-105214,2017-06-16,2017-06-19,TS-21610,FUR-CH-10000015,West,1212.96,7,0.2,90.972,0.075
CA-2017-105214,2017-06-16,2017-06-19,TS-21610,OFF-PA-10001776,West,18.54,2,0.0,8.7138,0.4700000000000001
CA-2015-117611,2015-11-08,2015-11-10,MZ-17335,OFF-FA-10002280,West,5.0,1,0.0,2.4,0.48
CA-2015-117611,2015-11-08,2015-11-10,MZ-17335,TEC-AC-10002049,West,371.97,3,0.0,66.9546,0.18
US-2015-137960,2015-12-18,2015-12-18,MW-18220,TEC-AC-10002253,East,166.24,1,0.0,24.936,0.15
CA-2017-122994,2017-02-06,2017-02-09,MV-17485,FUR-BO-10004015,South,359.97,3,0.0,79.1934,0.21999999999999997
CA-2016-131065,2016-11-14,2016-11-16,AA-10375,TEC-AC-10004145,South,499.98,2,0.0,114.9954,0.23
CA-2016-131065,2016-11-14,2016-11-16,AA-10375,OFF-PA-10002479,South,5.28,1,0.0,2.376,0.44999999999999996
CA-2016-131065,2016-11-14,2016-11-16,AA-10375,OFF-BI-10004970,South,8.26,2,0.0,3.8822,0.47000000000000003
CA-2017-149146,2017-10-12,2017-10-12,SM-20320,OFF-PA-10003919,South,7.968,2,0.2,2.6892,0.3375
CA-2017-137470,2017-09-17,2017-09-17,TP-21415,OFF-PA-10002001,West,12.96,2,0.0,6.3504,0.48999999999999994
CA-2017-105480,2017-12-20,2017-12-26,DK-13225,OFF-PA-10002787,East,6.48,1,0.0,3.1104,0.4799999999999999
CA-2017-105480,2017-12-20,2017-12-26,DK-13225,OFF-BI-10003291,East,6.984,1,0.2,2.3571,0.3375
CA-2017-164917,2017-12-02,2017-12-07,MK-17905,OFF-AR-10004344,South,47.96,5,0.2,4.1965,0.08750000000000001
CA-2015-102036,2015-09-21,2015-09-27,CS-12130,OFF-ST-10003123,West,199.74,6,0.0,47.9376,0.24000000000000002
CA-2015-142944,2015-03-06,2015-03-11,JL-15850,FUR-FU-10000308,West,435.26,7,0.0,95.7572,0.22
CA-2015-142944,2015-03-06,2015-03-11,JL-15850,TEC-CO-10003763,West,1119.984,2,0.2,377.9946,0.3375
CA-2014-157882,2014-10-03,2014-10-08,AR-10405,FUR-TA-10001866,West,143.432,1,0.2,3.5858,0.025
CA-2014-157882,2014-10-03,2014-10-08,AR-10405,FUR-CH-10002774,West,122.352,3,0.2,13.7646,0.11249999999999999
CA-2014-104283,2014-06-27,2014-07-01,LM-17065,OFF-ST-10004337,South,306.2,5,0.0,0.0,0.0
CA-2014-104283,2014-06-27,2014-07-01,LM-17065,FUR-TA-10001039,South,85.98,1,0.0,22.3548,0.26
CA-2014-104283,2014-06-27,2014-07-01,LM-17065,TEC-AC-10000109,South,223.96,4,0.0,53.7504,0.24
CA-2017-142622,2017-10-30,2017-11-02,JK-15625,FUR-CH-10003833,West,97.568,2,0.2,-6.098,-0.0625
CA-2017-142622,2017-10-30,2017-11-02,JK-15625,FUR-CH-10004289,West,614.272,8,0.2,-23.0352,-0.0375
CA-2017-142622,2017-10-30,2017-11-02,JK-15625,FUR-BO-10004467,West,199.98,2,0.0,37.9962,0.19000000000000003
CA-2016-132143,2016-09-03,2016-09-05,FM-14215,OFF-PA-10002713,East,48.16,7,0.0,22.1536,0.4600000000000001
CA-2015-153108,2015-03-05,2015-03-09,SF-20200,TEC-PH-10001552,Central,23.92,2,0.0,6.6976,0.27999999999999997
CA-2015-153108,2015-03-05,2015-03-09,SF-20200,OFF-AP-10002222,Central,60.69,7,0.0,16.3863,0.26999999999999996
CA-2016-112676,2016-05-05,2016-05-08,PJ-18835,OFF-PA-10003971,South,14.352,3,0.2,5.2026,0.3625
CA-2017-165687,2017-11-17,2017-11-23,CS-12355,OFF-AP-10004036,South,35.04,2,0.0,12.264,0.35
US-2017-112928,2017-06-01,2017-06-05,BB-10990,OFF-AP-10002287,East,17.48,5,0.2,1.311,0.075
CA-2017-143343,2017-06-10,2017-06-13,BW-11200,OFF-AR-10002375,West,16.4,5,0.0,4.756,0.29000000000000004
CA-2017-115154,2017-01-08,2017-01-11,RS-19420,FUR-TA-10001950,West,892.98,2,0.0,80.3682,0.09
CA-2015-149342,2015-04-20,2015-04-25,TS-21160,TEC-PH-10001557,South,287.97,3,0.0,77.7519,0.27
CA-2015-149342,2015-04-20,2015-04-25,TS-21160,FUR-FU-10002937,South,595.38,6,0.0,297.69,0.5
CA-2015-149342,2015-04-20,2015-04-25,TS-21160,OFF-PA-10001166,South,12.96,2,0.0,6.2208,0.4799999999999999
CA-2015-130995,2015-11-01,2015-11-06,QJ-19255,TEC-PH-10000347,East,4.95,1,0.0,1.3365,0.27
CA-2017-127929,2017-12-23,2017-12-27,FM-14215,FUR-FU-10003708,East,181.95,3,0.0,38.2095,0.21
CA-2015-113145,2015-11-01,2015-11-05,VD-21670,OFF-PA-10002659,East,13.52,4,0.0,6.2192,0.46
CA-2015-113145,2015-11-01,2015-11-05,VD-21670,FUR-FU-10000965,East,259.7,5,0.0,106.477,0.41000000000000003
CA-2015-113145,2015-11-01,2015-11-05,VD-21670,TEC-PH-10001527,East,42.95,1,0.0,1.2885,0.03
CA-2015-113145,2015-11-01,2015-11-05,VD-21670,TEC-AC-10001838,East,1399.93,7,0.0,601.9699,0.43
CA-2015-113145,2015-11-01,2015-11-05,VD-21670,TEC-PH-10002597,East,503.96,4,0.0,125.99,0.25
CA-2014-162362,2014-11-14,2014-11-18,JL-15505,OFF-BI-10000756,Central,12.72,3,0.0,6.36,0.5
CA-2014-162362,2014-11-14,2014-11-18,JL-15505,OFF-BI-10000546,Central,11.52,4,0.0,5.6448,0.49000000000000005
CA-2016-106558,2016-01-17,2016-01-21,DL-13495,TEC-AC-10001142,South,316.0,4,0.0,31.6,0.1
CA-2017-157931,2017-09-17,2017-09-22,MO-17800,FUR-CH-10000785,South,723.92,4,0.0,188.2192,0.26
CA-2017-157931,2017-09-17,2017-09-22,MO-17800,OFF-PA-10000474,South,106.32,3,0.0,49.9704,0.47000000000000003
CA-2016-115574,2016-12-23,2016-12-24,BP-11185,FUR-BO-10003441,Central,141.372,2,0.3,-14.1372,-0.09999999999999999
CA-2015-160794,2015-08-06,2015-08-08,MS-17980,OFF-PA-10004156,Central,27.216,3,0.2,9.8658,0.3625
CA-2017-116225,2017-11-05,2017-11-09,SV-20935,TEC-AC-10001432,East,390.75,5,0.0,171.93,0.44
US-2017-120418,2017-06-11,2017-06-12,BC-11125,FUR-CH-10001394,West,280.792,1,0.2,35.099,0.125
US-2017-120418,2017-06-11,2017-06-12,BC-11125,OFF-ST-10002370,West,68.448,4,0.2,7.7004,0.11250000000000002
US-2017-120418,2017-06-11,2017-06-12,BC-11125,OFF-AR-10002956,West,88.04,5,0.2,6.603,0.075
US-2017-120418,2017-06-11,2017-06-12,BC-11125,OFF-AR-10001955,West,15.872,1,0.2,1.984,0.125
US-2017-120418,2017-06-11,2017-06-12,BC-11125,OFF-ST-10001809,West,215.592,3,0.2,-48.5082,-0.225
CA-2017-122035,2017-07-20,2017-07-25,EM-13825,OFF-LA-10004093,Central,14.62,2,0.0,6.8714,0.47000000000000003
CA-2017-122035,2017-07-20,2017-07-25,EM-13825,OFF-AP-10002118,Central,416.32,2,0.0,112.4064,0.27
CA-2017-122035,2017-07-20,2017-07-25,EM-13825,OFF-BI-10000404,Central,43.0,5,0.0,20.21,0.47000000000000003
CA-2017-122035,2017-07-20,2017-07-25,EM-13825,FUR-CH-10003833,Central,182.94,3,0.0,27.441,0.15
CA-2017-122035,2017-07-20,2017-07-25,EM-13825,OFF-BI-10002072,Central,60.83,7,0.0,30.415,0.5
CA-2017-122035,2017-07-20,2017-07-25,EM-13825,TEC-AC-10003095,Central,389.97,3,0.0,132.5898,0.33999999999999997
CA-2015-117828,2015-12-23,2015-12-26,BD-11500,OFF-AP-10001563,South,194.32,4,0.0,56.3528,0.29000000000000004
CA-2017-165491,2017-03-20,2017-03-24,HW-14935,TEC-AC-10000358,West,265.93,7,0.0,63.8232,0.24
CA-2015-109470,2015-12-31,2016-01-03,KC-16255,OFF-BI-10004492,South,94.74,3,0.0,44.5278,0.47000000000000003
CA-2015-109470,2015-12-31,2016-01-03,KC-16255,OFF-BI-10001072,South,60.64,4,0.0,27.8944,0.46
CA-2015-109470,2015-12-31,2016-01-03,KC-16255,OFF-BI-10003707,South,76.3,5,0.0,38.15,0.5
CA-2015-109470,2015-12-31,2016-01-03,KC-16255,OFF-BI-10000977,South,364.8,12,0.0,167.808,0.45999999999999996
CA-2015-105102,2015-09-15,2015-09-19,BM-11575,OFF-BI-10002082,East,79.872,3,0.2,29.952,0.375
CA-2015-105102,2015-09-15,2015-09-19,BM-11575,FUR-BO-10004709,East,46.384,1,0.2,1.1596,0.024999999999999998
CA-2015-105102,2015-09-15,2015-09-19,BM-11575,OFF-PA-10002365,East,12.96,2,0.0,6.2208,0.4799999999999999
CA-2017-138422,2017-09-23,2017-09-26,KN-16705,OFF-EN-10004147,West,14.352,3,0.2,5.2026,0.3625
US-2015-147739,2015-12-25,2015-12-29,JD-16150,FUR-FU-10001468,East,547.136,4,0.2,-68.392,-0.125
CA-2016-155187,2016-09-24,2016-09-26,LA-16780,OFF-ST-10000642,West,41.96,2,0.0,2.9372,0.06999999999999999
CA-2016-155187,2016-09-24,2016-09-26,LA-16780,OFF-PA-10000380,West,41.7,5,0.0,20.85,0.5
CA-2017-169285,2017-03-21,2017-03-25,RW-19690,OFF-PA-10004071,Central,277.4,5,0.0,133.152,0.48
CA-2017-169285,2017-03-21,2017-03-25,RW-19690,OFF-PA-10004971,Central,5.78,1,0.0,2.8322,0.48999999999999994
CA-2014-140886,2014-09-30,2014-10-04,KW-16570,OFF-AP-10000696,South,69.216,6,0.2,11.2476,0.1625
CA-2017-152695,2017-12-10,2017-12-10,CC-12220,OFF-EN-10004030,East,10.86,3,0.0,5.1042,0.47
CA-2017-152695,2017-12-10,2017-12-10,CC-12220,OFF-AP-10000026,East,426.79,7,0.0,123.7691,0.29
CA-2014-110639,2014-08-23,2014-08-23,RH-19495,OFF-PA-10003936,East,25.92,4,0.0,12.4416,0.4799999999999999
CA-2014-110639,2014-08-23,2014-08-23,RH-19495,OFF-PA-10004530,East,45.92,4,0.0,22.5008,0.49
CA-2014-121727,2014-08-19,2014-08-24,JK-15625,OFF-AR-10004930,East,10.72,2,0.2,1.742,0.16249999999999998
CA-2016-137736,2016-11-10,2016-11-15,DC-13285,OFF-AR-10004999,South,41.86,7,0.0,10.465,0.25
US-2014-143231,2014-12-31,2015-01-03,GM-14455,FUR-FU-10002501,East,63.2,5,0.0,23.384,0.37
US-2014-143231,2014-12-31,2015-01-03,GM-14455,TEC-AC-10000358,East,113.97,3,0.0,27.3528,0.24
US-2014-155894,2014-07-26,2014-07-30,CL-11890,OFF-ST-10004804,Central,123.552,3,0.2,-29.3436,-0.2375
CA-2016-119025,2016-02-22,2016-02-28,PV-18985,OFF-AP-10001205,Central,490.32,9,0.0,137.2896,0.28
CA-2016-159373,2016-03-13,2016-03-18,LT-17110,OFF-PA-10000659,Central,70.08,5,0.2,24.528,0.35
CA-2016-159373,2016-03-13,2016-03-18,LT-17110,OFF-BI-10004141,Central,1.272,2,0.8,-2.1624,-1.7
CA-2016-159373,2016-03-13,2016-03-18,LT-17110,FUR-TA-10004619,Central,557.585,5,0.3,0.0,0.0
CA-2017-109701,2017-12-02,2017-12-03,AM-10360,OFF-BI-10004187,West,9.024,6,0.2,3.1584,0.35000000000000003
CA-2017-109701,2017-12-02,2017-12-03,AM-10360,OFF-BI-10000632,West,69.456,2,0.2,22.5732,0.325
CA-2017-109701,2017-12-02,2017-12-03,AM-10360,OFF-PA-10003724,West,10.86,2,0.0,5.3214,0.49
CA-2017-109701,2017-12-02,2017-12-03,AM-10360,OFF-AP-10002765,West,79.47,3,0.0,22.2516,0.28
CA-2017-109701,2017-12-02,2017-12-03,AM-10360,OFF-AR-10001868,West,10.08,6,0.0,5.04,0.5
CA-2015-111514,2015-08-31,2015-09-02,SC-20260,FUR-BO-10002545,West,1552.831,7,0.15,200.9546,0.12941176470588237
CA-2015-111514,2015-08-31,2015-09-02,SC-20260,OFF-BI-10002735,West,137.24,5,0.2,46.3185,0.33749999999999997
CA-2015-111514,2015-08-31,2015-09-02,SC-20260,TEC-AC-10004864,West,36.51,1,0.0,15.6993,0.43
CA-2015-111514,2015-08-31,2015-09-02,SC-20260,TEC-MA-10000597,West,239.976,3,0.2,80.9919,0.3375
US-2014-148838,2014-03-17,2014-03-21,CP-12340,FUR-TA-10003473,East,1579.746,7,0.4,-447.5947,-0.2833333333333333
US-2014-148838,2014-03-17,2014-03-21,CP-12340,FUR-TA-10001950,East,1071.576,4,0.4,-553.6476,-0.5166666666666667
US-2014-148838,2014-03-17,2014-03-21,CP-12340,FUR-TA-10004175,East,613.908,3,0.4,-122.7816,-0.19999999999999998
US-2014-148838,2014-03-17,2014-03-21,CP-12340,OFF-PA-10002960,East,34.86,7,0.0,16.3842,0.47000000000000003
US-2014-148838,2014-03-17,2014-03-21,CP-12340,OFF-PA-10000919,East,155.04,4,0.0,75.9696,0.49000000000000005
CA-2017-136497,2017-04-16,2017-04-20,RF-19840,OFF-BI-10001553,East,13.71,5,0.7,-10.054,-0.7333333333333333
US-2016-108637,2016-03-13,2016-03-18,AB-10060,FUR-FU-10004864,South,127.88,2,0.0,40.9216,0.32
US-2016-108637,2016-03-13,2016-03-18,AB-10060,OFF-AP-10004540,South,160.32,2,0.0,44.8896,0.28
US-2016-108637,2016-03-13,2016-03-18,AB-10060,OFF-BI-10004965,South,46.0,4,0.0,20.7,0.45
CA-2014-102295,2014-11-24,2014-11-26,EH-13990,FUR-CH-10001714,West,120.712,1,0.2,-18.1068,-0.15
CA-2017-123659,2017-02-10,2017-02-13,MN-17935,OFF-PA-10002464,East,23.12,4,0.0,11.3288,0.48999999999999994
US-2016-129469,2016-09-23,2016-09-27,KL-16555,FUR-FU-10002298,East,532.704,6,0.2,-26.6352,-0.05000000000000001
US-2016-129469,2016-09-23,2016-09-27,KL-16555,OFF-AR-10000315,East,4.912,2,0.2,0.307,0.0625
CA-2017-155152,2017-07-07,2017-07-09,MP-17965,TEC-AC-10004353,East,252.0,4,0.0,93.24,0.37
CA-2016-159940,2016-07-07,2016-07-11,BF-11020,FUR-FU-10004973,Central,60.288,8,0.6,-27.1296,-0.45
CA-2016-159940,2016-07-07,2016-07-11,BF-11020,OFF-FA-10000936,Central,2.632,1,0.2,0.8225,0.3125
CA-2016-159940,2016-07-07,2016-07-11,BF-11020,OFF-PA-10001609,Central,23.688,9,0.2,7.6986,0.325
CA-2016-159940,2016-07-07,2016-07-11,BF-11020,FUR-CH-10000785,Central,253.372,2,0.3,-14.4784,-0.05714285714285714
CA-2017-119669,2017-01-24,2017-01-30,TP-21130,OFF-FA-10000053,South,5.67,3,0.0,0.1134,0.02
US-2014-164616,2014-08-19,2014-08-21,MS-17770,OFF-BI-10001718,East,76.776,4,0.7,-58.8616,-0.7666666666666667
US-2014-164616,2014-08-19,2014-08-21,MS-17770,OFF-SU-10004768,East,9.184,2,0.2,1.148,0.125
CA-2015-148628,2015-12-06,2015-12-11,KM-16375,OFF-PA-10003883,West,32.75,5,0.0,15.065,0.45999999999999996
CA-2016-118052,2016-05-06,2016-05-10,BE-11455,OFF-FA-10004248,East,7.216,2,0.2,1.7138,0.2375
CA-2016-118052,2016-05-06,2016-05-10,BE-11455,OFF-PA-10002581,East,49.568,2,0.2,15.49,0.3125
CA-2016-118052,2016-05-06,2016-05-10,BE-11455,FUR-FU-10004848,East,54.712,7,0.2,11.6263,0.2125
US-2017-117534,2017-03-25,2017-03-26,CV-12295,OFF-AP-10002403,West,176.04,4,0.0,45.7704,0.26
US-2017-117534,2017-03-25,2017-03-26,CV-12295,OFF-AR-10003087,West,16.02,9,0.0,4.4856,0.27999999999999997
US-2017-117534,2017-03-25,2017-03-26,CV-12295,OFF-BI-10002026,West,185.92,4,0.2,62.748,0.3375
US-2017-117534,2017-03-25,2017-03-26,CV-12295,TEC-PH-10000141,West,211.168,4,0.2,15.8376,0.075
US-2017-117534,2017-03-25,2017-03-26,CV-12295,TEC-CO-10000971,West,479.984,2,0.2,59.998,0.125
CA-2015-145065,2015-12-12,2015-12-15,DK-13375,OFF-FA-10001229,West,7.86,2,0.0,3.6156,0.46
CA-2015-145065,2015-12-12,2015-12-15,DK-13375,OFF-BI-10002437,West,24.448,2,0.2,8.8624,0.36249999999999993
US-2015-127040,2015-12-06,2015-12-10,SG-20605,OFF-PA-10004255,East,6.48,1,0.0,3.1104,0.4799999999999999
US-2015-127040,2015-12-06,2015-12-10,SG-20605,OFF-PA-10001184,East,41.86,7,0.0,20.5114,0.49
US-2015-127040,2015-12-06,2015-12-10,SG-20605,TEC-AC-10002637,East,1619.91,9,0.0,97.1946,0.05999999999999999
US-2015-127040,2015-12-06,2015-12-10,SG-20605,FUR-FU-10002878,East,113.92,4,0.0,42.1504,0.37
CA-2016-128111,2016-03-17,2016-03-23,CS-12355,OFF-AR-10000588,East,39.68,2,0.0,10.3168,0.26
CA-2015-137897,2015-11-14,2015-11-19,PJ-18835,TEC-AC-10002217,East,37.6,2,0.0,2.256,0.05999999999999999
CA-2015-137897,2015-11-14,2015-11-19,PJ-18835,TEC-AC-10001267,East,59.9,2,0.0,23.96,0.4
CA-2015-137897,2015-11-14,2015-11-19,PJ-18835,OFF-PA-10004041,East,37.0,5,0.0,16.65,0.44999999999999996
CA-2017-169264,2017-08-14,2017-08-16,NP-18700,OFF-LA-10001613,West,5.76,2,0.0,2.8224,0.49000000000000005
CA-2017-169264,2017-08-14,2017-08-16,NP-18700,OFF-AR-10000246,West,16.68,6,0.0,4.3368,0.26
CA-2017-147361,2017-09-09,2017-09-15,SB-20290,OFF-ST-10001809,South,628.81,7,0.0,12.5762,0.02
CA-2017-147361,2017-09-09,2017-09-15,SB-20290,OFF-ST-10002214,South,56.45,5,0.0,14.677,0.25999999999999995
CA-2017-145877,2017-04-01,2017-04-04,AS-10090,OFF-ST-10000649,Central,94.2,6,0.0,23.55,0.25
CA-2017-145877,2017-04-01,2017-04-04,AS-10090,OFF-EN-10001990,Central,28.4,5,0.0,13.348,0.47000000000000003
US-2016-110170,2016-09-27,2016-10-03,HM-14860,FUR-BO-10000780,Central,956.6648,7,0.32,-225.0976,-0.23529411764705882
CA-2017-108574,2017-10-07,2017-10-11,MG-18145,TEC-AC-10002049,West,1115.91,9,0.0,200.8638,0.18
CA-2017-108574,2017-10-07,2017-10-11,MG-18145,TEC-PH-10003555,West,128.744,7,0.2,-28.9674,-0.225
CA-2017-108574,2017-10-07,2017-10-11,MG-18145,TEC-PH-10000702,West,79.92,10,0.2,26.973,0.33749999999999997
CA-2017-144589,2017-01-20,2017-01-25,TM-21010,OFF-AR-10003631,West,24.2,5,0.0,7.986,0.33
CA-2017-144589,2017-01-20,2017-01-25,TM-21010,TEC-PH-10003072,West,359.976,3,0.2,130.4913,0.3625
CA-2017-155985,2017-03-23,2017-03-25,BE-11335,FUR-FU-10000758,West,211.84,8,0.0,76.2624,0.36
CA-2014-162684,2014-08-01,2014-08-06,AS-10630,OFF-FA-10000992,East,5.68,2,0.2,1.917,0.3375
CA-2015-142041,2015-06-07,2015-06-09,EM-13810,OFF-BI-10004187,West,7.52,5,0.2,2.632,0.35000000000000003
CA-2014-151295,2014-11-12,2014-11-16,JA-15970,OFF-PA-10001947,West,11.96,2,0.0,5.8604,0.49
CA-2014-151295,2014-11-12,2014-11-16,JA-15970,FUR-TA-10002356,West,629.064,3,0.2,31.4532,0.05
CA-2016-156300,2016-12-29,2017-01-02,TB-21595,FUR-CH-10001714,Central,754.45,5,0.0,60.356,0.08
CA-2015-146087,2015-07-06,2015-07-11,PP-18955,FUR-BO-10002824,East,301.96,2,0.0,60.392,0.2
CA-2017-168655,2017-10-12,2017-10-18,ML-18040,TEC-AC-10002842,West,595.0,5,0.0,95.2,0.16
CA-2017-168655,2017-10-12,2017-10-18,ML-18040,OFF-BI-10002082,West,79.872,3,0.2,29.952,0.375
CA-2016-107202,2016-05-21,2016-05-28,LC-16930,TEC-MA-10000112,West,2396.4,10,0.2,179.73,0.075
CA-2017-159597,2017-11-09,2017-11-14,MC-17590,OFF-ST-10002289,West,63.56,2,0.0,3.178,0.049999999999999996
CA-2017-159597,2017-11-09,2017-11-14,MC-17590,TEC-AC-10004171,West,99.99,1,0.0,43.9956,0.44000000000000006
CA-2016-155551,2016-04-18,2016-04-23,CR-12580,OFF-ST-10003656,Central,230.376,3,0.2,-48.9549,-0.2125
CA-2016-155551,2016-04-18,2016-04-23,CR-12580,OFF-PA-10001560,Central,9.664,2,0.2,3.2616,0.3375
US-2017-147669,2017-12-25,2017-12-30,SV-20935,TEC-AC-10002473,East,158.928,7,0.2,41.7186,0.2625
US-2017-147669,2017-12-25,2017-12-30,SV-20935,OFF-BI-10000632,East,13.023,1,0.7,-10.4184,-0.8
US-2017-147669,2017-12-25,2017-12-30,SV-20935,FUR-TA-10002645,East,273.06,2,0.4,-104.673,-0.38333333333333336
US-2017-147669,2017-12-25,2017-12-30,SV-20935,OFF-FA-10002975,East,39.312,13,0.2,12.7764,0.325
CA-2016-169922,2016-06-11,2016-06-17,MZ-17515,OFF-BI-10003784,Central,1.344,4,0.8,-2.1504,-1.5999999999999999
CA-2016-169922,2016-06-11,2016-06-17,MZ-17515,OFF-BI-10001617,Central,8.272,4,0.8,-13.6488,-1.65
CA-2016-169922,2016-06-11,2016-06-17,MZ-17515,FUR-FU-10004415,Central,12.544,7,0.6,-9.0944,-0.725
CA-2017-100748,2017-05-13,2017-05-20,RB-19795,OFF-LA-10000240,West,58.48,8,0.0,27.4856,0.47000000000000003
CA-2017-129805,2017-12-28,2018-01-02,HM-14860,FUR-FU-10001935,West,7.4,2,0.0,3.034,0.41
CA-2014-148586,2014-03-25,2014-04-01,AZ-10750,FUR-CH-10002439,East,366.786,7,0.1,65.2064,0.17777777777777778
US-2017-112613,2017-05-28,2017-06-01,JH-15910,TEC-PH-10001536,Central,54.368,4,0.2,4.0776,0.075
CA-2015-154746,2015-11-14,2015-11-17,PJ-18835,OFF-EN-10001532,South,33.96,2,0.0,16.98,0.5
CA-2015-154746,2015-11-14,2015-11-17,PJ-18835,OFF-AP-10003057,South,826.11,3,0.0,322.1829,0.39
CA-2017-140053,2017-07-03,2017-07-10,CA-12265,FUR-FU-10003708,West,545.85,9,0.0,114.6285,0.21
CA-2014-164210,2014-11-18,2014-11-20,PW-19240,FUR-TA-10000849,West,145.98,2,0.5,-99.2664,-0.68
CA-2014-164210,2014-11-18,2014-11-20,PW-19240,OFF-PA-10002259,West,35.808,4,0.2,12.5328,0.35
CA-2017-139948,2017-07-17,2017-07-22,SW-20455,FUR-FU-10002597,South,7.904,2,0.2,2.1736,0.275
CA-2016-146934,2016-05-22,2016-05-27,AF-10870,TEC-PH-10004614,East,345.0,5,0.0,86.25,0.25
CA-2016-146934,2016-05-22,2016-05-27,AF-10870,FUR-TA-10003748,East,174.286,2,0.3,-19.9184,-0.11428571428571428
CA-2016-146934,2016-05-22,2016-05-27,AF-10870,OFF-AP-10003217,East,662.84,4,0.0,172.3384,0.26
CA-2016-146934,2016-05-22,2016-05-27,AF-10870,TEC-AC-10002399,East,95.1,5,0.0,30.432,0.32
CA-2016-146934,2016-05-22,2016-05-27,AF-10870,OFF-EN-10002973,East,26.88,6,0.0,12.9024,0.48000000000000004
CA-2016-146934,2016-05-22,2016-05-27,AF-10870,TEC-PH-10001336,East,257.98,2,0.0,74.8142,0.29
CA-2015-100573,2015-09-25,2015-10-01,AM-10705,OFF-EN-10000461,West,17.48,2,0.0,8.2156,0.47000000000000003
CA-2016-119165,2016-10-31,2016-11-06,BD-11320,FUR-CH-10000988,East,492.835,5,0.3,-14.081,-0.02857142857142857
CA-2015-128027,2015-09-14,2015-09-17,CM-12385,OFF-ST-10001809,South,269.49,3,0.0,5.3898,0.02
CA-2016-140207,2016-11-05,2016-11-10,CS-12400,OFF-BI-10003963,West,29.12,5,0.2,9.828,0.33749999999999997
CA-2017-140949,2017-03-17,2017-03-22,DB-13405,OFF-LA-10000081,East,18.75,5,0.0,9.0,0.48
CA-2017-140949,2017-03-17,2017-03-22,DB-13405,TEC-PH-10000149,East,119.7,6,0.0,31.122,0.26
CA-2017-140949,2017-03-17,2017-03-22,DB-13405,OFF-BI-10000605,East,9.144,3,0.2,3.0861,0.3375
CA-2017-140949,2017-03-17,2017-03-22,DB-13405,TEC-AC-10002399,East,57.06,3,0.0,18.2592,0.32
CA-2017-140949,2017-03-17,2017-03-22,DB-13405,TEC-AC-10003038,East,71.6,8,0.0,13.604,0.19
CA-2017-140949,2017-03-17,2017-03-22,DB-13405,OFF-ST-10000344,East,107.44,8,0.0,27.9344,0.26
CA-2017-140949,2017-03-17,2017-03-22,DB-13405,OFF-LA-10004093,East,7.31,1,0.0,3.4357,0.47000000000000003
CA-2017-140949,2017-03-17,2017-03-22,DB-13405,OFF-AR-10001683,East,59.1,6,0.0,22.458,0.37999999999999995
CA-2017-140949,2017-03-17,2017-03-22,DB-13405,OFF-ST-10003455,East,46.53,3,0.0,12.0978,0.26
CA-2017-138548,2017-08-15,2017-08-21,JG-15160,OFF-AP-10002578,East,97.84,2,0.0,25.4384,0.26
CA-2015-142419,2015-07-11,2015-07-13,SC-20380,OFF-PA-10001763,West,29.97,3,0.0,13.4865,0.45
CA-2015-142419,2015-07-11,2015-07-13,SC-20380,OFF-BI-10001597,West,98.352,3,0.2,34.4232,0.35
CA-2017-148691,2017-12-03,2017-12-09,CS-12460,OFF-BI-10001524,East,83.92,5,0.2,29.372,0.35
CA-2017-148691,2017-12-03,2017-12-09,CS-12460,OFF-BI-10001553,East,14.624,2,0.2,5.1184,0.35000000000000003
CA-2017-148691,2017-12-03,2017-12-09,CS-12460,TEC-PH-10000576,East,136.99,1,0.0,36.9873,0.26999999999999996
CA-2017-148691,2017-12-03,2017-12-09,CS-12460,OFF-LA-10001317,East,3.15,1,0.0,1.512,0.48000000000000004
CA-2017-128755,2017-05-04,2017-05-08,MK-18160,OFF-PA-10000726,South,9.11,1,0.0,4.0995,0.45
CA-2017-128755,2017-05-04,2017-05-08,MK-18160,OFF-ST-10003306,South,571.44,4,0.0,165.7176,0.29
CA-2017-128755,2017-05-04,2017-05-08,MK-18160,OFF-PA-10004983,South,32.4,5,0.0,15.552,0.48
CA-2017-128755,2017-05-04,2017-05-08,MK-18160,OFF-ST-10001291,South,16.91,1,0.0,4.5657,0.26999999999999996
US-2016-135923,2016-01-22,2016-01-28,CM-11935,FUR-FU-10002107,South,14.272,8,0.2,4.2816,0.3
US-2016-135923,2016-01-22,2016-01-28,CM-11935,FUR-BO-10002213,South,451.136,4,0.2,-67.6704,-0.15
US-2016-135923,2016-01-22,2016-01-28,CM-11935,OFF-AP-10000692,South,64.864,4,0.2,6.4864,0.09999999999999999
CA-2016-114972,2016-11-03,2016-11-06,PF-19225,FUR-CH-10001190,West,217.584,2,0.2,-29.9178,-0.13749999999999998
CA-2016-114972,2016-11-03,2016-11-06,PF-19225,TEC-AC-10000682,West,82.95,5,0.0,29.0325,0.35
CA-2016-114972,2016-11-03,2016-11-06,PF-19225,OFF-LA-10004545,West,87.71,7,0.0,41.2237,0.47000000000000003
CA-2016-114972,2016-11-03,2016-11-06,PF-19225,OFF-AP-10003057,West,1101.48,4,0.0,429.5772,0.39
CA-2017-102750,2017-09-04,2017-09-08,GM-14695,FUR-TA-10000198,West,1322.352,3,0.2,-99.1764,-0.075
CA-2014-145212,2014-09-13,2014-09-19,DC-12850,OFF-AR-10002833,East,5.46,3,0.0,1.4742,0.27
CA-2017-141992,2017-06-19,2017-06-25,FO-14305,OFF-SU-10002557,Central,11.184,1,0.2,0.8388,0.075
CA-2017-141992,2017-06-19,2017-06-25,FO-14305,OFF-ST-10003656,Central,153.584,2,0.2,-32.6366,-0.2125
CA-2017-147956,2017-12-24,2017-12-31,AH-10210,OFF-ST-10001097,West,1003.62,6,0.0,0.0,0.0
CA-2017-126067,2017-08-28,2017-09-03,KN-16705,TEC-PH-10000912,West,35.168,4,0.2,11.4296,0.325
CA-2017-126067,2017-08-28,2017-09-03,KN-16705,FUR-TA-10000617,West,1137.75,5,0.0,250.305,0.22
CA-2017-126067,2017-08-28,2017-09-03,KN-16705,OFF-BI-10001658,West,99.68,5,0.2,32.396,0.325
CA-2017-126067,2017-08-28,2017-09-03,KN-16705,OFF-AR-10003856,West,5.56,2,0.0,1.4456,0.26
CA-2015-104514,2015-01-02,2015-01-04,CB-12535,OFF-ST-10001837,East,85.52,2,0.0,22.2352,0.26
CA-2015-104514,2015-01-02,2015-01-04,CB-12535,OFF-AR-10001473,East,9.84,3,0.0,2.6568,0.27
CA-2015-104514,2015-01-02,2015-01-04,CB-12535,OFF-PA-10004285,East,20.04,3,0.0,9.6192,0.48
CA-2015-141040,2015-10-09,2015-10-13,TB-21250,TEC-PH-10001835,East,631.96,4,0.0,303.3408,0.48
CA-2015-141040,2015-10-09,2015-10-13,TB-21250,OFF-PA-10002245,East,23.92,4,0.0,10.764,0.44999999999999996
CA-2014-113579,2014-12-13,2014-12-15,KD-16345,OFF-PA-10001457,West,90.24,6,0.0,41.5104,0.46
CA-2014-144624,2014-11-19,2014-11-23,JM-15865,TEC-PH-10002885,East,4548.81,7,0.0,1228.1787,0.26999999999999996
CA-2016-146206,2016-09-10,2016-09-14,KT-16480,FUR-TA-10004086,Central,300.93,5,0.3,-34.392,-0.1142857142857143
CA-2016-146206,2016-09-10,2016-09-14,KT-16480,TEC-PH-10000895,Central,719.96,5,0.2,53.997,0.075
CA-2014-136644,2014-06-16,2014-06-22,SC-20575,FUR-CH-10000225,Central,647.84,8,0.0,32.392,0.05
CA-2015-122371,2015-09-26,2015-10-01,BS-11800,OFF-ST-10002370,West,64.17,3,0.0,18.6093,0.29000000000000004
CA-2015-122371,2015-09-26,2015-10-01,BS-11800,OFF-EN-10000056,West,124.46,2,0.0,58.4962,0.47000000000000003
CA-2016-126935,2016-05-19,2016-05-24,BT-11395,OFF-BI-10004817,West,9.584,1,0.2,3.3544,0.35000000000000003
US-2017-133781,2017-06-22,2017-06-23,DC-12850,OFF-EN-10004483,South,37.608,3,0.2,12.6927,0.3375
CA-2017-131618,2017-06-17,2017-06-20,LS-17200,OFF-PA-10001892,Central,12.224,2,0.2,4.4312,0.36249999999999993
CA-2017-131618,2017-06-17,2017-06-20,LS-17200,OFF-BI-10000546,Central,2.304,4,0.8,-3.5712,-1.5500000000000003
CA-2017-131618,2017-06-17,2017-06-20,LS-17200,OFF-BI-10001294,Central,9.36,4,0.8,-16.38,-1.75
CA-2016-149482,2016-11-14,2016-11-19,RR-19315,OFF-LA-10000248,West,7.38,2,0.0,3.4686,0.47
CA-2014-143917,2014-07-25,2014-07-27,KL-16645,OFF-ST-10001228,West,53.72,4,0.0,15.0416,0.28
CA-2014-143917,2014-07-25,2014-07-27,KL-16645,OFF-SU-10000151,West,8187.65,5,0.0,327.506,0.04
CA-2014-143917,2014-07-25,2014-07-27,KL-16645,FUR-FU-10004351,West,77.92,8,0.0,34.2848,0.43999999999999995
CA-2015-120397,2015-07-02,2015-07-02,RB-19435,OFF-AP-10001293,Central,32.784,4,0.8,-85.2384,-2.6
CA-2017-163902,2017-03-02,2017-03-08,MY-17380,TEC-PH-10000675,West,196.776,3,0.2,14.7582,0.075
CA-2017-163902,2017-03-02,2017-03-08,MY-17380,TEC-AC-10000580,West,479.94,6,0.0,52.7934,0.11
CA-2016-136812,2016-11-18,2016-11-23,AW-10930,OFF-ST-10003470,Central,1117.92,4,0.0,55.896,0.049999999999999996
CA-2015-102722,2015-04-18,2015-04-19,KW-16570,TEC-AC-10003116,South,106.5,6,0.0,41.535,0.38999999999999996
CA-2017-155089,2017-12-02,2017-12-06,DB-12910,OFF-BI-10002429,South,45.66,5,0.7,-33.484,-0.7333333333333334
CA-2016-124506,2016-11-11,2016-11-17,BB-11545,TEC-AC-10003280,Central,95.968,4,0.2,1.1996,0.012499999999999999
CA-2016-124506,2016-11-11,2016-11-17,BB-11545,FUR-CH-10004540,Central,47.992,2,0.3,-2.0568,-0.04285714285714286
CA-2014-106572,2014-09-05,2014-09-10,NP-18700,OFF-ST-10000585,East,264.32,2,0.2,19.824,0.07500000000000001
CA-2014-128888,2014-11-15,2014-11-22,PB-19105,OFF-EN-10003001,Central,604.656,9,0.2,204.0714,0.3375
CA-2017-123134,2017-05-02,2017-05-07,DW-13585,FUR-FU-10003975,East,129.93,3,0.0,12.993,0.09999999999999999
CA-2016-124352,2016-10-15,2016-10-21,CD-12790,OFF-LA-10004559,Central,20.16,7,0.0,9.8784,0.48999999999999994
CA-2016-124352,2016-10-15,2016-10-21,CD-12790,OFF-LA-10003223,Central,29.46,6,0.0,14.4354,0.49
CA-2016-124352,2016-10-15,2016-10-21,CD-12790,OFF-AP-10002651,Central,868.59,3,0.0,251.8911,0.29
CA-2016-124352,2016-10-15,2016-10-21,CD-12790,OFF-PA-10003177,Central,12.96,2,0.0,6.2208,0.4799999999999999
CA-2016-124352,2016-10-15,2016-10-21,CD-12790,TEC-PH-10003442,Central,5.5,1,0.0,1.375,0.25
CA-2016-124352,2016-10-15,2016-10-21,CD-12790,OFF-BI-10000977,Central,121.6,4,0.0,55.936,0.46
CA-2015-124541,2015-04-06,2015-04-10,TT-21220,OFF-AR-10004078,Central,42.048,9,0.2,5.256,0.125
CA-2015-124541,2015-04-06,2015-04-10,TT-21220,TEC-AC-10002550,Central,25.488,2,0.2,4.4604,0.175
CA-2015-124541,2015-04-06,2015-04-10,TT-21220,OFF-BI-10004965,Central,6.9,3,0.8,-12.075,-1.7499999999999998
CA-2015-124541,2015-04-06,2015-04-10,TT-21220,OFF-BI-10004209,Central,9.648,6,0.8,-16.884,-1.75
CA-2015-124541,2015-04-06,2015-04-10,TT-21220,OFF-PA-10001526,Central,7.968,2,0.2,2.8884,0.3625
CA-2014-108707,2014-10-24,2014-10-29,DB-12910,OFF-PA-10000788,South,10.368,2,0.2,3.6288,0.35
CA-2014-111500,2014-08-17,2014-08-21,DJ-13510,OFF-PA-10000595,South,114.2,5,0.0,52.532,0.45999999999999996
CA-2014-111500,2014-08-17,2014-08-21,DJ-13510,OFF-BI-10000829,South,17.96,4,0.0,8.2616,0.45999999999999996
CA-2014-111500,2014-08-17,2014-08-21,DJ-13510,OFF-FA-10002676,South,12.67,7,0.0,4.5612,0.36000000000000004
CA-2014-111500,2014-08-17,2014-08-21,DJ-13510,TEC-AC-10000844,South,339.96,4,0.0,122.3856,0.36
US-2017-117723,2017-08-15,2017-08-18,DL-13495,OFF-ST-10004459,East,1801.632,6,0.2,-337.806,-0.18749999999999997
CA-2015-143238,2015-09-06,2015-09-08,LO-17170,TEC-AC-10003499,West,46.32,4,0.0,18.0648,0.39
CA-2015-168746,2015-01-27,2015-01-29,SV-20365,FUR-CH-10000513,East,181.986,2,0.3,-54.5958,-0.3
CA-2015-168746,2015-01-27,2015-01-29,SV-20365,TEC-PH-10000895,East,431.976,4,0.4,-100.7944,-0.23333333333333334
CA-2015-168746,2015-01-27,2015-01-29,SV-20365,TEC-PH-10002555,East,155.37,1,0.4,-36.253,-0.23333333333333334
CA-2015-113404,2015-07-16,2015-07-16,EM-13810,FUR-CH-10003312,West,1348.704,6,0.2,-219.1644,-0.1625
CA-2015-113404,2015-07-16,2015-07-16,EM-13810,FUR-CH-10004086,West,700.152,3,0.2,78.7671,0.11249999999999999
CA-2016-144792,2016-04-30,2016-05-04,KD-16615,FUR-FU-10002759,West,111.888,7,0.2,22.3776,0.2
CA-2014-164385,2014-09-26,2014-10-01,NB-18580,OFF-AP-10002191,East,143.952,3,0.2,14.3952,0.1
US-2016-114174,2016-09-08,2016-09-14,AP-10720,FUR-BO-10003450,East,173.94,3,0.0,13.9152,0.08
US-2016-114174,2016-09-08,2016-09-14,AP-10720,OFF-LA-10000248,East,14.76,4,0.0,6.9372,0.47
CA-2017-108070,2017-04-16,2017-04-20,JE-15745,OFF-ST-10004804,West,205.92,4,0.0,2.0592,0.010000000000000002
CA-2017-108070,2017-04-16,2017-04-20,JE-15745,FUR-BO-10001337,West,102.833,1,0.15,-6.049,-0.05882352941176471
US-2015-128090,2015-08-16,2015-08-22,JM-15865,OFF-AR-10002255,West,2.304,1,0.2,0.2592,0.1125
US-2015-128090,2015-08-16,2015-08-22,JM-15865,TEC-PH-10002624,West,1879.96,5,0.2,211.4955,0.11249999999999999
US-2015-128090,2015-08-16,2015-08-22,JM-15865,OFF-PA-10001878,West,313.024,8,0.2,105.6456,0.3375
US-2015-128090,2015-08-16,2015-08-22,JM-15865,OFF-LA-10000452,West,5.04,2,0.2,1.764,0.35
CA-2017-101042,2017-11-19,2017-11-23,AB-10105,FUR-FU-10004665,South,821.88,6,0.0,213.6888,0.26
CA-2017-101042,2017-11-19,2017-11-23,AB-10105,OFF-BI-10000088,South,21.96,2,0.0,10.7604,0.49
CA-2016-155439,2016-09-14,2016-09-18,PN-18775,OFF-PA-10000029,South,25.92,4,0.0,12.4416,0.4799999999999999
CA-2016-118626,2016-08-15,2016-08-20,JC-15775,TEC-PH-10000369,South,705.544,7,0.2,70.5544,0.1
CA-2015-111458,2015-09-26,2015-09-30,PF-19165,TEC-AC-10001590,East,50.0,2,0.0,12.0,0.24
US-2016-126844,2016-10-08,2016-10-14,BW-11110,FUR-FU-10004909,Central,51.712,8,0.6,-32.32,-0.625
US-2015-112508,2015-03-24,2015-03-30,BP-11185,OFF-AP-10002287,South,6.992,2,0.2,0.5244,0.075
CA-2015-147788,2015-05-31,2015-06-04,TM-21010,FUR-BO-10004357,West,1406.86,7,0.0,140.686,0.1
CA-2015-147788,2015-05-31,2015-06-04,TM-21010,OFF-LA-10003766,West,15.75,5,0.0,7.56,0.48
CA-2015-147788,2015-05-31,2015-06-04,TM-21010,OFF-ST-10000046,West,323.1,2,0.0,61.389,0.19
CA-2015-144288,2015-12-25,2015-12-31,MB-17305,OFF-LA-10003190,South,9.216,4,0.2,3.3408,0.36250000000000004
CA-2015-144288,2015-12-25,2015-12-31,MB-17305,OFF-PA-10002787,South,10.368,2,0.2,3.6288,0.35
CA-2015-110632,2015-03-17,2015-03-22,HR-14830,TEC-AC-10000387,East,15.02,1,0.0,2.7036,0.18
CA-2015-110632,2015-03-17,2015-03-22,HR-14830,OFF-ST-10001291,East,33.82,2,0.0,9.1314,0.26999999999999996
CA-2017-109589,2017-12-21,2017-12-24,BD-11635,TEC-AC-10003116,South,71.0,4,0.0,27.69,0.39
CA-2017-123967,2017-11-01,2017-11-03,SF-20200,OFF-BI-10001308,West,25.12,5,0.2,7.85,0.3125
CA-2017-123967,2017-11-01,2017-11-03,SF-20200,FUR-TA-10003954,West,2665.62,9,0.0,239.9058,0.09
CA-2017-148929,2017-09-07,2017-09-11,SP-20620,OFF-ST-10003282,East,478.08,8,0.0,133.8624,0.28
CA-2017-134404,2017-12-27,2017-12-27,DR-12880,TEC-PH-10000576,East,164.388,2,0.4,-35.6174,-0.21666666666666667
CA-2017-134404,2017-12-27,2017-12-27,DR-12880,OFF-AR-10004441,East,13.248,4,0.2,3.6432,0.275
CA-2017-109778,2017-07-16,2017-07-21,VM-21685,OFF-AR-10003759,Central,2.912,2,0.2,0.91,0.3125
CA-2016-155845,2016-08-12,2016-08-15,CM-12235,TEC-AC-10004145,Central,1399.944,7,0.2,52.4979,0.0375
CA-2017-145128,2017-07-09,2017-07-14,SM-20320,FUR-FU-10000293,Central,526.45,5,0.0,31.587,0.06
CA-2014-129091,2014-11-22,2014-11-27,RA-19885,OFF-EN-10004955,South,16.23,3,0.0,7.9527,0.49
CA-2014-129091,2014-11-22,2014-11-27,RA-19885,OFF-BI-10001071,South,319.9,5,0.0,156.751,0.49000000000000005
CA-2014-129091,2014-11-22,2014-11-27,RA-19885,OFF-EN-10001990,South,11.36,2,0.0,5.3392,0.47000000000000003
CA-2014-129091,2014-11-22,2014-11-27,RA-19885,OFF-AP-10002734,South,675.12,3,0.0,290.3016,0.43
US-2014-155502,2014-01-26,2014-01-31,SD-20485,FUR-FU-10004587,South,62.82,3,0.0,30.7818,0.49
US-2014-155502,2014-01-26,2014-01-31,SD-20485,OFF-ST-10004337,South,489.92,8,0.0,0.0,0.0
US-2014-155502,2014-01-26,2014-01-31,SD-20485,OFF-PA-10003072,South,19.44,3,0.0,9.3312,0.48000000000000004
US-2014-155502,2014-01-26,2014-01-31,SD-20485,OFF-PA-10000380,South,16.68,2,0.0,8.34,0.5
US-2014-155502,2014-01-26,2014-01-31,SD-20485,TEC-PH-10004833,South,155.35,13,0.0,0.0,0.0
US-2014-155502,2014-01-26,2014-01-31,SD-20485,FUR-FU-10001847,South,12.42,3,0.0,4.4712,0.36
US-2014-155502,2014-01-26,2014-01-31,SD-20485,TEC-PH-10002103,South,187.98,2,0.0,52.6344,0.28
CA-2015-121041,2015-11-03,2015-11-10,CS-12250,OFF-EN-10001137,Central,6.608,2,0.2,2.1476,0.32500000000000007
CA-2017-131695,2017-06-30,2017-07-06,RA-19285,OFF-ST-10001476,East,248.57,7,0.0,67.1139,0.27
CA-2017-131695,2017-06-30,2017-07-06,RA-19285,FUR-FU-10002045,East,22.23,1,0.0,9.7812,0.44
CA-2016-137729,2016-05-05,2016-05-09,BF-11005,OFF-ST-10001505,West,5.98,1,0.0,1.0166,0.16999999999999998
CA-2016-137729,2016-05-05,2016-05-09,BF-11005,TEC-PH-10001433,West,246.168,3,0.2,21.5397,0.0875
US-2016-115455,2016-09-08,2016-09-14,SE-20110,FUR-FU-10004671,Central,14.136,2,0.6,-7.7748,-0.55
US-2016-115455,2016-09-08,2016-09-14,SE-20110,FUR-TA-10003569,Central,601.47,3,0.5,-300.735,-0.5
CA-2017-128300,2017-11-24,2017-11-26,RS-19765,TEC-PH-10002807,South,79.1,2,0.0,39.55,0.5
CA-2017-128300,2017-11-24,2017-11-26,RS-19765,OFF-BI-10001597,South,327.84,8,0.0,157.3632,0.48000000000000004
CA-2017-149048,2017-05-13,2017-05-17,BM-11650,OFF-EN-10003296,Central,180.96,2,0.0,81.432,0.45
CA-2017-149048,2017-05-13,2017-05-17,BM-11650,OFF-BI-10004632,Central,914.97,3,0.0,411.7365,0.44999999999999996
CA-2017-149048,2017-05-13,2017-05-17,BM-11650,TEC-PH-10002310,Central,587.97,3,0.0,158.7519,0.27
CA-2017-149048,2017-05-13,2017-05-17,BM-11650,OFF-ST-10000078,Central,530.34,2,0.0,95.4612,0.18
CA-2017-149048,2017-05-13,2017-05-17,BM-11650,OFF-PA-10001752,Central,14.94,3,0.0,7.3206,0.49
CA-2017-108553,2017-04-23,2017-04-29,SK-19990,OFF-AP-10000026,East,121.94,2,0.0,35.3626,0.29000000000000004
CA-2017-108553,2017-04-23,2017-04-29,SK-19990,OFF-SU-10002573,East,122.71,7,0.0,36.813,0.30000000000000004
CA-2016-165848,2016-06-04,2016-06-04,EN-13780,OFF-PA-10000349,East,14.94,3,0.0,7.0218,0.47000000000000003
CA-2016-165848,2016-06-04,2016-06-04,EN-13780,TEC-MA-10003356,East,1349.85,3,0.0,364.4595,0.27
CA-2016-165848,2016-06-04,2016-06-04,EN-13780,FUR-BO-10000362,East,136.784,1,0.2,5.1294,0.037500000000000006
CA-2016-165848,2016-06-04,2016-06-04,EN-13780,FUR-FU-10003878,East,61.12,4,0.0,20.7808,0.34
CA-2014-112718,2014-12-16,2014-12-21,KN-16450,OFF-BI-10000591,South,1.167,1,0.7,-0.8558,-0.7333333333333333
CA-2016-154053,2016-03-04,2016-03-10,MG-17890,OFF-AR-10003727,West,16.99,1,0.0,4.9271,0.29000000000000004
CA-2014-127446,2014-11-25,2014-11-30,MC-17590,TEC-AC-10001635,Central,24.672,3,0.2,0.0,0.0
CA-2014-127446,2014-11-25,2014-11-30,MC-17590,OFF-LA-10001317,Central,2.52,1,0.2,0.882,0.35
CA-2014-127446,2014-11-25,2014-11-30,MC-17590,FUR-TA-10000577,Central,1218.735,5,0.3,-121.8735,-0.10000000000000002
CA-2014-127446,2014-11-25,2014-11-30,MC-17590,OFF-LA-10000248,Central,5.904,2,0.2,1.9926,0.33749999999999997
CA-2014-127446,2014-11-25,2014-11-30,MC-17590,OFF-PA-10000955,Central,15.696,3,0.2,5.1012,0.325
CA-2014-127446,2014-11-25,2014-11-30,MC-17590,FUR-FU-10000221,Central,6.096,3,0.6,-3.9624,-0.65
CA-2016-137204,2016-04-28,2016-05-05,BO-11350,FUR-CH-10002304,West,41.568,2,0.2,2.598,0.0625
CA-2014-147298,2014-04-26,2014-05-03,AG-10300,FUR-CH-10004886,West,230.28,3,0.2,23.028,0.09999999999999999
CA-2014-147298,2014-04-26,2014-05-03,AG-10300,OFF-BI-10001525,West,18.288,6,0.2,5.715,0.3125
CA-2017-147942,2017-04-01,2017-04-05,MS-17365,OFF-LA-10003663,West,5.78,2,0.0,2.7166,0.47000000000000003
CA-2017-147942,2017-04-01,2017-04-05,MS-17365,OFF-BI-10001294,West,121.68,13,0.2,38.025,0.31249999999999994
CA-2017-115931,2017-12-22,2017-12-26,JM-15655,OFF-AR-10000369,West,4.17,3,0.0,1.0842,0.26
CA-2017-115931,2017-12-22,2017-12-26,JM-15655,TEC-PH-10001300,West,67.04,4,0.2,6.704,0.09999999999999999
CA-2017-115931,2017-12-22,2017-12-26,JM-15655,OFF-ST-10000876,West,37.32,3,0.0,10.4496,0.28
CA-2017-115931,2017-12-22,2017-12-26,JM-15655,OFF-LA-10001404,West,18.45,5,0.0,8.6715,0.47000000000000003
CA-2014-164861,2014-12-03,2014-12-06,MC-17635,OFF-PA-10001972,Central,25.92,4,0.0,12.4416,0.4799999999999999
CA-2017-127180,2017-10-22,2017-10-24,TA-21385,TEC-CO-10004722,East,11199.968,4,0.2,3919.9888,0.35
CA-2017-127180,2017-10-22,2017-10-24,TA-21385,TEC-PH-10001494,East,2399.6,8,0.0,647.892,0.27
CA-2017-127180,2017-10-22,2017-10-24,TA-21385,OFF-EN-10002500,East,63.9,5,0.0,28.755,0.45
CA-2017-127180,2017-10-22,2017-10-24,TA-21385,TEC-PH-10003800,East,52.99,1,0.0,0.5299,0.01
US-2017-165344,2017-11-13,2017-11-15,SB-20290,TEC-AC-10002399,East,60.864,4,0.2,9.1296,0.15
US-2017-165344,2017-11-13,2017-11-15,SB-20290,TEC-MA-10002210,East,652.995,7,0.7,-935.9595,-1.4333333333333333
US-2017-165344,2017-11-13,2017-11-15,SB-20290,OFF-BI-10003196,East,11.22,10,0.7,-7.48,-0.6666666666666666
CA-2015-168186,2015-09-10,2015-09-15,AB-10150,OFF-PA-10000477,Central,14.94,3,0.0,7.0218,0.47000000000000003
US-2017-110604,2017-05-15,2017-05-20,JF-15295,FUR-FU-10000076,West,39.96,2,0.0,17.1828,0.43
US-2017-110604,2017-05-15,2017-05-20,JF-15295,FUR-CH-10002017,West,42.624,2,0.2,4.2624,0.1
US-2017-110604,2017-05-15,2017-05-20,JF-15295,FUR-CH-10004287,West,220.96,1,0.2,24.858,0.1125
CA-2015-116750,2015-07-05,2015-07-10,BF-10975,FUR-FU-10003829,South,4.928,2,0.2,0.7392,0.15
CA-2015-116750,2015-07-05,2015-07-10,BF-10975,OFF-BI-10004728,South,7.23,5,0.7,-5.784,-0.7999999999999999
CA-2015-162369,2015-08-15,2015-08-19,TT-21265,OFF-ST-10000046,West,323.1,2,0.0,61.389,0.19
CA-2017-108441,2017-06-12,2017-06-18,SB-20170,OFF-PA-10000697,East,19.04,4,0.0,9.3296,0.49
CA-2017-108441,2017-06-12,2017-06-18,SB-20170,OFF-BI-10000848,East,13.128,3,0.2,4.2666,0.325
CA-2017-108441,2017-06-12,2017-06-18,SB-20170,OFF-AR-10004691,East,64.14,3,0.0,16.6764,0.26
CA-2017-108441,2017-06-12,2017-06-18,SB-20170,FUR-CH-10000595,East,858.24,4,0.1,143.04,0.16666666666666666
CA-2015-169740,2015-02-20,2015-02-25,LM-17065,TEC-AC-10000927,South,29.99,1,0.0,2.999,0.1
CA-2016-124051,2016-12-29,2016-12-30,KA-16525,OFF-PA-10001289,Central,186.048,6,0.2,67.4424,0.36250000000000004
CA-2016-149111,2016-04-17,2016-04-21,BF-11170,TEC-PH-10003092,South,36.792,1,0.2,4.1391,0.11249999999999999
CA-2016-149111,2016-04-17,2016-04-21,BF-11170,FUR-FU-10000206,South,18.624,8,0.2,6.2856,0.3375
CA-2014-131002,2014-09-07,2014-09-12,TB-21400,FUR-FU-10004270,Central,57.69,3,0.0,23.6529,0.41
CA-2014-131002,2014-09-07,2014-09-12,TB-21400,OFF-BI-10000948,Central,42.81,3,0.0,20.1207,0.47
CA-2014-131002,2014-09-07,2014-09-12,TB-21400,OFF-PA-10000223,Central,12.96,2,0.0,6.2208,0.4799999999999999
CA-2014-131002,2014-09-07,2014-09-12,TB-21400,FUR-FU-10004665,Central,821.88,6,0.0,213.6888,0.26
CA-2014-131002,2014-09-07,2014-09-12,TB-21400,TEC-PH-10000215,Central,104.85,3,0.0,28.3095,0.27
US-2016-146794,2016-09-26,2016-10-01,SH-19975,FUR-BO-10004467,West,424.9575,5,0.15,19.998,0.04705882352941177
CA-2017-112515,2017-09-17,2017-09-21,AS-10225,OFF-BI-10000829,West,10.776,3,0.2,3.5022,0.325
CA-2017-112515,2017-09-17,2017-09-21,AS-10225,OFF-BI-10003712,West,11.784,3,0.2,4.2717,0.3625
CA-2017-112515,2017-09-17,2017-09-21,AS-10225,OFF-PA-10000062,West,164.88,3,0.0,80.7912,0.49000000000000005
CA-2017-112515,2017-09-17,2017-09-21,AS-10225,FUR-BO-10003404,West,1292.94,3,0.0,77.5764,0.060000000000000005
CA-2017-112515,2017-09-17,2017-09-21,AS-10225,OFF-BI-10004233,West,25.584,2,0.2,8.9544,0.35
CA-2017-112515,2017-09-17,2017-09-21,AS-10225,OFF-ST-10001272,West,261.74,2,0.0,65.435,0.25
CA-2017-112515,2017-09-17,2017-09-21,AS-10225,OFF-LA-10001175,West,14.4,5,0.0,7.056,0.49
CA-2016-150343,2016-08-16,2016-08-20,PK-19075,OFF-EN-10004030,West,10.86,3,0.0,5.1042,0.47
CA-2015-135538,2015-12-24,2015-12-28,HR-14830,FUR-CH-10004287,West,883.84,4,0.2,99.432,0.1125
CA-2017-123372,2017-11-28,2017-12-02,DG-13300,TEC-PH-10002834,East,1979.89,11,0.0,494.9725,0.25
CA-2017-123372,2017-11-28,2017-12-02,DG-13300,OFF-EN-10003055,East,79.96,2,0.0,35.982,0.45
CA-2017-159604,2017-04-14,2017-04-15,CL-12700,OFF-BI-10003460,Central,8.76,2,0.0,4.2048,0.48
CA-2016-164784,2016-05-01,2016-05-04,HF-14995,OFF-LA-10001569,South,3.984,1,0.2,1.2948,0.325
CA-2016-164784,2016-05-01,2016-05-04,HF-14995,FUR-TA-10004534,South,370.62,3,0.4,-142.071,-0.3833333333333333
CA-2016-164784,2016-05-01,2016-05-04,HF-14995,OFF-BI-10002954,South,2.742,2,0.7,-2.0108,-0.7333333333333334
CA-2016-111794,2016-10-01,2016-10-01,HG-15025,TEC-AC-10003832,Central,79.512,3,0.2,20.8719,0.2625
CA-2016-111794,2016-10-01,2016-10-01,HG-15025,OFF-PA-10000474,Central,28.352,1,0.2,9.5688,0.33749999999999997
US-2015-139759,2015-08-25,2015-08-30,NL-18310,FUR-CH-10002774,West,40.784,1,0.2,4.5882,0.11249999999999999
US-2015-139759,2015-08-25,2015-08-30,NL-18310,OFF-AP-10002765,West,105.96,4,0.0,29.6688,0.28
CA-2014-126403,2014-09-09,2014-09-12,RR-19525,OFF-PA-10001144,East,166.44,3,0.0,79.8912,0.48
CA-2014-126403,2014-09-09,2014-09-12,RR-19525,FUR-CH-10003761,East,785.88,6,0.0,212.1876,0.27
CA-2014-126403,2014-09-09,2014-09-12,RR-19525,OFF-PA-10004665,East,26.2,2,0.0,12.838,0.49
CA-2014-126403,2014-09-09,2014-09-12,RR-19525,OFF-ST-10000078,East,1325.85,5,0.0,238.653,0.18
CA-2017-136875,2017-12-03,2017-12-03,TC-21295,OFF-PA-10000357,West,166.44,3,0.0,79.8912,0.48
CA-2017-132185,2017-11-27,2017-12-02,DB-13615,OFF-AR-10000422,South,8.76,5,0.2,0.7665,0.0875
CA-2017-132185,2017-11-27,2017-12-02,DB-13615,OFF-AP-10001205,South,43.584,1,0.2,4.3584,0.09999999999999998
US-2014-160780,2014-06-21,2014-06-21,SV-20785,OFF-BI-10001116,West,11.088,7,0.7,-8.1312,-0.7333333333333334
US-2014-160780,2014-06-21,2014-06-21,SV-20785,OFF-BI-10002931,West,25.164,2,0.7,-16.776,-0.6666666666666666
CA-2017-127026,2017-01-21,2017-01-27,MH-18115,OFF-BI-10000546,Central,14.4,5,0.0,7.056,0.49
CA-2017-127026,2017-01-21,2017-01-27,MH-18115,TEC-AC-10002049,Central,619.95,5,0.0,111.591,0.17999999999999997
CA-2017-127026,2017-01-21,2017-01-27,MH-18115,OFF-BI-10001196,Central,89.52,4,0.0,42.0744,0.47
CA-2017-127026,2017-01-21,2017-01-27,MH-18115,TEC-MA-10002981,Central,350.973,3,0.1,152.0883,0.43333333333333335
CA-2017-127026,2017-01-21,2017-01-27,MH-18115,TEC-PH-10003601,Central,164.99,1,0.0,49.497,0.3
CA-2017-137085,2017-06-29,2017-07-06,CT-11995,OFF-BI-10000632,West,312.552,9,0.2,101.5794,0.325
CA-2016-133123,2016-09-06,2016-09-11,KB-16315,OFF-EN-10003055,South,95.952,3,0.2,29.985,0.3125
CA-2016-133123,2016-09-06,2016-09-11,KB-16315,OFF-BI-10001031,South,3.204,2,0.7,-2.4564,-0.7666666666666666
US-2016-128195,2016-08-04,2016-08-05,RA-19285,OFF-BI-10002003,Central,3.98,5,0.8,-6.567,-1.6500000000000001
CA-2015-153220,2015-11-12,2015-11-14,YC-21895,OFF-PA-10003016,West,15.7,5,0.0,7.065,0.45000000000000007
CA-2014-123064,2014-06-30,2014-07-02,RA-19915,OFF-AR-10004582,Central,5.248,4,0.2,1.64,0.31249999999999994
CA-2017-156412,2017-12-04,2017-12-08,CM-12160,OFF-BI-10004364,East,5.346,3,0.7,-4.455,-0.8333333333333334
US-2016-144211,2016-08-28,2016-09-02,CS-12130,OFF-PA-10002246,West,15.48,3,0.2,5.6115,0.3625
US-2016-144211,2016-08-28,2016-09-02,CS-12130,TEC-PH-10002890,West,108.576,3,0.2,8.1432,0.07500000000000001
CA-2016-138079,2016-01-22,2016-01-28,AJ-10795,FUR-FU-10001475,West,109.9,5,0.0,37.366,0.33999999999999997
CA-2014-143182,2014-10-15,2014-10-20,DL-12865,FUR-FU-10004270,South,15.384,1,0.2,4.0383,0.26249999999999996
CA-2016-161662,2016-02-07,2016-02-09,BE-11410,OFF-PA-10003465,East,30.352,2,0.2,10.6232,0.35000000000000003
CA-2014-145317,2014-03-18,2014-03-23,SM-20320,TEC-MA-10003626,South,821.3,4,0.5,-16.426,-0.02
CA-2014-145317,2014-03-18,2014-03-23,SM-20320,TEC-MA-10002412,South,22638.48,6,0.5,-1811.0784,-0.08
CA-2014-145317,2014-03-18,2014-03-23,SM-20320,OFF-PA-10001804,South,21.376,4,0.2,7.4816,0.35
CA-2014-145317,2014-03-18,2014-03-23,SM-20320,OFF-AR-10003183,South,8.016,3,0.2,1.002,0.125
CA-2014-145317,2014-03-18,2014-03-23,SM-20320,FUR-FU-10004270,South,30.768,2,0.2,8.0766,0.26249999999999996
CA-2014-145317,2014-03-18,2014-03-23,SM-20320,OFF-FA-10003112,South,18.936,3,0.2,5.9175,0.3125
CA-2014-145317,2014-03-18,2014-03-23,SM-20320,FUR-FU-10001986,South,122.352,3,0.2,15.294,0.125
CA-2014-143413,2014-05-24,2014-05-30,RP-19390,OFF-PA-10002319,East,116.28,3,0.0,56.9772,0.49000000000000005
CA-2017-156818,2017-07-11,2017-07-13,JD-16015,TEC-AC-10002323,East,132.6,6,0.0,17.238,0.13
CA-2017-155873,2017-06-16,2017-06-21,AB-10255,OFF-SU-10001165,West,16.68,2,0.0,4.3368,0.26
CA-2017-155873,2017-06-16,2017-06-21,AB-10255,OFF-PA-10001246,West,19.44,3,0.0,9.3312,0.48000000000000004
CA-2017-155873,2017-06-16,2017-06-21,AB-10255,OFF-PA-10001815,West,192.16,4,0.0,92.2368,0.48000000000000004
CA-2015-121797,2015-01-30,2015-02-06,CC-12145,FUR-FU-10001876,West,227.36,7,0.0,81.8496,0.35999999999999993
CA-2015-121797,2015-01-30,2015-02-06,CC-12145,TEC-MA-10000488,West,1919.976,3,0.2,215.9973,0.11249999999999999
US-2015-120572,2015-12-11,2015-12-15,GH-14425,OFF-BI-10001098,South,12.828,2,0.7,-8.9796,-0.7
CA-2017-132430,2017-10-09,2017-10-11,CP-12085,FUR-FU-10003577,East,45.888,4,0.2,9.1776,0.2
CA-2017-146031,2017-07-29,2017-08-01,GM-14440,OFF-AR-10002656,East,60.12,9,0.0,22.2444,0.37
CA-2014-110100,2014-04-25,2014-04-29,LC-16885,TEC-PH-10004531,South,302.376,3,0.2,37.797,0.125
CA-2015-103723,2015-12-01,2015-12-06,BT-11305,OFF-AR-10003251,West,13.9,5,0.0,5.56,0.39999999999999997
CA-2014-127187,2014-12-04,2014-12-08,CP-12085,TEC-PH-10000673,East,129.98,2,0.0,62.3904,0.48000000000000004
CA-2017-128475,2017-08-26,2017-09-01,SC-20680,TEC-AC-10000158,South,71.98,2,0.0,15.1158,0.21
CA-2014-100006,2014-09-07,2014-09-13,DK-13375,TEC-PH-10002075,East,377.97,3,0.0,109.6113,0.29
CA-2017-144827,2017-12-21,2017-12-27,SE-20110,OFF-ST-10004340,West,124.36,2,0.0,33.5772,0.26999999999999996
CA-2014-110030,2014-12-06,2014-12-08,LF-17185,FUR-FU-10002759,Central,23.976,3,0.6,-14.3856,-0.6
CA-2014-121286,2014-11-04,2014-11-08,ON-18715,OFF-FA-10000585,South,8.376,3,0.2,2.7222,0.325
CA-2014-121286,2014-11-04,2014-11-08,ON-18715,OFF-AP-10004859,South,58.24,5,0.2,5.096,0.0875
CA-2016-164735,2016-04-14,2016-04-19,TB-21400,OFF-ST-10001558,South,81.2,5,0.0,12.18,0.15
CA-2014-153479,2014-10-04,2014-10-08,DF-13135,OFF-LA-10004689,West,14.45,5,0.0,6.7915,0.47000000000000003
CA-2014-153479,2014-10-04,2014-10-08,DF-13135,OFF-BI-10002867,West,95.648,2,0.2,31.0856,0.325
CA-2017-149888,2017-11-07,2017-11-13,EP-13915,TEC-PH-10003811,East,359.97,5,0.4,-71.994,-0.19999999999999998
CA-2017-149888,2017-11-07,2017-11-13,EP-13915,FUR-TA-10000849,East,350.352,4,0.4,-140.1408,-0.4000000000000001
CA-2017-119193,2017-12-22,2017-12-24,SK-19990,OFF-BI-10000848,East,1.641,1,0.7,-1.3128,-0.7999999999999999
CA-2017-119193,2017-12-22,2017-12-24,SK-19990,TEC-PH-10003072,East,629.958,7,0.4,94.4937,0.15000000000000002
CA-2017-104801,2017-02-13,2017-02-19,FH-14350,OFF-AR-10001547,West,6.63,3,0.0,1.7901,0.27
CA-2017-104801,2017-02-13,2017-02-19,FH-14350,TEC-AC-10001838,West,799.96,4,0.0,343.9828,0.43
CA-2017-104801,2017-02-13,2017-02-19,FH-14350,FUR-FU-10004017,West,107.53,1,0.0,21.506,0.2
CA-2014-107594,2014-07-02,2014-07-06,EH-13945,TEC-PH-10002923,East,73.98,2,0.0,19.9746,0.26999999999999996
CA-2014-107594,2014-07-02,2014-07-06,EH-13945,OFF-AR-10000716,East,5.58,1,0.0,2.1762,0.39
CA-2015-129770,2015-02-21,2015-02-23,JE-15715,OFF-PA-10000249,West,49.12,4,0.0,23.0864,0.47000000000000003
CA-2015-115798,2015-11-13,2015-11-19,KL-16645,TEC-PH-10003691,East,377.97,3,0.0,94.4925,0.25
CA-2015-115798,2015-11-13,2015-11-19,KL-16645,OFF-PA-10001560,East,42.28,7,0.0,19.8716,0.47000000000000003
CA-2015-115798,2015-11-13,2015-11-19,KL-16645,FUR-BO-10004467,East,299.97,3,0.0,56.9943,0.19
CA-2015-115798,2015-11-13,2015-11-19,KL-16645,TEC-PH-10001819,East,89.98,2,0.0,43.1904,0.4799999999999999
CA-2017-122707,2017-04-16,2017-04-18,EB-13750,OFF-SU-10000157,South,477.24,4,0.0,9.5448,0.02
CA-2017-122707,2017-04-16,2017-04-18,EB-13750,TEC-AC-10004227,South,25.98,2,0.0,1.5588,0.06
CA-2016-165015,2016-02-25,2016-02-27,BD-11725,OFF-EN-10003134,East,46.72,5,0.2,17.52,0.375
CA-2014-149244,2014-11-04,2014-11-08,MS-17530,FUR-FU-10004671,West,35.34,2,0.0,13.4292,0.37999999999999995
CA-2015-140144,2015-06-20,2015-06-25,SC-20770,FUR-FU-10002253,West,257.64,6,0.0,100.4796,0.39
CA-2015-140144,2015-06-20,2015-06-25,SC-20770,TEC-PH-10002726,West,125.976,3,0.2,47.241,0.375
CA-2017-163321,2017-08-07,2017-08-11,FM-14380,TEC-AC-10004571,South,79.992,1,0.2,21.9978,0.275
CA-2014-155887,2014-05-12,2014-05-17,KT-16480,FUR-TA-10002228,East,700.056,3,0.3,-130.0104,-0.18571428571428572
US-2015-165449,2015-11-22,2015-11-26,AP-10720,TEC-AC-10004127,Central,27.168,4,0.2,-1.3584,-0.05
CA-2015-110247,2015-12-04,2015-12-08,RH-19555,OFF-BI-10001553,South,8.226,3,0.7,-6.0324,-0.7333333333333333
US-2014-141257,2014-06-08,2014-06-14,CS-11950,FUR-CH-10002758,West,585.552,3,0.2,73.194,0.125
CA-2014-154669,2014-08-08,2014-08-11,TM-21010,OFF-ST-10000532,West,423.28,11,0.0,110.0528,0.26
CA-2014-158029,2014-05-26,2014-05-30,HF-14995,FUR-CH-10000988,West,225.296,2,0.2,22.5296,0.09999999999999999
CA-2015-155306,2015-04-17,2015-04-21,GA-14515,OFF-AR-10003251,West,5.56,2,0.0,2.224,0.4000000000000001
CA-2015-155306,2015-04-17,2015-04-21,GA-14515,TEC-AC-10003174,West,323.37,3,0.0,129.348,0.4
CA-2015-155306,2015-04-17,2015-04-21,GA-14515,TEC-PH-10002310,West,783.96,5,0.2,68.5965,0.08750000000000001
CA-2015-155306,2015-04-17,2015-04-21,GA-14515,OFF-AP-10002651,West,1447.65,5,0.0,419.8185,0.29
CA-2015-155306,2015-04-17,2015-04-21,GA-14515,OFF-PA-10001184,West,11.96,2,0.0,5.8604,0.49
CA-2016-127775,2016-06-11,2016-06-13,ES-14020,TEC-AC-10002402,East,239.97,3,0.0,71.991,0.3
CA-2016-146171,2016-03-11,2016-03-15,JP-16135,FUR-FU-10004270,South,76.92,4,0.0,31.5372,0.41
CA-2016-146171,2016-03-11,2016-03-15,JP-16135,OFF-ST-10001526,South,481.32,4,0.0,125.1432,0.26
CA-2014-129574,2014-05-26,2014-05-29,Dp-13240,OFF-PA-10002893,West,48.4,5,0.0,23.232,0.48
CA-2017-126536,2017-10-12,2017-10-14,NK-18490,TEC-AC-10003709,West,0.99,1,0.0,0.4356,0.44
CA-2017-126536,2017-10-12,2017-10-14,NK-18490,OFF-BI-10001191,West,101.84,5,0.2,36.917,0.3625
CA-2017-165757,2017-06-22,2017-06-28,PL-18925,OFF-BI-10003166,East,10.332,3,0.7,-7.5768,-0.7333333333333333
CA-2017-165757,2017-06-22,2017-06-28,PL-18925,OFF-BI-10003982,East,31.155,5,0.7,-23.8855,-0.7666666666666666
CA-2017-165757,2017-06-22,2017-06-28,PL-18925,OFF-ST-10004835,East,8.928,2,0.2,0.6696,0.07499999999999998
CA-2017-167752,2017-01-15,2017-01-18,RW-19690,OFF-AP-10000159,East,34.384,1,0.2,3.8682,0.11249999999999999
CA-2017-167752,2017-01-15,2017-01-18,RW-19690,OFF-AP-10002945,East,1924.16,8,0.2,312.676,0.16249999999999998
US-2015-122140,2015-04-02,2015-04-07,MO-17950,OFF-AP-10001242,Central,32.192,2,0.8,-80.48,-2.5
US-2015-122140,2015-04-02,2015-04-07,MO-17950,TEC-AC-10003038,Central,50.12,7,0.2,-0.6265,-0.012499999999999999
US-2015-122140,2015-04-02,2015-04-07,MO-17950,TEC-AC-10003289,Central,47.976,3,0.2,1.7991,0.0375
CA-2016-163986,2016-09-03,2016-09-10,JJ-15445,OFF-ST-10000918,Central,54.5,5,0.0,14.17,0.26
CA-2017-158967,2017-12-10,2017-12-12,BT-11680,FUR-FU-10001940,South,19.104,3,0.2,5.7312,0.30000000000000004
CA-2016-131576,2016-11-22,2016-11-26,RD-19585,OFF-BI-10002852,Central,49.44,3,0.0,24.2256,0.49000000000000005
CA-2017-143455,2017-11-11,2017-11-18,ML-17755,OFF-PA-10004451,East,10.368,2,0.2,3.6288,0.35
CA-2016-144729,2016-10-21,2016-10-25,JE-15745,OFF-ST-10004804,West,154.44,3,0.0,1.5444,0.01
CA-2015-127019,2015-12-21,2015-12-25,ER-13855,OFF-AP-10003971,West,60.984,7,0.2,4.5738,0.075
CA-2015-138534,2015-07-17,2015-07-19,JM-15535,FUR-BO-10003159,West,195.466,2,0.15,-13.7976,-0.07058823529411765
CA-2017-108322,2017-04-30,2017-05-05,SS-20140,FUR-FU-10001935,South,23.68,8,0.2,6.216,0.2625
CA-2017-108322,2017-04-30,2017-05-05,SS-20140,TEC-AC-10003433,South,2.376,3,0.2,0.7425,0.31250000000000006
CA-2017-167668,2017-05-06,2017-05-08,TC-21295,OFF-LA-10004544,East,59.2,4,0.0,29.6,0.5
CA-2017-146724,2017-11-20,2017-11-27,HG-15025,OFF-AR-10001026,Central,22.0,10,0.0,9.68,0.44
CA-2016-139878,2016-11-11,2016-11-16,LD-17005,TEC-PH-10001336,Central,257.98,2,0.0,74.8142,0.29
US-2016-106677,2016-11-05,2016-11-10,AS-10285,TEC-PH-10003187,East,23.988,2,0.4,-15.992,-0.6666666666666667
CA-2016-116974,2016-10-09,2016-10-15,MP-17965,TEC-PH-10004897,East,23.976,4,0.4,-15.5844,-0.65
CA-2015-149972,2015-09-21,2015-09-23,CD-12790,FUR-CH-10004997,West,601.536,4,0.2,0.0,0.0
CA-2015-149972,2015-09-21,2015-09-23,CD-12790,OFF-FA-10002763,West,7.9,2,0.0,2.528,0.32
US-2014-117744,2014-12-02,2014-12-06,MD-17860,FUR-FU-10001588,Central,58.36,5,0.6,-24.803,-0.42500000000000004
US-2014-117744,2014-12-02,2014-12-06,MD-17860,OFF-AR-10000940,Central,16.464,7,0.2,1.4406,0.08750000000000001
US-2014-117744,2014-12-02,2014-12-06,MD-17860,FUR-FU-10002759,Central,39.96,5,0.6,-23.976,-0.6
CA-2014-125514,2014-09-21,2014-09-22,BM-11650,OFF-AP-10000358,Central,25.96,2,0.0,7.5284,0.29
CA-2014-125514,2014-09-21,2014-09-22,BM-11650,OFF-AP-10003281,Central,36.27,3,0.0,10.881,0.3
CA-2014-125514,2014-09-21,2014-09-22,BM-11650,OFF-PA-10000029,Central,6.48,1,0.0,3.1104,0.4799999999999999
CA-2014-154599,2014-04-12,2014-04-17,KN-16450,TEC-PH-10001557,West,1075.088,14,0.2,94.0702,0.08750000000000001
CA-2014-154599,2014-04-12,2014-04-17,KN-16450,TEC-PH-10000576,West,438.368,4,0.2,38.3572,0.0875
CA-2014-154599,2014-04-12,2014-04-17,KN-16450,OFF-BI-10002764,West,18.088,7,0.2,6.5569,0.3625
CA-2014-154599,2014-04-12,2014-04-17,KN-16450,FUR-BO-10001337,West,308.499,3,0.15,-18.147,-0.0588235294117647
CA-2017-158743,2017-10-20,2017-10-27,IG-15085,OFF-AR-10002257,South,13.36,4,0.0,4.1416,0.31000000000000005
CA-2017-158743,2017-10-20,2017-10-27,IG-15085,OFF-PA-10001019,South,39.96,2,0.0,18.7812,0.47
CA-2017-158743,2017-10-20,2017-10-27,IG-15085,OFF-BI-10003364,South,145.85,5,0.0,70.008,0.48
CA-2016-153318,2016-10-25,2016-10-28,JS-15595,TEC-PH-10000984,South,783.96,5,0.2,78.396,0.09999999999999999
US-2015-110163,2015-11-01,2015-11-04,GA-14725,OFF-AR-10001683,West,7.88,1,0.2,1.773,0.22499999999999998
CA-2017-143329,2017-11-03,2017-11-08,DL-13330,FUR-FU-10000629,West,41.37,3,0.0,17.3754,0.42
CA-2015-159380,2015-05-12,2015-05-16,CS-12505,OFF-PA-10003893,West,12.84,3,0.0,5.778,0.44999999999999996
CA-2015-159380,2015-05-12,2015-05-16,CS-12505,OFF-PA-10004239,West,25.68,6,0.0,11.556,0.44999999999999996
CA-2015-122623,2015-09-07,2015-09-11,CC-12145,FUR-CH-10000553,Central,47.516,2,0.3,-2.0364,-0.04285714285714286
CA-2015-148635,2015-07-25,2015-07-27,MH-18025,OFF-FA-10004395,West,9.42,2,0.0,0.471,0.049999999999999996
CA-2015-148635,2015-07-25,2015-07-27,MH-18025,OFF-PA-10004782,West,12.96,2,0.0,6.2208,0.4799999999999999
CA-2015-148635,2015-07-25,2015-07-27,MH-18025,FUR-BO-10002213,West,704.9,5,0.0,56.392,0.08
CA-2015-148635,2015-07-25,2015-07-27,MH-18025,FUR-CH-10001854,West,561.568,2,0.2,28.0784,0.049999999999999996
CA-2015-135685,2015-11-16,2015-11-18,MP-18175,OFF-PA-10000157,Central,179.82,9,0.0,84.5154,0.47000000000000003
CA-2015-135685,2015-11-16,2015-11-18,MP-18175,FUR-FU-10001185,Central,185.58,6,0.0,76.0878,0.41
CA-2015-135685,2015-11-16,2015-11-18,MP-18175,FUR-TA-10001520,Central,214.11,3,0.0,36.3987,0.16999999999999998
CA-2015-135685,2015-11-16,2015-11-18,MP-18175,TEC-AC-10004145,Central,999.96,4,0.0,229.9908,0.23
CA-2015-135685,2015-11-16,2015-11-18,MP-18175,FUR-TA-10000688,Central,653.55,3,0.0,111.1035,0.17
CA-2015-104626,2015-09-01,2015-09-08,DR-12940,OFF-BI-10001510,East,114.6,5,0.0,51.57,0.45
CA-2015-104626,2015-09-01,2015-09-08,DR-12940,FUR-CH-10003817,East,60.74,1,0.0,15.185,0.25
CA-2015-104626,2015-09-01,2015-09-08,DR-12940,FUR-FU-10000308,East,124.36,2,0.0,27.3592,0.22
CA-2015-104626,2015-09-01,2015-09-08,DR-12940,OFF-ST-10003208,East,1088.76,6,0.0,315.7404,0.29000000000000004
CA-2016-160500,2016-05-05,2016-05-08,DM-13015,OFF-BI-10003784,West,6.72,5,0.2,2.352,0.35
CA-2016-160500,2016-05-05,2016-05-08,DM-13015,FUR-TA-10003748,West,298.776,3,0.2,7.4694,0.025
CA-2017-100202,2016-12-31,2017-01-05,BD-11620,TEC-PH-10002563,West,302.376,3,0.2,22.6782,0.07500000000000001
CA-2017-131016,2017-09-18,2017-09-20,DC-12850,OFF-AR-10000122,Central,8.928,2,0.2,0.558,0.0625
CA-2017-131016,2017-09-18,2017-09-20,DC-12850,OFF-ST-10000352,Central,47.584,2,0.2,-2.974,-0.0625
US-2014-112914,2014-09-25,2014-09-30,MT-18070,OFF-PA-10003270,Central,33.792,8,0.2,10.56,0.3125
US-2014-112914,2014-09-25,2014-09-30,MT-18070,FUR-BO-10003272,Central,300.5328,2,0.32,-97.2312,-0.3235294117647059
US-2014-112914,2014-09-25,2014-09-30,MT-18070,OFF-BI-10002982,Central,2.724,2,0.8,-4.3584,-1.5999999999999996
US-2014-112914,2014-09-25,2014-09-30,MT-18070,OFF-EN-10001509,Central,3.264,2,0.2,1.1016,0.3375
CA-2016-124149,2016-04-23,2016-04-26,MJ-17740,OFF-PA-10002421,East,108.336,6,0.2,37.9176,0.35000000000000003
CA-2016-124149,2016-04-23,2016-04-26,MJ-17740,OFF-ST-10000760,East,55.92,5,0.2,6.291,0.1125
CA-2016-124149,2016-04-23,2016-04-26,MJ-17740,OFF-PA-10002923,East,78.304,2,0.2,29.364,0.375
CA-2014-148915,2014-11-01,2014-11-05,ND-18370,OFF-ST-10001128,West,443.92,5,0.2,-94.333,-0.2125
CA-2014-148915,2014-11-01,2014-11-05,ND-18370,TEC-PH-10000673,West,155.976,3,0.2,54.5916,0.35
CA-2017-134649,2017-01-26,2017-01-31,CA-11965,OFF-AR-10001547,South,15.47,7,0.0,4.1769,0.26999999999999996
CA-2017-134649,2017-01-26,2017-01-31,CA-11965,OFF-BI-10001890,South,7.16,2,0.0,3.4368,0.48
CA-2017-110842,2017-11-11,2017-11-16,GA-14725,OFF-AP-10003971,West,10.89,1,0.0,2.8314,0.25999999999999995
CA-2017-110842,2017-11-11,2017-11-16,GA-14725,OFF-PA-10000520,West,19.44,3,0.0,9.3312,0.48000000000000004
CA-2017-110842,2017-11-11,2017-11-16,GA-14725,OFF-BI-10000977,West,121.6,5,0.2,39.52,0.32500000000000007
CA-2016-147368,2016-06-09,2016-06-12,TC-21295,TEC-MA-10002178,South,695.7,2,0.5,-27.828,-0.039999999999999994
US-2015-104185,2015-09-03,2015-09-08,JB-15400,OFF-ST-10001526,East,120.33,1,0.0,31.2858,0.26
US-2014-125521,2014-03-14,2014-03-19,CK-12325,FUR-CH-10003379,South,1139.92,4,0.0,284.98,0.25
US-2017-135062,2017-08-31,2017-09-04,RL-19615,OFF-PA-10000100,South,229.544,7,0.2,83.2097,0.3625
CA-2017-135650,2017-03-23,2017-03-27,AC-10660,OFF-ST-10001809,Central,143.728,2,0.2,-32.3388,-0.22499999999999998
CA-2017-112865,2017-05-18,2017-05-22,BH-11710,TEC-AC-10000387,East,36.048,3,0.2,-0.9012,-0.024999999999999998
US-2016-162852,2016-12-27,2016-12-31,BG-11695,FUR-CH-10004853,Central,845.488,8,0.3,-12.0784,-0.014285714285714285
CA-2017-138163,2017-11-17,2017-11-20,XP-21865,OFF-AR-10001958,East,50.94,3,0.0,14.2632,0.28
CA-2017-152093,2017-09-10,2017-09-15,SN-20560,OFF-BI-10003527,Central,762.594,3,0.8,-1143.891,-1.5
CA-2017-157854,2017-04-08,2017-04-15,DM-13345,FUR-FU-10003832,South,56.28,6,0.0,15.7584,0.27999999999999997
CA-2017-157854,2017-04-08,2017-04-15,DM-13345,OFF-BI-10001359,South,2690.97,3,0.0,1264.7559,0.4700000000000001
CA-2016-123617,2016-11-28,2016-12-03,AJ-10780,OFF-BI-10002976,South,7.434,6,0.7,-5.6994,-0.7666666666666666
US-2016-128293,2016-06-02,2016-06-05,KC-16255,OFF-ST-10000736,East,64.784,1,0.2,-12.9568,-0.19999999999999998
CA-2017-107342,2017-12-17,2017-12-22,VF-21715,OFF-PA-10001745,Central,28.16,4,0.0,13.2352,0.47000000000000003
CA-2016-136371,2016-03-19,2016-03-21,SV-20935,FUR-FU-10000409,East,14.98,1,0.0,6.8908,0.45999999999999996
CA-2016-136371,2016-03-19,2016-03-21,SV-20935,FUR-FU-10000221,East,20.32,4,0.0,6.9088,0.34
CA-2017-137344,2017-08-20,2017-08-20,EM-13810,OFF-ST-10000344,East,40.29,3,0.0,10.4754,0.26
CA-2017-169810,2017-07-25,2017-07-31,RB-19360,OFF-LA-10003663,Central,20.23,7,0.0,9.5081,0.47000000000000003
CA-2016-128594,2016-08-26,2016-08-29,DJ-13510,FUR-CH-10001215,West,1603.136,4,0.2,100.196,0.0625
CA-2016-154690,2016-08-15,2016-08-17,CC-12370,FUR-CH-10000988,South,225.296,2,0.2,22.5296,0.09999999999999999
CA-2017-138975,2017-05-19,2017-05-23,SC-20380,TEC-AC-10003441,South,67.8,4,0.0,4.068,0.06
CA-2017-138975,2017-05-19,2017-05-23,SC-20380,TEC-PH-10004389,South,377.97,3,0.0,98.2722,0.25999999999999995
CA-2017-138975,2017-05-19,2017-05-23,SC-20380,FUR-BO-10004695,South,1628.82,9,0.0,374.6286,0.23
CA-2017-138975,2017-05-19,2017-05-23,SC-20380,OFF-PA-10000100,South,286.93,7,0.0,140.5957,0.49
CA-2017-106537,2017-08-12,2017-08-17,RH-19495,OFF-PA-10000223,South,20.736,4,0.2,7.2576,0.35
US-2017-103828,2017-08-13,2017-08-13,JK-15370,OFF-ST-10001325,West,31.44,3,0.0,8.4888,0.26999999999999996
US-2017-103828,2017-08-13,2017-08-13,JK-15370,OFF-AP-10004249,West,83.79,7,0.0,22.6233,0.26999999999999996
US-2017-103828,2017-08-13,2017-08-13,JK-15370,OFF-AR-10000588,West,59.52,3,0.0,15.4752,0.25999999999999995
US-2017-103828,2017-08-13,2017-08-13,JK-15370,OFF-SU-10000946,West,31.92,4,0.0,9.2568,0.29
CA-2016-115588,2016-11-10,2016-11-12,AF-10885,OFF-SU-10001225,East,14.72,5,0.2,-3.312,-0.22499999999999998
CA-2016-115588,2016-11-10,2016-11-12,AF-10885,OFF-ST-10001558,East,38.976,3,0.2,-2.436,-0.0625
CA-2017-143861,2017-06-12,2017-06-19,LC-16885,FUR-FU-10001546,South,17.088,2,0.2,1.068,0.0625
CA-2014-148040,2014-03-22,2014-03-26,BF-11275,OFF-PA-10002581,West,74.352,3,0.2,23.235,0.3125
CA-2014-148040,2014-03-22,2014-03-26,BF-11275,FUR-CH-10001482,West,314.352,3,0.2,-35.3646,-0.11250000000000002
CA-2017-135167,2017-06-15,2017-06-20,SC-20800,OFF-AR-10002399,West,4.26,1,0.0,1.7466,0.41000000000000003
CA-2017-137022,2017-11-16,2017-11-22,SW-20275,OFF-ST-10001963,West,811.28,8,0.0,24.3384,0.030000000000000002
US-2017-102638,2017-12-29,2017-12-31,MC-17845,OFF-FA-10002988,East,6.03,3,0.0,2.9547,0.48999999999999994
US-2016-167339,2016-01-21,2016-01-23,TD-20995,FUR-CH-10004289,West,153.568,2,0.2,-5.7588,-0.0375
US-2016-167339,2016-01-21,2016-01-23,TD-20995,FUR-CH-10000785,West,1013.488,7,0.2,76.0116,0.075
CA-2016-152072,2016-01-15,2016-01-19,Dp-13240,OFF-EN-10003040,East,52.34,2,0.0,24.5998,0.4699999999999999
CA-2016-152072,2016-01-15,2016-01-19,Dp-13240,OFF-AR-10001573,East,4.66,2,0.0,1.3514,0.29
CA-2016-152072,2016-01-15,2016-01-19,Dp-13240,TEC-AC-10000844,East,254.97,3,0.0,91.7892,0.36
CA-2016-102932,2016-09-19,2016-09-23,SD-20485,OFF-BI-10000756,East,25.44,6,0.0,12.72,0.5
CA-2016-102932,2016-09-19,2016-09-23,SD-20485,OFF-SU-10000381,East,27.93,3,0.0,8.0997,0.29000000000000004
CA-2014-165540,2014-02-21,2014-02-25,TM-21010,OFF-BI-10004094,Central,8.85,5,0.8,-13.7175,-1.55
CA-2016-130799,2016-11-11,2016-11-16,BK-11260,FUR-FU-10001852,West,6.96,4,0.0,2.2272,0.32
CA-2016-164483,2016-01-30,2016-02-03,JF-15490,OFF-BI-10000014,West,17.456,2,0.2,5.8914,0.3375
US-2016-159856,2016-10-18,2016-10-22,EP-13915,FUR-CH-10003396,West,307.92,5,0.2,-34.641,-0.11249999999999999
CA-2017-102099,2017-12-18,2017-12-19,EP-13915,OFF-AR-10003811,West,6.63,3,0.0,1.7901,0.27
CA-2017-102099,2017-12-18,2017-12-19,EP-13915,OFF-PA-10003172,West,12.96,2,0.0,6.2208,0.4799999999999999
CA-2017-102099,2017-12-18,2017-12-19,EP-13915,OFF-PA-10000289,West,32.4,5,0.0,15.552,0.48
CA-2017-164049,2017-11-02,2017-11-06,KH-16630,OFF-PA-10000791,West,23.85,5,0.0,10.7325,0.44999999999999996
CA-2014-142727,2014-04-29,2014-05-01,HG-14845,FUR-CH-10002304,South,51.96,2,0.0,12.99,0.25
CA-2014-142727,2014-04-29,2014-05-01,HG-14845,OFF-BI-10000136,South,17.94,3,0.0,8.6112,0.48
CA-2017-139913,2017-10-23,2017-10-29,JC-16105,OFF-PA-10003739,East,11.56,2,0.0,5.6644,0.48999999999999994
CA-2017-139913,2017-10-23,2017-10-29,JC-16105,OFF-PA-10002479,East,26.4,5,0.0,11.88,0.45000000000000007
CA-2017-139913,2017-10-23,2017-10-29,JC-16105,FUR-FU-10000771,East,69.08,11,0.0,29.0136,0.42000000000000004
CA-2017-139913,2017-10-23,2017-10-29,JC-16105,TEC-PH-10001552,East,35.88,3,0.0,10.0464,0.27999999999999997
CA-2014-169033,2014-03-30,2014-04-03,KM-16720,OFF-AR-10001915,East,49.65,5,0.0,20.853,0.42000000000000004
US-2016-164630,2016-01-04,2016-01-09,EB-13975,TEC-CO-10000971,South,959.968,4,0.2,119.996,0.125
US-2015-114839,2015-04-26,2015-04-30,PW-19240,FUR-CH-10004086,Central,408.422,2,0.3,-5.8346,-0.014285714285714285
CA-2015-166464,2015-09-12,2015-09-17,PG-18895,TEC-CO-10000971,East,479.984,2,0.2,59.998,0.125
CA-2015-166464,2015-09-12,2015-09-17,PG-18895,OFF-LA-10001317,East,12.6,4,0.0,6.048,0.48000000000000004
CA-2017-124898,2017-09-11,2017-09-15,DB-12910,OFF-PA-10003656,South,184.66,7,0.0,84.9436,0.46
CA-2016-164035,2016-06-12,2016-06-17,CR-12730,OFF-PA-10002160,Central,23.12,5,0.2,8.381,0.3625
CA-2016-153577,2016-06-27,2016-07-01,KH-16330,OFF-PA-10000575,Central,37.464,7,0.2,12.1758,0.325
CA-2016-153577,2016-06-27,2016-07-01,KH-16330,FUR-CH-10003981,Central,539.658,3,0.3,-7.7094,-0.014285714285714285
CA-2014-127586,2014-09-26,2014-09-30,CS-12400,OFF-ST-10002615,West,310.12,2,0.0,80.6312,0.26
CA-2017-121615,2017-11-03,2017-11-09,DL-12925,OFF-PA-10000327,Central,8.56,2,0.0,3.852,0.44999999999999996
CA-2017-121615,2017-11-03,2017-11-09,DL-12925,OFF-ST-10001325,Central,52.4,5,0.0,14.148,0.27
CA-2017-121615,2017-11-03,2017-11-09,DL-12925,OFF-LA-10001771,Central,14.94,3,0.0,6.8724,0.46
CA-2017-166415,2017-02-19,2017-02-23,ME-17725,OFF-FA-10004968,West,11.22,3,0.0,0.2244,0.019999999999999997
CA-2015-118444,2015-11-05,2015-11-09,VD-21670,OFF-AP-10000576,South,387.136,4,0.2,24.196,0.0625
CA-2014-113929,2014-06-16,2014-06-21,CK-12205,OFF-EN-10003286,East,41.4,5,0.0,19.458,0.47
CA-2014-113929,2014-06-16,2014-06-21,CK-12205,OFF-AR-10003772,East,35.0,4,0.0,10.5,0.3
CA-2014-113929,2014-06-16,2014-06-21,CK-12205,OFF-BI-10002852,East,39.552,3,0.2,14.3376,0.3625
CA-2015-134747,2015-10-12,2015-10-17,DL-12925,TEC-PH-10002890,Central,135.72,3,0.0,35.2872,0.26
CA-2015-134747,2015-10-12,2015-10-17,DL-12925,OFF-BI-10001308,Central,12.56,2,0.0,5.652,0.45
CA-2015-134747,2015-10-12,2015-10-17,DL-12925,TEC-PH-10001750,Central,263.96,4,0.0,71.2692,0.27
CA-2017-155047,2017-08-27,2017-08-30,SE-20110,OFF-AR-10003338,Central,5.952,1,0.2,0.372,0.0625
CA-2016-160129,2016-11-23,2016-11-23,LS-17200,OFF-FA-10002763,East,15.8,5,0.2,2.37,0.15
CA-2016-160129,2016-11-23,2016-11-23,LS-17200,FUR-FU-10002088,East,14.368,2,0.2,3.9512,0.275
CA-2016-160129,2016-11-23,2016-11-23,LS-17200,FUR-FU-10003976,East,70.448,7,0.2,12.3284,0.17500000000000002
CA-2017-164329,2017-01-30,2017-01-30,MM-17920,OFF-ST-10001511,West,129.3,2,0.0,6.465,0.049999999999999996
US-2015-141453,2015-11-30,2015-12-03,DB-13270,OFF-BI-10000301,Central,3.882,3,0.8,-5.823,-1.5
CA-2014-156993,2014-06-28,2014-07-04,RW-19630,OFF-FA-10003495,Central,6.08,1,0.0,3.04,0.5
CA-2014-157721,2014-09-02,2014-09-05,JM-16195,OFF-AP-10001303,East,19.9,1,0.0,8.955,0.45
CA-2014-157721,2014-09-02,2014-09-05,JM-16195,FUR-FU-10002116,East,70.71,1,0.0,4.9497,0.07
CA-2017-128629,2017-07-10,2017-07-14,BP-11155,FUR-FU-10000771,South,18.84,3,0.0,7.9128,0.42
CA-2017-158106,2017-06-04,2017-06-10,CT-11995,OFF-AR-10002255,Central,8.64,3,0.0,2.5056,0.29
US-2017-120390,2017-10-19,2017-10-26,TH-21550,OFF-BI-10004995,South,1633.188,4,0.7,-1306.5504,-0.8
CA-2017-143434,2017-11-18,2017-11-24,ME-17320,FUR-FU-10002597,Central,19.76,4,0.0,8.2992,0.42
CA-2015-168564,2015-08-08,2015-08-08,TT-21220,OFF-BI-10004970,West,6.608,2,0.2,2.2302,0.3375
CA-2015-168564,2015-08-08,2015-08-08,TT-21220,OFF-BI-10002557,West,7.28,2,0.2,2.73,0.375
CA-2015-168564,2015-08-08,2015-08-08,TT-21220,FUR-CH-10000785,West,144.784,1,0.2,10.8588,0.07500000000000001
US-2016-169040,2016-12-06,2016-12-12,GT-14710,TEC-PH-10002310,West,156.792,1,0.2,13.7193,0.08750000000000001
US-2016-169040,2016-12-06,2016-12-12,GT-14710,TEC-PH-10002834,West,431.976,3,0.2,26.9985,0.0625
US-2016-169040,2016-12-06,2016-12-12,GT-14710,OFF-EN-10000927,West,35.89,1,0.0,16.1505,0.45
US-2016-169040,2016-12-06,2016-12-12,GT-14710,OFF-BI-10001636,West,47.208,7,0.2,15.3426,0.325
US-2016-169040,2016-12-06,2016-12-12,GT-14710,OFF-PA-10001736,West,248.08,7,0.0,116.5976,0.47
US-2016-169040,2016-12-06,2016-12-12,GT-14710,OFF-PA-10000482,West,189.7,5,0.0,89.159,0.4700000000000001
US-2016-169040,2016-12-06,2016-12-12,GT-14710,OFF-BI-10001658,West,59.808,3,0.2,19.4376,0.325
CA-2017-155880,2017-03-25,2017-03-31,JD-16150,FUR-CH-10000422,Central,90.99,1,0.0,14.5584,0.16
CA-2017-155880,2017-03-25,2017-03-31,JD-16150,FUR-CH-10004675,Central,1526.56,7,0.0,427.4368,0.28
CA-2017-155880,2017-03-25,2017-03-31,JD-16150,FUR-CH-10002880,Central,368.97,3,0.0,40.5867,0.10999999999999999
CA-2017-126242,2017-11-19,2017-11-24,MC-18100,OFF-ST-10000675,West,305.01,9,0.0,76.2525,0.25
CA-2017-126242,2017-11-19,2017-11-24,MC-18100,FUR-FU-10002685,West,18.7,1,0.0,7.106,0.38
CA-2016-166443,2016-11-04,2016-11-05,LH-17020,FUR-FU-10004020,West,38.29,7,0.0,16.4647,0.43000000000000005
CA-2017-169859,2017-12-14,2017-12-18,MP-18175,FUR-FU-10004963,West,26.25,3,0.0,11.025,0.42000000000000004
CA-2017-169859,2017-12-14,2017-12-18,MP-18175,OFF-BI-10000174,West,64.96,14,0.2,22.736,0.35000000000000003
CA-2017-169859,2017-12-14,2017-12-18,MP-18175,OFF-EN-10000461,West,43.7,5,0.0,20.539,0.47000000000000003
CA-2017-134915,2017-11-12,2017-11-12,EM-14140,TEC-AC-10001266,West,41.6,4,0.2,13.0,0.3125
CA-2017-134915,2017-11-12,2017-11-12,EM-14140,OFF-PA-10002160,West,23.12,5,0.2,8.381,0.3625
CA-2017-134915,2017-11-12,2017-11-12,EM-14140,FUR-CH-10004875,West,113.888,2,0.2,9.9652,0.0875
CA-2017-134915,2017-11-12,2017-11-12,EM-14140,FUR-FU-10000305,West,113.568,2,0.2,-5.6784,-0.05
CA-2017-134915,2017-11-12,2017-11-12,EM-14140,TEC-PH-10000347,West,7.92,2,0.2,0.693,0.0875
CA-2017-134915,2017-11-12,2017-11-12,EM-14140,TEC-PH-10001459,West,671.984,2,0.2,50.3988,0.075
CA-2016-153353,2016-08-18,2016-08-24,GG-14650,TEC-PH-10000439,East,39.99,1,0.0,11.5971,0.29
CA-2017-123638,2017-06-27,2017-07-04,MA-17995,FUR-CH-10002647,East,191.646,3,0.1,31.941,0.16666666666666669
CA-2017-168900,2017-05-04,2017-05-09,SH-20395,OFF-BI-10003910,East,2.313,1,0.7,-1.9275,-0.8333333333333333
CA-2015-158456,2015-12-24,2015-12-29,KT-16465,OFF-BI-10001097,West,19.936,4,0.2,7.2268,0.3625
CA-2015-158456,2015-12-24,2015-12-29,KT-16465,OFF-FA-10004854,West,45.92,4,0.0,21.5824,0.47
CA-2017-143665,2017-04-26,2017-05-01,PO-19180,OFF-PA-10003673,West,20.34,3,0.0,9.3564,0.46
CA-2017-143665,2017-04-26,2017-05-01,PO-19180,OFF-LA-10002034,West,39.28,8,0.0,19.2472,0.49
CA-2017-137428,2017-12-16,2017-12-21,AY-10555,FUR-CH-10002774,West,81.568,2,0.2,9.1764,0.11249999999999999
CA-2017-137428,2017-12-16,2017-12-21,AY-10555,FUR-CH-10003817,West,97.184,2,0.2,6.074,0.0625
CA-2017-137428,2017-12-16,2017-12-21,AY-10555,OFF-BI-10002949,West,24.32,5,0.2,8.208,0.3375
CA-2017-137428,2017-12-16,2017-12-21,AY-10555,FUR-FU-10002445,West,18.96,2,0.0,7.584,0.39999999999999997
CA-2014-162866,2014-12-27,2014-12-31,Co-12640,FUR-FU-10001473,Central,32.952,6,0.6,-19.7712,-0.6000000000000001
CA-2014-162866,2014-12-27,2014-12-31,Co-12640,OFF-ST-10002562,Central,30.016,4,0.2,3.0016,0.1
CA-2017-167941,2017-11-06,2017-11-09,JF-15565,OFF-AP-10002118,South,499.584,3,0.2,43.7136,0.0875
CA-2017-167941,2017-11-06,2017-11-09,JF-15565,OFF-PA-10001800,South,31.104,6,0.2,10.8864,0.35000000000000003
CA-2017-167941,2017-11-06,2017-11-09,JF-15565,OFF-BI-10002827,South,13.272,8,0.7,-10.6176,-0.7999999999999999
CA-2017-167941,2017-11-06,2017-11-09,JF-15565,FUR-FU-10004671,South,28.272,2,0.2,6.3612,0.225
CA-2017-167941,2017-11-06,2017-11-09,JF-15565,OFF-ST-10000736,South,259.136,4,0.2,-51.8272,-0.19999999999999998
CA-2017-111808,2017-12-16,2017-12-20,AR-10510,OFF-BI-10004656,Central,10.8,5,0.0,5.184,0.48
CA-2015-137512,2015-05-07,2015-05-12,AG-10675,FUR-TA-10001095,Central,244.006,2,0.3,-31.3722,-0.12857142857142856
CA-2015-137512,2015-05-07,2015-05-12,AG-10675,OFF-PA-10000213,Central,15.936,4,0.2,5.3784,0.3375
CA-2017-139773,2017-12-04,2017-12-04,DV-13045,FUR-CH-10001797,East,188.552,7,0.3,-2.6936,-0.014285714285714287
CA-2017-134607,2017-10-03,2017-10-08,HL-15040,OFF-ST-10002214,East,22.58,2,0.0,5.8708,0.26
CA-2014-109232,2014-01-13,2014-01-16,ND-18370,FUR-CH-10000422,South,545.94,6,0.0,87.3504,0.15999999999999998
CA-2015-139850,2015-06-12,2015-06-17,GB-14575,OFF-PA-10003848,East,20.736,4,0.2,7.2576,0.35
CA-2015-139850,2015-06-12,2015-06-17,GB-14575,FUR-FU-10003623,East,43.296,2,0.2,4.3296,0.1
CA-2014-131310,2014-07-12,2014-07-18,CL-12565,FUR-CH-10001797,West,123.136,4,0.2,13.8528,0.1125
CA-2014-131310,2014-07-12,2014-07-18,CL-12565,OFF-BI-10003094,West,11.264,4,0.2,3.8016,0.3375
US-2014-112872,2014-12-06,2014-12-11,RC-19960,OFF-ST-10002205,West,53.424,3,0.2,4.6746,0.0875
US-2014-112872,2014-12-06,2014-12-11,RC-19960,FUR-TA-10003238,West,275.49,1,0.5,-170.8038,-0.62
CA-2016-139269,2016-05-25,2016-05-30,JB-16045,FUR-FU-10000755,South,24.96,4,0.0,6.24,0.25
CA-2016-139269,2016-05-25,2016-05-30,JB-16045,OFF-PA-10002893,South,19.36,2,0.0,9.2928,0.48
CA-2016-139269,2016-05-25,2016-05-30,JB-16045,OFF-ST-10000689,South,1267.65,9,0.0,152.118,0.11999999999999998
CA-2016-139010,2016-02-21,2016-02-26,MC-17635,TEC-AC-10004227,West,12.99,1,0.0,0.7794,0.06
CA-2016-139010,2016-02-21,2016-02-26,MC-17635,OFF-BI-10000174,West,18.56,4,0.2,6.496,0.35000000000000003
CA-2016-139010,2016-02-21,2016-02-26,MC-17635,OFF-ST-10001809,West,449.15,5,0.0,8.983,0.020000000000000004
CA-2016-139010,2016-02-21,2016-02-26,MC-17635,OFF-BI-10002309,West,31.248,7,0.2,10.9368,0.35
CA-2016-134376,2016-10-02,2016-10-06,TT-21265,OFF-AP-10004532,East,61.44,3,0.0,16.5888,0.27
CA-2017-147291,2017-03-11,2017-03-17,MJ-17740,OFF-BI-10003091,Central,895.92,4,0.0,421.0824,0.47000000000000003
CA-2016-112893,2016-09-09,2016-09-13,AT-10735,OFF-BI-10004654,West,55.36,4,0.2,18.684,0.3375
US-2014-150532,2014-07-14,2014-07-21,PB-19150,OFF-ST-10000760,West,55.92,5,0.2,6.291,0.1125
CA-2014-138317,2014-06-21,2014-06-25,NW-18400,OFF-EN-10001539,East,24.896,4,0.2,8.4024,0.33749999999999997
CA-2014-138317,2014-06-21,2014-06-25,NW-18400,FUR-FU-10000550,East,3.984,1,0.2,0.6474,0.1625
CA-2014-138317,2014-06-21,2014-06-25,NW-18400,TEC-AC-10003628,East,95.968,4,0.2,28.7904,0.3
CA-2014-138317,2014-06-21,2014-06-25,NW-18400,TEC-MA-10004521,East,206.991,3,0.7,-172.4925,-0.8333333333333333
CA-2014-138317,2014-06-21,2014-06-25,NW-18400,OFF-AP-10003860,East,44.416,2,0.2,3.8864,0.08750000000000001
CA-2014-138317,2014-06-21,2014-06-25,NW-18400,OFF-BI-10000069,East,9.006,2,0.7,-7.2048,-0.7999999999999999
CA-2015-130610,2015-07-05,2015-07-10,VP-21730,OFF-BI-10003655,Central,19.0,5,0.0,8.93,0.47
CA-2017-104381,2017-12-16,2017-12-23,RD-19810,OFF-BI-10001628,East,33.376,4,0.2,10.43,0.3125
CA-2016-131499,2016-09-08,2016-09-10,MG-17875,OFF-AP-10003779,East,207.48,1,0.0,62.244,0.3
CA-2014-148761,2014-05-17,2014-05-21,PA-19060,OFF-BI-10000666,Central,91.68,3,0.0,45.84,0.5
CA-2017-116519,2017-10-13,2017-10-15,CR-12730,OFF-AP-10000828,East,904.9,5,0.0,253.372,0.28
CA-2014-130729,2014-10-24,2014-10-29,AA-10375,OFF-BI-10002706,West,34.272,3,0.2,11.1384,0.325
CA-2016-124772,2016-12-05,2016-12-06,JG-15160,FUR-FU-10004748,South,191.82,3,0.0,74.8098,0.39
CA-2016-115525,2016-07-25,2016-07-29,RR-19525,OFF-AP-10000026,East,243.88,5,0.2,27.4365,0.1125
CA-2017-134845,2017-04-17,2017-04-23,SR-20425,OFF-BI-10000773,West,12.03,5,0.7,-9.223,-0.7666666666666667
CA-2017-134845,2017-04-17,2017-04-23,SR-20425,TEC-MA-10000822,West,2549.985,5,0.7,-3399.98,-1.3333333333333333
CA-2017-134845,2017-04-17,2017-04-23,SR-20425,OFF-BI-10001543,West,21.594,2,0.7,-15.8356,-0.7333333333333333
CA-2017-134845,2017-04-17,2017-04-23,SR-20425,OFF-BI-10003355,West,8.964,6,0.7,-6.5736,-0.7333333333333333
CA-2017-134845,2017-04-17,2017-04-23,SR-20425,OFF-PA-10002005,West,20.736,4,0.2,7.2576,0.35
US-2015-138919,2015-09-17,2015-09-21,LS-16975,FUR-TA-10004154,East,344.22,2,0.4,-103.266,-0.3
US-2016-160528,2016-08-23,2016-08-30,MH-18115,OFF-ST-10002743,Central,727.296,8,0.2,-172.7328,-0.2375
US-2016-160528,2016-08-23,2016-08-30,MH-18115,FUR-FU-10004973,Central,22.608,3,0.6,-10.1736,-0.45
US-2016-160528,2016-08-23,2016-08-30,MH-18115,TEC-AC-10002842,Central,666.4,7,0.2,-33.32,-0.05
CA-2015-123568,2015-11-08,2015-11-14,SC-20095,OFF-FA-10002701,West,5.04,3,0.0,0.2016,0.04
CA-2015-123568,2015-11-08,2015-11-14,SC-20095,OFF-PA-10001125,West,92.94,3,0.0,41.823,0.45
CA-2015-123568,2015-11-08,2015-11-14,SC-20095,FUR-FU-10004090,West,66.69,3,0.0,22.0077,0.33
CA-2015-123568,2015-11-08,2015-11-14,SC-20095,OFF-BI-10001510,West,91.68,5,0.2,28.65,0.31249999999999994
CA-2017-124674,2017-11-17,2017-11-23,JB-16000,FUR-BO-10002202,Central,327.7328,2,0.32,-14.4588,-0.04411764705882353
CA-2015-164441,2015-11-08,2015-11-13,AC-10450,OFF-BI-10001922,East,52.272,11,0.2,17.6418,0.3375
CA-2015-164441,2015-11-08,2015-11-13,AC-10450,OFF-PA-10001667,East,17.94,3,0.0,8.073,0.45
CA-2017-169054,2017-04-22,2017-04-26,MO-17800,FUR-FU-10001488,East,254.352,3,0.2,0.0,0.0
CA-2014-106719,2014-08-24,2014-08-24,RB-19645,OFF-BI-10002799,West,8.288,2,0.2,2.6936,0.325
CA-2017-116855,2017-12-17,2017-12-21,AI-10855,FUR-CH-10003846,South,504.9,5,0.0,80.784,0.16000000000000003
US-2016-164189,2016-03-24,2016-03-28,DR-12880,TEC-PH-10003691,West,403.168,4,0.2,25.198,0.0625
CA-2015-168480,2015-09-21,2015-09-27,DM-12955,FUR-BO-10000468,Central,194.32,4,0.0,31.0912,0.16
CA-2015-168480,2015-09-21,2015-09-27,DM-12955,OFF-AR-10001044,Central,25.99,1,0.0,7.5371,0.29
US-2016-114293,2016-11-21,2016-11-26,JH-16180,FUR-CH-10003833,West,195.136,4,0.2,-12.196,-0.0625
CA-2017-134173,2017-09-16,2017-09-21,AB-10060,OFF-PA-10004355,East,20.736,4,0.2,7.2576,0.35
US-2015-123960,2015-06-11,2015-06-16,BD-11605,TEC-AC-10003038,South,53.7,6,0.0,10.203,0.18999999999999997
US-2015-123960,2015-06-11,2015-06-16,BD-11605,OFF-BI-10002799,South,36.26,7,0.0,16.6796,0.46
US-2015-123960,2015-06-11,2015-06-16,BD-11605,OFF-AR-10003582,South,56.3,2,0.0,15.764,0.28
US-2015-123960,2015-06-11,2015-06-16,BD-11605,OFF-PA-10004451,South,32.4,5,0.0,15.552,0.48
US-2015-123960,2015-06-11,2015-06-16,BD-11605,FUR-FU-10004666,South,29.16,2,0.0,10.7892,0.37
CA-2017-101749,2017-10-03,2017-10-08,AS-10045,FUR-TA-10001520,West,171.288,3,0.2,-6.4233,-0.0375
US-2016-147991,2016-05-05,2016-05-09,ZD-21925,FUR-FU-10004270,South,16.72,5,0.2,3.344,0.2
CA-2017-149559,2017-09-11,2017-09-12,KF-16285,OFF-PA-10003172,West,12.96,2,0.0,6.2208,0.4799999999999999
CA-2017-149559,2017-09-11,2017-09-12,KF-16285,OFF-EN-10002312,West,22.18,2,0.0,10.8682,0.49
CA-2017-149559,2017-09-11,2017-09-12,KF-16285,FUR-CH-10002320,West,2054.272,8,0.2,256.784,0.125
CA-2015-135174,2015-04-30,2015-05-02,BP-11230,TEC-PH-10001530,East,1022.97,5,0.4,-255.7425,-0.25
CA-2017-125290,2017-11-06,2017-11-10,CC-12430,OFF-AR-10001216,Central,13.9,5,0.0,3.614,0.26
CA-2017-125290,2017-11-06,2017-11-10,CC-12430,OFF-PA-10003127,Central,26.38,1,0.0,12.1348,0.46
CA-2014-137351,2014-09-30,2014-10-04,DB-13615,OFF-BI-10003910,West,43.176,7,0.2,13.4925,0.3125
CA-2017-121419,2017-04-02,2017-04-04,TC-21475,FUR-TA-10004534,South,411.8,2,0.0,70.006,0.16999999999999998
CA-2017-121419,2017-04-02,2017-04-04,TC-21475,TEC-AC-10000892,South,360.0,4,0.0,129.6,0.36
US-2017-148054,2017-10-06,2017-10-11,NZ-18565,FUR-FU-10003247,West,41.96,2,0.0,2.9372,0.06999999999999999
US-2017-148054,2017-10-06,2017-10-11,NZ-18565,OFF-AP-10004336,West,227.84,4,0.0,66.0736,0.29
US-2017-148054,2017-10-06,2017-10-11,NZ-18565,OFF-PA-10001295,West,37.94,2,0.0,18.2112,0.4800000000000001
CA-2016-128517,2016-04-09,2016-04-14,SW-20350,TEC-PH-10002555,Central,517.9,2,0.0,134.654,0.26
CA-2016-128517,2016-04-09,2016-04-14,SW-20350,OFF-BI-10000831,Central,5.28,2,0.0,2.4288,0.45999999999999996
US-2015-100377,2015-08-28,2015-09-01,TS-21370,TEC-CO-10001046,Central,2799.96,5,0.2,874.9875,0.3125
CA-2017-131492,2017-10-19,2017-10-24,HH-15010,OFF-EN-10002973,West,8.96,2,0.0,4.3008,0.4799999999999999
CA-2017-131492,2017-10-19,2017-10-24,HH-15010,OFF-LA-10001641,West,31.5,10,0.0,15.12,0.48
CA-2017-131492,2017-10-19,2017-10-24,HH-15010,FUR-FU-10003878,West,30.56,2,0.0,10.3904,0.34
CA-2017-131492,2017-10-19,2017-10-24,HH-15010,FUR-TA-10003837,West,24.368,2,0.2,-3.3506,-0.1375
CA-2016-144554,2016-11-07,2016-11-12,DM-13345,TEC-AC-10002800,East,119.976,3,0.2,22.4955,0.1875
CA-2017-127621,2017-03-03,2017-03-07,RE-19450,OFF-PA-10001307,Central,26.88,8,0.2,9.744,0.3625
CA-2015-145184,2015-11-27,2015-11-29,JD-16150,TEC-PH-10002350,East,83.97,3,0.0,23.5116,0.28
CA-2015-145184,2015-11-27,2015-11-29,JD-16150,TEC-AC-10000397,East,104.97,3,0.0,7.3479,0.07
CA-2017-106859,2017-03-13,2017-03-18,BF-11215,OFF-ST-10000615,West,90.8,8,0.0,25.424,0.28
CA-2017-106859,2017-03-13,2017-03-18,BF-11215,TEC-PH-10004531,West,140.736,8,0.2,49.2576,0.35
CA-2017-106859,2017-03-13,2017-03-18,BF-11215,TEC-AC-10004001,West,214.95,5,0.0,88.1295,0.41
CA-2017-106859,2017-03-13,2017-03-18,BF-11215,OFF-PA-10001534,West,45.36,7,0.0,21.7728,0.48
CA-2017-106859,2017-03-13,2017-03-18,BF-11215,OFF-PA-10001815,West,288.24,6,0.0,138.3552,0.48
US-2017-120089,2017-11-30,2017-11-30,ML-17755,OFF-AP-10003779,East,663.936,4,0.2,82.992,0.125
CA-2014-119375,2014-11-17,2014-11-22,YC-21895,OFF-ST-10002011,East,2934.33,7,0.0,792.2691,0.27
CA-2014-119375,2014-11-17,2014-11-22,YC-21895,FUR-FU-10002379,East,124.41,3,0.0,14.9292,0.12
CA-2014-119375,2014-11-17,2014-11-22,YC-21895,OFF-AR-10003752,East,57.75,5,0.0,26.565,0.46
CA-2016-125206,2016-01-03,2016-01-05,LR-16915,OFF-ST-10003692,West,114.46,2,0.0,28.615,0.25
CA-2015-126137,2015-10-03,2015-10-08,BS-11755,FUR-BO-10004409,West,120.666,2,0.15,18.4548,0.15294117647058822
CA-2014-143903,2014-07-20,2014-07-24,KM-16375,OFF-ST-10003306,Central,342.864,3,0.2,38.5722,0.11250000000000002
CA-2014-143903,2014-07-20,2014-07-24,KM-16375,FUR-FU-10003724,Central,16.74,5,0.6,-14.229,-0.85
CA-2014-143903,2014-07-20,2014-07-24,KM-16375,FUR-CH-10002024,Central,981.372,2,0.3,-140.196,-0.14285714285714285
CA-2014-104780,2014-05-21,2014-05-25,BT-11530,OFF-AR-10003514,West,31.84,8,0.0,10.5072,0.32999999999999996
CA-2017-101182,2017-09-04,2017-09-05,KB-16405,OFF-PA-10001800,West,12.96,2,0.0,6.2208,0.4799999999999999
CA-2017-101182,2017-09-04,2017-09-05,KB-16405,TEC-PH-10003589,West,43.176,3,0.2,15.1116,0.35
US-2017-132297,2017-05-27,2017-06-02,DW-13480,OFF-BI-10003364,South,58.34,2,0.0,28.0032,0.48
US-2017-132297,2017-05-27,2017-06-02,DW-13480,TEC-PH-10002834,South,539.97,3,0.0,134.9925,0.25
CA-2014-100328,2014-01-28,2014-02-03,JC-15340,OFF-BI-10000343,East,3.928,1,0.2,1.3257,0.3375
CA-2017-118773,2017-02-09,2017-02-14,TP-21415,OFF-BI-10004584,Central,252.784,4,0.8,-417.0936,-1.65
CA-2017-118773,2017-02-09,2017-02-14,TP-21415,TEC-AC-10002402,Central,127.984,2,0.2,15.998,0.125
CA-2017-118773,2017-02-09,2017-02-14,TP-21415,FUR-FU-10000550,Central,3.984,2,0.6,-2.6892,-0.675
CA-2017-118773,2017-02-09,2017-02-14,TP-21415,OFF-AP-10000055,Central,12.992,2,0.8,-32.48,-2.4999999999999996
US-2017-159205,2017-03-31,2017-04-02,DB-12910,FUR-FU-10001591,South,61.0,5,0.0,25.62,0.42000000000000004
US-2017-159205,2017-03-31,2017-04-02,DB-12910,TEC-PH-10000526,South,671.93,7,0.0,188.1404,0.28
CA-2016-112123,2016-03-03,2016-03-08,BH-11710,OFF-BI-10001071,East,447.86,7,0.0,219.4514,0.49
CA-2016-112123,2016-03-03,2016-03-08,BH-11710,TEC-PH-10001557,East,479.95,5,0.0,129.5865,0.27
CA-2016-112123,2016-03-03,2016-03-08,BH-11710,OFF-PA-10001977,East,166.44,3,0.0,79.8912,0.48
CA-2015-114468,2015-08-23,2015-08-23,TD-20995,OFF-SU-10004231,Central,31.68,4,0.2,2.772,0.0875
CA-2015-114468,2015-08-23,2015-08-23,TD-20995,OFF-PA-10000809,Central,10.368,2,0.2,3.6288,0.35
CA-2015-114468,2015-08-23,2015-08-23,TD-20995,OFF-FA-10003021,Central,12.032,8,0.2,2.256,0.18749999999999997
CA-2015-114468,2015-08-23,2015-08-23,TD-20995,OFF-AP-10000696,Central,5.768,2,0.8,-13.5548,-2.35
CA-2017-135692,2017-04-27,2017-05-01,CV-12805,OFF-LA-10001158,Central,33.12,4,0.2,11.592,0.35000000000000003
CA-2017-135692,2017-04-27,2017-05-01,CV-12805,FUR-BO-10002268,Central,220.2656,4,0.32,-42.1096,-0.19117647058823528
CA-2017-131233,2017-04-14,2017-04-19,CS-12355,OFF-BI-10000829,East,10.776,3,0.2,3.5022,0.325
CA-2017-131233,2017-04-14,2017-04-19,CS-12355,FUR-BO-10003441,East,242.352,3,0.2,9.0882,0.0375
CA-2017-119578,2017-12-22,2017-12-27,JG-15310,OFF-SU-10003505,East,695.16,6,0.0,34.758,0.05
CA-2017-119578,2017-12-22,2017-12-27,JG-15310,FUR-BO-10003660,East,220.98,1,0.0,50.8254,0.23
CA-2016-124562,2016-12-08,2016-12-12,JP-16135,OFF-BI-10001267,East,12.957,7,0.7,-9.5018,-0.7333333333333333
US-2017-140074,2017-03-23,2017-03-29,EC-14050,OFF-PA-10002741,East,25.68,6,0.0,11.556,0.44999999999999996
CA-2016-103037,2016-07-25,2016-07-29,KH-16630,OFF-LA-10004345,Central,15.712,4,0.2,5.6956,0.3625
CA-2017-127460,2017-07-10,2017-07-14,FG-14260,OFF-ST-10004340,Central,298.464,6,0.2,26.1156,0.08750000000000001
CA-2016-121671,2016-07-17,2016-07-22,AA-10480,OFF-PA-10001471,Central,21.93,3,0.0,10.0878,0.45999999999999996
CA-2016-121671,2016-07-17,2016-07-22,AA-10480,OFF-ST-10002344,Central,242.94,3,0.0,4.8588,0.019999999999999997
CA-2016-121671,2016-07-17,2016-07-22,AA-10480,OFF-PA-10001892,Central,7.64,1,0.0,3.7436,0.49
CA-2016-121671,2016-07-17,2016-07-22,AA-10480,OFF-PA-10001934,Central,51.84,8,0.0,25.4016,0.48999999999999994
CA-2016-121671,2016-07-17,2016-07-22,AA-10480,OFF-ST-10000078,Central,265.17,1,0.0,47.7306,0.18
CA-2016-150350,2016-08-23,2016-08-30,MS-17770,TEC-MA-10001972,West,837.6,3,0.2,62.82,0.075
CA-2016-150350,2016-08-23,2016-08-30,MS-17770,OFF-EN-10002504,West,135.9,5,0.0,63.873,0.47
CA-2016-150350,2016-08-23,2016-08-30,MS-17770,OFF-PA-10002160,West,34.68,6,0.0,16.9932,0.49000000000000005
CA-2016-150350,2016-08-23,2016-08-30,MS-17770,FUR-CH-10001973,West,532.704,6,0.2,-39.9528,-0.07500000000000001
CA-2016-150350,2016-08-23,2016-08-30,MS-17770,OFF-AP-10001492,West,43.1,5,0.0,11.206,0.25999999999999995
CA-2016-150350,2016-08-23,2016-08-30,MS-17770,OFF-SU-10002189,West,15.88,4,0.0,0.1588,0.009999999999999998
CA-2015-121720,2015-06-11,2015-06-12,JE-15610,FUR-CH-10003312,South,1123.92,5,0.2,-182.637,-0.16249999999999998
CA-2015-121720,2015-06-11,2015-06-12,JE-15610,TEC-PH-10002496,South,249.584,2,0.2,31.198,0.125
CA-2015-121720,2015-06-11,2015-06-12,JE-15610,FUR-FU-10003464,South,48.672,3,0.2,7.3008,0.15
CA-2015-121720,2015-06-11,2015-06-12,JE-15610,OFF-AR-10000380,South,60.768,2,0.2,7.596,0.125
CA-2015-121720,2015-06-11,2015-06-12,JE-15610,OFF-BI-10004593,South,78.6,5,0.7,-62.88,-0.8
CA-2015-121720,2015-06-11,2015-06-12,JE-15610,OFF-BI-10001308,South,3.768,2,0.7,-3.14,-0.8333333333333334
CA-2015-121720,2015-06-11,2015-06-12,JE-15610,OFF-ST-10001780,South,1036.624,2,0.2,51.8312,0.05
CA-2015-121720,2015-06-11,2015-06-12,JE-15610,OFF-ST-10003816,South,563.808,4,0.2,21.1428,0.037500000000000006
CA-2017-149895,2017-09-08,2017-09-12,EB-14110,TEC-PH-10002200,East,258.528,2,0.4,-47.3968,-0.18333333333333332
CA-2017-147564,2017-10-02,2017-10-06,BP-11155,OFF-PA-10004438,East,49.12,4,0.0,23.0864,0.47000000000000003
CA-2014-136399,2014-12-16,2014-12-17,CC-12100,FUR-FU-10004090,West,44.46,2,0.0,14.6718,0.32999999999999996
CA-2014-136399,2014-12-16,2014-12-17,CC-12100,FUR-CH-10002602,West,241.568,2,0.2,18.1176,0.075
CA-2014-136399,2014-12-16,2014-12-17,CC-12100,TEC-AC-10001142,West,395.0,5,0.0,39.5,0.1
CA-2014-136399,2014-12-16,2014-12-17,CC-12100,TEC-PH-10004977,West,627.168,4,0.2,70.5564,0.11249999999999999
CA-2014-107916,2014-08-24,2014-08-26,JP-15460,FUR-FU-10004586,East,13.28,2,0.0,6.3744,0.48
CA-2014-107916,2014-08-24,2014-08-26,JP-15460,OFF-BI-10001116,East,12.672,3,0.2,4.4352,0.35
CA-2017-164168,2017-11-12,2017-11-18,LS-16975,OFF-BI-10000666,Central,30.56,5,0.8,-45.84,-1.5000000000000002
CA-2017-164168,2017-11-12,2017-11-18,LS-16975,OFF-ST-10002583,Central,77.952,3,0.2,-15.5904,-0.2
CA-2017-164168,2017-11-12,2017-11-18,LS-16975,TEC-PH-10004908,Central,67.992,1,0.2,8.499,0.125
CA-2017-164168,2017-11-12,2017-11-18,LS-16975,OFF-EN-10001219,Central,12.224,2,0.2,4.4312,0.36249999999999993
CA-2017-164168,2017-11-12,2017-11-18,LS-16975,TEC-AC-10004568,Central,44.784,2,0.2,-0.5598,-0.012499999999999999
CA-2017-164168,2017-11-12,2017-11-18,LS-16975,FUR-FU-10001756,Central,22.848,3,0.6,-17.7072,-0.775
CA-2015-112557,2015-04-25,2015-04-28,JL-15850,OFF-AP-10002311,East,206.43,3,0.0,90.8292,0.44
US-2014-122959,2014-12-12,2014-12-12,CY-12745,OFF-BI-10003650,Central,210.392,2,0.8,-336.6272,-1.6
CA-2017-162572,2017-09-25,2017-09-27,RB-19360,TEC-AC-10003628,East,119.96,5,0.2,35.988,0.3
CA-2017-162572,2017-09-25,2017-09-27,RB-19360,OFF-AR-10001547,East,10.608,6,0.2,0.9282,0.0875
US-2016-148110,2016-09-05,2016-09-11,AR-10825,FUR-CH-10002647,Central,347.802,7,0.3,-24.843,-0.07142857142857142
CA-2017-131828,2017-02-11,2017-02-13,CS-11845,FUR-CH-10004495,West,963.136,4,0.2,108.3528,0.1125
CA-2017-131828,2017-02-11,2017-02-13,CS-11845,TEC-PH-10002923,West,88.776,3,0.2,7.7679,0.08750000000000001
CA-2014-109218,2014-06-30,2014-07-03,AR-10825,OFF-AR-10001374,West,32.4,5,0.0,10.368,0.32
CA-2016-120558,2016-06-07,2016-06-10,RD-19810,OFF-PA-10003441,East,32.4,5,0.0,15.552,0.48
US-2014-109036,2014-12-20,2014-12-25,KH-16510,OFF-LA-10002043,West,31.05,3,0.0,14.904,0.48
CA-2015-147830,2015-12-15,2015-12-18,NF-18385,TEC-AC-10002049,East,2025.36,6,0.2,607.608,0.3
CA-2015-147830,2015-12-15,2015-12-18,NF-18385,TEC-MA-10000418,East,1799.994,2,0.7,-2639.9912,-1.4666666666666668
CA-2015-147830,2015-12-15,2015-12-18,NF-18385,TEC-PH-10004908,East,101.988,2,0.4,-16.998,-0.16666666666666669
CA-2015-147830,2015-12-15,2015-12-18,NF-18385,FUR-FU-10004091,East,262.864,7,0.2,69.0018,0.2625
CA-2017-150497,2017-07-20,2017-07-24,SM-20950,OFF-BI-10004600,Central,735.98,2,0.0,331.191,0.44999999999999996
CA-2014-128986,2014-08-03,2014-08-05,GH-14410,OFF-PA-10001289,West,93.024,3,0.2,33.7212,0.36250000000000004
CA-2015-139584,2015-08-24,2015-08-28,EM-13810,FUR-TA-10001539,East,284.364,2,0.4,-75.8304,-0.26666666666666666
CA-2015-139584,2015-08-24,2015-08-28,EM-13810,TEC-AC-10001266,East,26.0,2,0.0,11.7,0.44999999999999996
US-2016-162677,2016-03-26,2016-03-27,DB-13210,OFF-ST-10001291,South,67.64,5,0.2,5.9185,0.0875
US-2016-162677,2016-03-26,2016-03-27,DB-13210,TEC-AC-10001314,South,119.976,3,0.2,-17.9964,-0.15000000000000002
US-2014-150924,2014-09-12,2014-09-16,PT-19090,OFF-BI-10004040,Central,5.18,5,0.8,-8.029,-1.55
CA-2014-153969,2014-09-21,2014-09-25,HF-14995,OFF-EN-10001539,West,15.56,2,0.0,7.3132,0.47
CA-2014-153969,2014-09-21,2014-09-25,HF-14995,OFF-EN-10004483,West,78.35,5,0.0,36.8245,0.47000000000000003
CA-2014-153969,2014-09-21,2014-09-25,HF-14995,OFF-AR-10001615,West,59.52,3,0.0,15.4752,0.25999999999999995
CA-2014-153969,2014-09-21,2014-09-25,HF-14995,OFF-PA-10000327,West,38.52,9,0.0,17.334,0.44999999999999996
CA-2014-153969,2014-09-21,2014-09-25,HF-14995,TEC-PH-10001299,West,239.984,2,0.2,23.9984,0.09999999999999999
CA-2014-153969,2014-09-21,2014-09-25,HF-14995,OFF-PA-10002246,West,19.35,3,0.0,9.4815,0.49
CA-2016-146682,2016-10-29,2016-10-31,KW-16435,FUR-FU-10002671,Central,67.0,5,0.0,32.16,0.4799999999999999
CA-2016-138695,2016-05-28,2016-06-03,KC-16675,FUR-CH-10003833,South,390.272,8,0.2,-24.392,-0.0625
CA-2016-138695,2016-05-28,2016-06-03,KC-16675,OFF-PA-10001667,South,62.192,13,0.2,19.435,0.3125
CA-2017-107461,2017-12-21,2017-12-26,PK-19075,OFF-BI-10002003,South,23.88,6,0.0,11.2236,0.47
US-2016-133879,2016-03-21,2016-03-28,KT-16465,OFF-BI-10004465,Central,3.168,2,0.8,-4.752,-1.4999999999999998
US-2016-133879,2016-03-21,2016-03-28,KT-16465,FUR-CH-10000665,Central,528.43,5,0.3,0.0,0.0
US-2016-133879,2016-03-21,2016-03-28,KT-16465,OFF-AR-10004956,Central,13.392,3,0.2,1.5066,0.1125
CA-2017-157483,2017-11-11,2017-11-18,EP-13915,OFF-AR-10004260,Central,181.86,7,0.0,50.9208,0.27999999999999997
US-2017-132059,2017-09-23,2017-09-29,AP-10915,FUR-BO-10001811,West,180.588,2,0.7,-240.784,-1.3333333333333333
US-2017-132059,2017-09-23,2017-09-29,AP-10915,TEC-AC-10003280,West,47.984,2,0.2,0.5998,0.012499999999999999
CA-2017-122280,2017-09-10,2017-09-10,SH-20395,OFF-PA-10004911,East,18.76,2,0.0,9.0048,0.4799999999999999
CA-2017-105235,2017-12-05,2017-12-11,SM-20950,FUR-FU-10001487,East,20.94,3,0.0,6.0726,0.29
CA-2017-105235,2017-12-05,2017-12-11,SM-20950,FUR-FU-10000521,East,58.68,2,0.0,18.1908,0.31
CA-2017-105235,2017-12-05,2017-12-11,SM-20950,OFF-AP-10001271,East,254.9,5,0.0,68.823,0.26999999999999996
CA-2017-152912,2017-11-09,2017-11-12,BM-11650,OFF-BI-10004728,East,9.64,2,0.0,4.4344,0.45999999999999996
CA-2017-152912,2017-11-09,2017-11-12,BM-11650,TEC-AC-10004666,East,826.62,3,0.0,355.4466,0.43
CA-2017-152912,2017-11-09,2017-11-12,BM-11650,OFF-ST-10003208,East,1633.14,9,0.0,473.6106,0.29
CA-2014-123498,2014-11-07,2014-11-09,TC-20980,OFF-BI-10000632,Central,26.046,3,0.8,-44.2782,-1.7
CA-2014-123498,2014-11-07,2014-11-09,TC-20980,OFF-EN-10004773,Central,74.352,3,0.2,26.9526,0.3625
CA-2017-159352,2017-03-12,2017-03-17,KB-16585,TEC-PH-10004700,East,69.93,7,0.0,32.1678,0.45999999999999996
US-2017-146416,2017-10-20,2017-10-22,JE-16165,OFF-LA-10003714,West,3.75,1,0.0,1.8,0.48000000000000004
US-2017-146416,2017-10-20,2017-10-22,JE-16165,OFF-BI-10001787,West,20.928,4,0.2,7.5864,0.3625
US-2015-163783,2015-12-27,2016-01-01,DR-12940,OFF-ST-10002957,Central,12.672,3,0.2,-3.168,-0.25
CA-2017-123981,2017-10-02,2017-10-08,RW-19630,TEC-PH-10002115,East,65.99,1,0.0,17.1574,0.26
CA-2017-158953,2017-06-04,2017-06-08,ML-18040,OFF-BI-10002557,Central,6.37,7,0.8,-9.555,-1.5
CA-2014-165428,2014-09-01,2014-09-04,JL-15130,OFF-BI-10002949,Central,3.648,3,0.8,-6.0192,-1.65
CA-2014-165428,2014-09-01,2014-09-04,JL-15130,OFF-PA-10004100,Central,31.104,6,0.2,10.8864,0.35000000000000003
CA-2016-169026,2016-08-08,2016-08-13,CM-12655,OFF-FA-10001883,South,23.34,3,0.0,0.2334,0.01
CA-2017-109750,2017-07-22,2017-07-28,FH-14365,TEC-PH-10000702,East,29.97,3,0.0,14.0859,0.47000000000000003
CA-2015-149384,2015-07-10,2015-07-10,EH-13945,OFF-BI-10003196,West,3.366,3,0.7,-2.244,-0.6666666666666667
CA-2014-131527,2014-12-01,2014-12-07,TB-21280,TEC-PH-10001644,South,95.968,4,0.2,9.5968,0.09999999999999999
CA-2017-164000,2017-12-18,2017-12-22,AH-10030,OFF-AR-10003183,East,18.704,7,0.2,2.338,0.125
CA-2014-164224,2014-05-18,2014-05-20,TT-21070,FUR-FU-10000308,East,149.232,3,0.2,3.7308,0.024999999999999998
CA-2014-164224,2014-05-18,2014-05-20,TT-21070,OFF-PA-10001526,East,15.936,4,0.2,5.7768,0.3625
CA-2014-158372,2014-11-10,2014-11-16,RD-19900,TEC-PH-10002103,West,601.536,8,0.2,60.1536,0.1
CA-2014-158372,2014-11-10,2014-11-16,RD-19900,TEC-AC-10004209,West,10.99,1,0.0,4.2861,0.39
CA-2014-158372,2014-11-10,2014-11-16,RD-19900,FUR-FU-10000397,West,39.88,2,0.0,11.1664,0.27999999999999997
CA-2014-158372,2014-11-10,2014-11-16,RD-19900,OFF-PA-10002137,West,62.24,8,0.0,28.008,0.44999999999999996
CA-2014-158372,2014-11-10,2014-11-16,RD-19900,FUR-FU-10001867,West,53.2,5,0.0,14.896,0.28
CA-2014-158372,2014-11-10,2014-11-16,RD-19900,OFF-LA-10000407,West,39.84,8,0.0,18.3264,0.45999999999999996
CA-2016-108882,2016-01-09,2016-01-15,LA-16780,TEC-AC-10000420,West,349.95,5,0.0,118.983,0.34
CA-2016-108882,2016-01-09,2016-01-15,LA-16780,TEC-PH-10002726,West,377.928,9,0.2,141.723,0.37500000000000006
US-2017-108245,2017-09-22,2017-09-27,SH-19975,OFF-EN-10001415,Central,13.392,3,0.2,5.022,0.37500000000000006
US-2017-108245,2017-09-22,2017-09-27,SH-19975,OFF-BI-10000773,Central,11.228,7,0.8,-18.5262,-1.65
CA-2014-142314,2014-12-23,2014-12-28,SF-20200,OFF-AP-10002350,Central,207.24,11,0.0,58.0272,0.27999999999999997
CA-2016-132409,2016-05-26,2016-06-01,TH-21235,OFF-AR-10001919,East,1.504,1,0.2,0.1692,0.11249999999999999
CA-2016-132409,2016-05-26,2016-06-01,TH-21235,OFF-AP-10002082,East,34.848,2,0.2,6.534,0.1875
CA-2017-150189,2017-07-08,2017-07-10,VG-21790,OFF-LA-10002762,West,75.18,6,0.0,35.3346,0.47
CA-2014-114433,2014-05-13,2014-05-17,NP-18325,TEC-AC-10002800,West,149.97,3,0.0,52.4895,0.35
CA-2017-104640,2017-11-10,2017-11-16,FH-14275,OFF-BI-10003925,East,931.176,3,0.2,314.2719,0.3375
CA-2017-104640,2017-11-10,2017-11-16,FH-14275,TEC-PH-10002200,East,430.88,2,0.0,124.9552,0.29000000000000004
US-2015-137008,2015-10-02,2015-10-08,JP-15460,OFF-PA-10001295,East,94.85,5,0.0,45.528,0.48000000000000004
US-2015-137008,2015-10-02,2015-10-08,JP-15460,OFF-EN-10002500,East,51.12,4,0.0,23.004,0.45000000000000007
US-2015-137008,2015-10-02,2015-10-08,JP-15460,TEC-AC-10000892,East,90.0,1,0.0,32.4,0.36
CA-2014-108189,2014-10-02,2014-10-05,ES-14080,OFF-PA-10001838,West,9.408,2,0.2,3.4104,0.36250000000000004
CA-2014-108189,2014-10-02,2014-10-05,ES-14080,OFF-FA-10000735,West,4.672,2,0.2,1.46,0.3125
CA-2014-108189,2014-10-02,2014-10-05,ES-14080,TEC-PH-10001760,West,318.4,2,0.2,107.46,0.3375
CA-2014-108189,2014-10-02,2014-10-05,ES-14080,OFF-EN-10004846,West,12.768,6,0.2,4.6284,0.3625
CA-2014-108189,2014-10-02,2014-10-05,ES-14080,OFF-SU-10003567,West,15.36,2,0.2,-3.264,-0.2125
CA-2014-108189,2014-10-02,2014-10-05,ES-14080,TEC-PH-10001557,West,230.376,3,0.2,20.1579,0.08750000000000001
CA-2014-108189,2014-10-02,2014-10-05,ES-14080,TEC-AC-10003038,West,7.16,1,0.2,-0.0895,-0.012499999999999999
CA-2014-154641,2014-08-11,2014-08-16,KL-16645,OFF-ST-10004459,East,375.34,1,0.0,18.767,0.05
CA-2017-131625,2017-09-01,2017-09-05,BN-11515,FUR-FU-10004960,East,114.9,5,0.0,39.066,0.34
US-2017-156356,2017-04-16,2017-04-22,ND-18370,OFF-BI-10000632,Central,26.046,3,0.8,-44.2782,-1.7
US-2017-156356,2017-04-16,2017-04-22,ND-18370,OFF-BI-10001107,Central,2.896,1,0.8,-4.7784,-1.6500000000000001
US-2017-156356,2017-04-16,2017-04-22,ND-18370,OFF-ST-10002301,Central,32.544,2,0.2,-7.7292,-0.23750000000000002
CA-2016-138933,2016-04-24,2016-04-27,JL-15130,OFF-BI-10003355,West,3.984,1,0.2,1.3944,0.35000000000000003
CA-2016-140746,2016-01-15,2016-01-15,RC-19825,FUR-TA-10002903,East,181.797,1,0.3,-15.5826,-0.08571428571428572
CA-2016-146836,2016-05-02,2016-05-02,CC-12475,OFF-ST-10001580,East,44.94,3,0.0,12.5832,0.28
CA-2016-146836,2016-05-02,2016-05-02,CC-12475,OFF-BI-10000315,East,45.576,3,0.2,15.9516,0.35
US-2016-127971,2016-11-20,2016-11-27,DW-13195,FUR-CH-10003774,Central,318.43,5,0.3,-77.333,-0.24285714285714285
US-2016-127971,2016-11-20,2016-11-27,DW-13195,TEC-PH-10003095,Central,122.92,7,0.2,46.095,0.375
US-2016-127971,2016-11-20,2016-11-27,DW-13195,FUR-FU-10000023,Central,7.068,3,0.6,-2.8272,-0.4
US-2016-140809,2016-02-01,2016-02-03,CK-12760,OFF-ST-10002214,South,56.45,5,0.0,14.677,0.25999999999999995
CA-2017-114524,2017-03-31,2017-04-05,EG-13900,OFF-BI-10002799,Central,13.468,13,0.8,-22.8956,-1.7000000000000002
CA-2017-113355,2017-12-01,2017-12-05,SJ-20215,TEC-PH-10004912,Central,219.8,5,0.2,24.7275,0.11249999999999999
CA-2017-113355,2017-12-01,2017-12-05,SJ-20215,FUR-CH-10002602,Central,317.058,3,0.3,-18.1176,-0.05714285714285714
US-2017-140907,2017-12-10,2017-12-12,BP-11185,TEC-AC-10004510,West,49.08,3,0.0,4.908,0.1
US-2017-140907,2017-12-10,2017-12-12,BP-11185,OFF-ST-10000060,West,324.9,5,0.0,38.988,0.12000000000000001
US-2017-140907,2017-12-10,2017-12-12,BP-11185,OFF-AR-10000799,West,18.24,3,0.0,5.2896,0.29000000000000004
CA-2016-159730,2016-09-17,2016-09-21,SJ-20125,FUR-CH-10004875,West,113.888,2,0.2,9.9652,0.0875
CA-2016-159730,2016-09-17,2016-09-21,SJ-20125,TEC-PH-10002085,West,105.584,2,0.2,7.9188,0.075
CA-2016-157868,2016-12-23,2016-12-29,MC-17590,OFF-FA-10000992,Central,24.85,7,0.0,11.6795,0.47000000000000003
CA-2017-119389,2017-04-17,2017-04-19,BG-11740,FUR-FU-10001473,East,60.312,3,0.2,5.2773,0.08750000000000001
CA-2017-110373,2017-10-27,2017-10-30,MA-17560,OFF-AR-10003045,Central,7.056,3,0.2,2.205,0.3125
CA-2017-110373,2017-10-27,2017-10-30,MA-17560,TEC-PH-10001536,Central,27.184,2,0.2,2.0388,0.075
CA-2016-155474,2016-07-08,2016-07-14,CC-12220,TEC-PH-10001580,West,107.984,1,0.2,9.4486,0.08750000000000001
CA-2016-155474,2016-07-08,2016-07-14,CC-12220,OFF-BI-10004209,West,19.296,3,0.2,6.03,0.3125
CA-2015-155453,2015-08-09,2015-08-14,RA-19885,OFF-LA-10001613,South,4.608,2,0.2,1.6704,0.36250000000000004
US-2016-161844,2016-12-09,2016-12-14,DK-12835,FUR-TA-10001676,South,79.974,3,0.4,-29.3238,-0.36666666666666664
US-2016-161844,2016-12-09,2016-12-14,DK-12835,OFF-BI-10003712,South,2.946,2,0.7,-2.0622,-0.6999999999999998
US-2016-162103,2016-11-13,2016-11-17,LB-16795,OFF-BI-10000285,Central,3.136,2,0.8,-4.704,-1.4999999999999998
CA-2014-151554,2014-11-14,2014-11-15,CM-11815,OFF-PA-10004609,Central,20.736,4,0.2,7.2576,0.35
CA-2014-140662,2014-11-17,2014-11-19,TS-21205,TEC-AC-10001314,West,99.98,2,0.0,7.9984,0.08
CA-2014-140662,2014-11-17,2014-11-19,TS-21205,OFF-PA-10003395,West,733.95,7,0.0,352.296,0.48
CA-2014-140662,2014-11-17,2014-11-19,TS-21205,OFF-AP-10001242,West,241.44,3,0.0,72.432,0.3
CA-2016-122518,2016-03-04,2016-03-08,RF-19345,OFF-LA-10001641,South,10.08,4,0.2,3.528,0.35
US-2014-126571,2014-10-11,2014-10-15,JF-15565,OFF-ST-10003816,East,281.904,2,0.2,10.5714,0.037500000000000006
US-2014-126571,2014-10-11,2014-10-15,JF-15565,OFF-EN-10002230,East,201.432,3,0.2,67.9833,0.3375
CA-2014-143840,2014-05-22,2014-05-29,EH-14185,TEC-PH-10002660,South,135.98,2,0.0,33.995,0.25
CA-2014-143840,2014-05-22,2014-05-29,EH-14185,TEC-PH-10003171,South,44.95,1,0.0,12.586,0.27999999999999997
CA-2014-115980,2014-07-15,2014-07-19,VW-21775,TEC-AC-10003709,Central,2.97,3,0.0,1.3068,0.43999999999999995
CA-2014-115980,2014-07-15,2014-07-19,VW-21775,OFF-FA-10000304,Central,6.54,3,0.0,2.6814,0.41
CA-2015-155145,2015-12-27,2015-12-29,KN-16450,TEC-AC-10003709,West,7.92,8,0.0,3.4848,0.44
CA-2015-146038,2015-02-09,2015-02-16,SJ-20215,FUR-CH-10002774,West,203.92,5,0.2,22.941,0.1125
CA-2017-133865,2017-05-08,2017-05-12,PS-19045,TEC-CO-10001046,West,3359.952,6,0.2,1049.985,0.31249999999999994
CA-2017-116358,2017-11-02,2017-11-06,KM-16225,OFF-FA-10003495,Central,18.24,3,0.0,9.12,0.5
CA-2017-116358,2017-11-02,2017-11-06,KM-16225,OFF-AR-10004685,Central,27.78,6,0.0,9.1674,0.33
CA-2014-102988,2014-04-05,2014-04-09,GM-14695,OFF-AR-10004757,South,22.96,7,0.0,7.5768,0.33
CA-2014-102988,2014-04-05,2014-04-09,GM-14695,TEC-PH-10001615,South,28.99,1,0.0,8.4071,0.29000000000000004
CA-2014-102988,2014-04-05,2014-04-09,GM-14695,OFF-PA-10003349,South,12.96,2,0.0,6.3504,0.48999999999999994
CA-2014-102988,2014-04-05,2014-04-09,GM-14695,OFF-AR-10000127,South,22.96,7,0.0,6.6584,0.29
CA-2014-102988,2014-04-05,2014-04-09,GM-14695,OFF-SU-10002881,South,4164.05,5,0.0,83.281,0.02
US-2014-117170,2014-09-17,2014-09-24,KT-16465,TEC-AC-10001109,South,47.984,2,0.2,13.1956,0.275
US-2014-117170,2014-09-17,2014-09-24,KT-16465,OFF-PA-10000682,South,4.624,1,0.2,1.6762,0.3625
CA-2014-159478,2014-09-30,2014-10-06,MH-17785,FUR-FU-10000221,East,15.24,3,0.0,5.1816,0.34
CA-2014-103702,2014-09-12,2014-09-17,AF-10885,OFF-BI-10002429,East,63.924,7,0.7,-46.8776,-0.7333333333333334
CA-2017-150525,2017-02-20,2017-02-25,JP-16135,OFF-AR-10002375,Central,6.56,2,0.0,1.9024,0.29000000000000004
CA-2017-150525,2017-02-20,2017-02-25,JP-16135,OFF-AP-10000595,Central,13.11,3,0.0,3.4086,0.26
CA-2015-157770,2015-12-13,2015-12-15,RD-19585,TEC-PH-10001530,West,494.376,3,0.2,49.4376,0.1
CA-2015-157770,2015-12-13,2015-12-15,RD-19585,OFF-BI-10000050,West,29.2,5,0.2,9.855,0.3375
CA-2015-157770,2015-12-13,2015-12-15,RD-19585,TEC-AC-10001552,West,248.85,5,0.0,27.3735,0.11
CA-2015-157770,2015-12-13,2015-12-15,RD-19585,TEC-AC-10003399,West,36.24,1,0.0,15.2208,0.42
CA-2016-167290,2016-10-30,2016-11-04,JF-15295,OFF-AR-10004078,Central,11.68,2,0.0,3.504,0.3
CA-2014-106264,2014-12-26,2014-12-30,CK-12595,OFF-SU-10002189,West,11.91,3,0.0,0.1191,0.01
CA-2014-106264,2014-12-26,2014-12-30,CK-12595,FUR-FU-10001852,West,3.48,2,0.0,1.1136,0.32
CA-2014-138023,2014-08-15,2014-08-18,KH-16510,OFF-BI-10003638,Central,30.96,8,0.8,-52.632,-1.7
CA-2017-113418,2017-10-01,2017-10-03,CM-12655,TEC-MA-10002428,East,1704.89,11,0.0,767.2005,0.45
US-2015-110569,2015-05-23,2015-05-30,EB-13870,OFF-BI-10001036,West,19.194,7,0.7,-12.796,-0.6666666666666666
US-2015-110569,2015-05-23,2015-05-30,EB-13870,OFF-AP-10004708,West,121.792,4,0.2,13.7016,0.11249999999999999
CA-2017-136308,2017-11-16,2017-11-16,MW-18235,TEC-MA-10000488,West,1919.976,3,0.2,215.9973,0.11249999999999999
US-2014-159926,2014-11-18,2014-11-22,CS-11950,OFF-BI-10003656,East,50.997,1,0.7,-40.7976,-0.8
US-2014-159926,2014-11-18,2014-11-22,CS-11950,OFF-ST-10003656,East,76.792,1,0.2,-16.3183,-0.2125
US-2014-159926,2014-11-18,2014-11-22,CS-11950,TEC-PH-10001128,East,539.964,6,0.4,-107.9928,-0.19999999999999998
US-2014-159926,2014-11-18,2014-11-22,CS-11950,FUR-FU-10001473,East,60.312,3,0.2,5.2773,0.08750000000000001
US-2014-159926,2014-11-18,2014-11-22,CS-11950,OFF-BI-10004656,East,1.944,3,0.7,-1.4256,-0.7333333333333334
CA-2014-104738,2014-12-30,2015-01-01,SP-20620,OFF-EN-10004955,Central,12.984,3,0.2,4.7067,0.3625
CA-2014-104738,2014-12-30,2015-01-01,SP-20620,TEC-PH-10002468,Central,217.584,2,0.2,19.0386,0.0875
CA-2014-104738,2014-12-30,2015-01-01,SP-20620,TEC-PH-10000576,Central,328.776,3,0.2,28.7679,0.0875
CA-2014-104738,2014-12-30,2015-01-01,SP-20620,OFF-BI-10002160,Central,2.286,3,0.8,-3.6576,-1.5999999999999999
CA-2014-104738,2014-12-30,2015-01-01,SP-20620,TEC-AC-10003628,Central,47.984,2,0.2,14.3952,0.3
CA-2015-144386,2015-11-05,2015-11-11,GT-14635,OFF-BI-10001116,East,25.344,6,0.2,8.8704,0.35
CA-2016-111416,2016-09-17,2016-09-22,LW-17215,OFF-BI-10002026,East,232.4,5,0.2,78.435,0.3375
CA-2016-162747,2016-03-20,2016-03-25,AH-10030,FUR-FU-10003691,South,86.45,7,0.0,38.038,0.43999999999999995
US-2014-133130,2014-09-27,2014-10-01,TH-21100,FUR-CH-10002602,West,603.92,5,0.2,45.294,0.075
US-2014-133130,2014-09-27,2014-10-01,TH-21100,OFF-PA-10000675,West,81.98,2,0.0,40.1702,0.49
CA-2017-169978,2017-12-24,2017-12-28,HG-15025,FUR-CH-10002602,East,271.764,2,0.1,48.3136,0.17777777777777778
CA-2017-169978,2017-12-24,2017-12-28,HG-15025,OFF-BI-10001900,East,14.376,3,0.2,4.8519,0.33749999999999997
CA-2017-161739,2017-11-10,2017-11-15,EB-13750,FUR-FU-10001468,Central,341.96,5,0.6,-427.45,-1.25
CA-2015-165057,2015-09-11,2015-09-15,SC-20725,OFF-AR-10004648,West,181.35,9,0.0,48.9645,0.27
CA-2015-165057,2015-09-11,2015-09-15,SC-20725,OFF-LA-10003190,West,8.64,3,0.0,4.2336,0.49
CA-2014-134551,2014-12-20,2014-12-25,TS-21505,OFF-AP-10004868,South,43.512,7,0.2,3.8073,0.08750000000000001
CA-2014-134551,2014-12-20,2014-12-25,TS-21505,FUR-CH-10004287,South,662.88,3,0.2,74.574,0.1125
CA-2014-134551,2014-12-20,2014-12-25,TS-21505,OFF-PA-10002689,South,25.92,5,0.2,9.072,0.3499999999999999
CA-2015-120810,2015-07-23,2015-07-27,TH-21550,OFF-AP-10002892,East,68.94,3,0.0,20.682,0.3
CA-2015-120810,2015-07-23,2015-07-27,TH-21550,FUR-FU-10002253,East,128.82,3,0.0,50.2398,0.39
CA-2014-165309,2014-11-11,2014-11-15,KD-16270,OFF-BI-10001359,Central,896.99,5,0.8,-1480.0335,-1.65
CA-2014-165309,2014-11-11,2014-11-15,KD-16270,OFF-BI-10001267,Central,1.234,1,0.8,-1.9744,-1.5999999999999999
CA-2014-165309,2014-11-11,2014-11-15,KD-16270,OFF-AR-10003582,Central,67.56,3,0.2,6.756,0.1
CA-2014-165309,2014-11-11,2014-11-15,KD-16270,OFF-PA-10003724,Central,21.72,5,0.2,7.8735,0.3625
CA-2014-165309,2014-11-11,2014-11-15,KD-16270,OFF-PA-10001033,Central,262.336,8,0.2,95.0968,0.3625
CA-2014-165309,2014-11-11,2014-11-15,KD-16270,TEC-PH-10003505,Central,148.48,2,0.2,16.704,0.11250000000000002
CA-2014-165309,2014-11-11,2014-11-15,KD-16270,TEC-PH-10004959,Central,241.176,3,0.2,15.0735,0.0625
CA-2017-122595,2017-12-14,2017-12-20,GM-14455,TEC-AC-10000474,Central,227.976,3,0.2,28.497,0.125
CA-2017-122595,2017-12-14,2017-12-20,GM-14455,TEC-PH-10003095,Central,52.68,3,0.2,19.755,0.375
CA-2017-122595,2017-12-14,2017-12-20,GM-14455,FUR-FU-10002963,Central,2.032,1,0.6,-1.3208,-0.65
US-2017-109253,2017-08-21,2017-08-22,PR-18880,OFF-AR-10000203,West,17.12,4,0.0,4.9648,0.29
US-2017-109253,2017-08-21,2017-08-22,PR-18880,TEC-PH-10004667,West,431.968,4,0.2,37.7972,0.0875
US-2017-109253,2017-08-21,2017-08-22,PR-18880,FUR-FU-10000193,West,129.92,4,0.0,10.3936,0.08
US-2017-109253,2017-08-21,2017-08-22,PR-18880,FUR-TA-10001539,West,568.728,3,0.2,28.4364,0.05
US-2017-109253,2017-08-21,2017-08-22,PR-18880,OFF-BI-10000962,West,117.144,9,0.2,42.4647,0.3625
US-2017-109253,2017-08-21,2017-08-22,PR-18880,OFF-AP-10002867,West,203.52,3,0.0,54.9504,0.27
US-2017-109253,2017-08-21,2017-08-22,PR-18880,OFF-LA-10001158,West,51.75,5,0.0,24.84,0.48
CA-2016-145982,2016-08-27,2016-09-01,TB-21055,OFF-PA-10000675,East,122.97,3,0.0,60.2553,0.49
CA-2016-145982,2016-08-27,2016-09-01,TB-21055,FUR-TA-10001307,East,244.615,1,0.3,20.967,0.0857142857142857
CA-2016-145982,2016-08-27,2016-09-01,TB-21055,TEC-PH-10000011,East,59.97,3,0.0,28.7856,0.48
CA-2016-145982,2016-08-27,2016-09-01,TB-21055,OFF-PA-10002666,East,81.54,9,0.0,36.693,0.44999999999999996
CA-2016-145982,2016-08-27,2016-09-01,TB-21055,OFF-FA-10000735,East,11.68,4,0.0,5.256,0.45
CA-2016-145982,2016-08-27,2016-09-01,TB-21055,OFF-BI-10000174,East,29.0,5,0.0,13.92,0.48
CA-2015-112014,2015-08-13,2015-08-20,ON-18715,OFF-AR-10003156,West,50.8,5,0.0,13.208,0.26
CA-2017-154732,2017-11-05,2017-11-07,AH-10195,OFF-BI-10000474,Central,16.03,5,0.8,-25.648,-1.5999999999999999
US-2016-157308,2016-08-17,2016-08-21,NM-18520,OFF-BI-10003712,West,15.712,4,0.2,5.6956,0.3625
CA-2016-147536,2016-12-26,2016-12-31,AR-10510,TEC-AC-10003280,East,89.97,3,0.0,18.8937,0.21
US-2014-134733,2014-09-23,2014-09-28,BM-11650,FUR-BO-10002916,West,435.999,3,0.15,20.5176,0.047058823529411764
US-2014-134733,2014-09-23,2014-09-28,BM-11650,TEC-PH-10002726,West,83.984,2,0.2,31.494,0.375
US-2014-150434,2014-07-19,2014-07-24,CA-12310,TEC-PH-10000895,East,359.98,2,0.0,93.5948,0.26
US-2014-150434,2014-07-19,2014-07-24,CA-12310,FUR-TA-10004152,East,70.56,1,0.3,-4.032,-0.05714285714285714
US-2014-150434,2014-07-19,2014-07-24,CA-12310,OFF-BI-10003694,East,20.88,2,0.0,9.6048,0.45999999999999996
US-2014-150434,2014-07-19,2014-07-24,CA-12310,OFF-BI-10002160,East,3.81,1,0.0,1.8288,0.48
CA-2017-100335,2017-09-07,2017-09-13,NF-18595,OFF-PA-10001685,Central,73.008,9,0.2,26.4654,0.3625
CA-2016-139234,2016-05-06,2016-05-10,AF-10870,OFF-BI-10000773,Central,3.208,2,0.8,-5.2932,-1.65
CA-2016-139234,2016-05-06,2016-05-10,AF-10870,TEC-AC-10004510,Central,26.176,2,0.2,-3.272,-0.125
US-2015-142020,2015-06-04,2015-06-08,TC-21535,OFF-PA-10004569,East,30.44,4,0.0,14.3068,0.47000000000000003
US-2015-142020,2015-06-04,2015-06-08,TC-21535,FUR-FU-10000672,East,35.28,3,0.0,11.9952,0.34
CA-2015-139962,2015-12-13,2015-12-20,Dp-13240,OFF-PA-10004451,East,19.44,3,0.0,9.3312,0.48000000000000004
CA-2015-139962,2015-12-13,2015-12-20,Dp-13240,OFF-BI-10004738,East,37.88,2,0.0,18.94,0.5
CA-2016-130050,2016-07-16,2016-07-18,MC-17425,FUR-FU-10001940,Central,9.552,3,0.6,-3.8208,-0.4
CA-2014-115161,2014-01-31,2014-02-02,LC-17050,FUR-BO-10003966,West,290.666,2,0.15,3.4196,0.011764705882352941
CA-2014-165379,2014-07-09,2014-07-15,BM-11650,OFF-PA-10003072,Central,10.368,2,0.2,3.6288,0.35
CA-2014-165379,2014-07-09,2014-07-15,BM-11650,OFF-PA-10002245,Central,14.352,3,0.2,4.485,0.3125
CA-2015-115511,2015-11-21,2015-11-25,NW-18400,FUR-BO-10002598,West,141.96,2,0.0,41.1684,0.29
CA-2015-115511,2015-11-21,2015-11-25,NW-18400,OFF-BI-10002225,West,66.048,4,0.2,23.1168,0.35000000000000003
CA-2016-134887,2016-03-25,2016-03-25,TB-21280,TEC-AC-10003832,Central,1287.45,5,0.0,244.6155,0.19
CA-2017-123778,2017-09-23,2017-09-30,BS-11755,OFF-BI-10000822,West,25.824,6,0.2,9.0384,0.35
CA-2017-123778,2017-09-23,2017-09-30,BS-11755,OFF-AP-10001242,West,160.96,2,0.0,48.288,0.3
CA-2015-161718,2015-12-04,2015-12-10,SO-20335,FUR-FU-10002445,East,28.44,3,0.0,11.376,0.39999999999999997
CA-2015-161718,2015-12-04,2015-12-10,SO-20335,FUR-CH-10002372,East,364.41,5,0.1,8.098,0.022222222222222223
CA-2015-161718,2015-12-04,2015-12-10,SO-20335,TEC-PH-10000376,East,39.96,4,0.0,10.3896,0.26
CA-2015-161718,2015-12-04,2015-12-10,SO-20335,FUR-CH-10002965,East,361.764,2,0.1,68.3332,0.18888888888888888
CA-2016-100671,2016-11-01,2016-11-04,CS-12490,OFF-ST-10004950,Central,111.672,9,0.2,6.9795,0.0625
CA-2017-142867,2017-03-17,2017-03-21,PO-19180,OFF-BI-10003166,Central,13.776,6,0.8,-22.0416,-1.5999999999999999
CA-2017-142867,2017-03-17,2017-03-21,PO-19180,OFF-PA-10004610,Central,10.272,3,0.2,3.21,0.3125
CA-2017-103156,2017-11-23,2017-11-24,TD-20995,FUR-FU-10000320,East,24.048,9,0.2,7.2144,0.30000000000000004
US-2017-162208,2017-08-27,2017-08-30,SP-20620,OFF-EN-10004030,South,2.896,1,0.2,0.9774,0.3375
CA-2015-130659,2015-12-04,2015-12-09,MS-17365,OFF-EN-10004147,East,17.94,3,0.0,8.7906,0.48999999999999994
CA-2015-130659,2015-12-04,2015-12-09,MS-17365,FUR-CH-10003535,East,384.174,7,0.1,29.8802,0.07777777777777778
CA-2015-130659,2015-12-04,2015-12-09,MS-17365,TEC-PH-10004586,East,1799.75,5,0.0,539.925,0.3
CA-2017-148404,2017-10-07,2017-10-11,Dp-13240,OFF-ST-10003208,South,580.672,4,0.2,65.3256,0.11249999999999999
CA-2017-148404,2017-10-07,2017-10-11,Dp-13240,OFF-FA-10003112,South,18.936,3,0.2,5.9175,0.3125
CA-2017-148404,2017-10-07,2017-10-11,Dp-13240,TEC-PH-10004447,South,222.384,2,0.2,16.6788,0.075
CA-2017-148404,2017-10-07,2017-10-11,Dp-13240,OFF-BI-10002854,South,50.454,6,0.7,-33.636,-0.6666666666666667
CA-2017-148404,2017-10-07,2017-10-11,Dp-13240,FUR-TA-10001039,South,154.764,3,0.4,-36.1116,-0.23333333333333334
CA-2017-101077,2017-03-25,2017-03-30,DB-13660,OFF-PA-10004239,Central,6.848,2,0.2,2.14,0.3125
CA-2014-166471,2014-08-09,2014-08-13,MG-17650,TEC-PH-10001530,West,1091.168,4,0.2,68.198,0.0625
CA-2014-166471,2014-08-09,2014-08-13,MG-17650,TEC-PH-10000038,West,219.168,2,0.2,-43.8336,-0.19999999999999998
CA-2014-105340,2014-11-22,2014-11-25,EH-14185,OFF-BI-10001765,Central,6.928,1,0.8,-11.0848,-1.5999999999999999
US-2017-131583,2017-06-10,2017-06-10,CL-11890,OFF-PA-10000380,East,40.032,6,0.2,15.012,0.37500000000000006
US-2017-148362,2017-07-01,2017-07-08,KF-16285,OFF-ST-10001128,Central,443.92,4,0.0,13.3176,0.03
US-2017-148362,2017-07-01,2017-07-08,KF-16285,OFF-BI-10003656,Central,169.99,1,0.0,78.1954,0.46
US-2017-148362,2017-07-01,2017-07-08,KF-16285,OFF-PA-10003441,Central,25.92,4,0.0,12.4416,0.4799999999999999
CA-2014-102274,2014-11-21,2014-11-26,DH-13075,TEC-PH-10002923,South,36.99,1,0.0,9.9873,0.26999999999999996
CA-2014-102274,2014-11-21,2014-11-26,DH-13075,OFF-PA-10004359,South,629.1,6,0.0,301.968,0.48000000000000004
CA-2014-102274,2014-11-21,2014-11-26,DH-13075,OFF-ST-10001511,South,193.95,3,0.0,9.6975,0.05
CA-2014-102274,2014-11-21,2014-11-26,DH-13075,OFF-AR-10002833,South,5.46,3,0.0,1.4742,0.27
CA-2015-129700,2015-05-04,2015-05-05,LA-16780,FUR-FU-10001940,Central,22.288,7,0.6,-8.9152,-0.4
CA-2017-168739,2017-05-29,2017-06-05,HZ-14950,FUR-FU-10003919,Central,65.424,4,0.6,-52.3392,-0.7999999999999999
CA-2015-152527,2015-10-17,2015-10-17,CM-12190,OFF-ST-10003479,West,77.88,2,0.0,3.894,0.05
US-2014-150119,2014-04-23,2014-04-27,LB-16795,FUR-CH-10002965,East,281.372,2,0.3,-12.0588,-0.04285714285714286
US-2014-150119,2014-04-23,2014-04-27,LB-16795,OFF-BI-10000145,East,7.488,8,0.7,-5.2416,-0.7
US-2014-150119,2014-04-23,2014-04-27,LB-16795,FUR-FU-10002191,East,22.336,4,0.2,7.8176,0.35000000000000003
US-2017-150847,2017-04-30,2017-05-06,JF-15490,OFF-PA-10004451,East,10.368,2,0.2,3.6288,0.35
CA-2016-100244,2016-09-20,2016-09-24,GM-14695,OFF-PA-10001471,West,65.79,9,0.0,30.2634,0.45999999999999996
CA-2016-100244,2016-09-20,2016-09-24,GM-14695,OFF-BI-10003656,West,271.984,2,0.2,88.3948,0.325
CA-2016-100244,2016-09-20,2016-09-24,GM-14695,OFF-AR-10000940,West,11.76,4,0.0,3.1752,0.26999999999999996
CA-2016-100244,2016-09-20,2016-09-24,GM-14695,OFF-PA-10002319,West,77.52,2,0.0,37.9848,0.49000000000000005
CA-2016-100244,2016-09-20,2016-09-24,GM-14695,OFF-BI-10000977,West,48.64,2,0.2,15.808,0.325
CA-2016-116540,2016-09-02,2016-09-02,SS-20590,OFF-FA-10002676,Central,1.81,1,0.0,0.6516,0.36
CA-2016-116540,2016-09-02,2016-09-02,SS-20590,OFF-BI-10004970,Central,8.26,2,0.0,3.8822,0.47000000000000003
CA-2015-151841,2015-04-27,2015-05-02,TC-21475,OFF-AP-10003971,West,43.56,5,0.2,3.267,0.075
CA-2015-151841,2015-04-27,2015-05-02,TC-21475,OFF-SU-10001574,West,5.84,2,0.2,0.73,0.125
CA-2015-150791,2015-09-06,2015-09-13,CC-12430,FUR-CH-10000665,East,271.764,2,0.1,60.392,0.22222222222222224
CA-2016-134803,2016-05-28,2016-06-03,CL-12565,OFF-AP-10000891,West,262.24,2,0.0,78.672,0.3
CA-2016-134803,2016-05-28,2016-06-03,CL-12565,OFF-PA-10003790,West,182.72,8,0.0,84.0512,0.45999999999999996
CA-2016-134803,2016-05-28,2016-06-03,CL-12565,TEC-AC-10002217,West,131.6,7,0.0,7.896,0.060000000000000005
CA-2016-134803,2016-05-28,2016-06-03,CL-12565,OFF-BI-10002215,West,22.72,4,0.2,7.384,0.325
CA-2016-134803,2016-05-28,2016-06-03,CL-12565,TEC-MA-10001972,West,558.4,2,0.2,41.88,0.07500000000000001
CA-2015-153381,2015-09-24,2015-09-28,DE-13255,OFF-BI-10001525,Central,15.24,4,0.0,6.858,0.44999999999999996
CA-2015-153381,2015-09-24,2015-09-28,DE-13255,FUR-CH-10000988,Central,1408.1,10,0.0,394.268,0.27999999999999997
US-2017-111024,2017-07-03,2017-07-06,SZ-20035,OFF-PA-10000174,East,32.896,4,0.2,11.1024,0.33749999999999997
US-2017-111024,2017-07-03,2017-07-06,SZ-20035,FUR-TA-10002041,East,215.148,2,0.4,-103.9882,-0.4833333333333334
US-2017-111024,2017-07-03,2017-07-06,SZ-20035,OFF-PA-10002246,East,30.96,6,0.2,11.223,0.3625
CA-2017-148264,2017-12-08,2017-12-09,LF-17185,OFF-ST-10003327,West,29.79,3,0.0,8.6391,0.29
CA-2017-148264,2017-12-08,2017-12-09,LF-17185,FUR-FU-10002703,West,128.9,2,0.0,15.468,0.12
CA-2017-148264,2017-12-08,2017-12-09,LF-17185,OFF-PA-10003651,West,60.12,9,0.0,28.8576,0.48000000000000004
CA-2017-131212,2017-12-05,2017-12-09,AB-10165,OFF-BI-10001617,West,24.816,3,0.2,8.3754,0.3375
CA-2017-131212,2017-12-05,2017-12-09,AB-10165,OFF-BI-10000145,West,14.976,6,0.2,5.4288,0.3625
US-2015-100531,2015-09-27,2015-09-29,NM-18520,OFF-BI-10001670,Central,15.08,2,0.8,-22.62,-1.5
US-2015-100531,2015-09-27,2015-09-29,NM-18520,FUR-FU-10003849,Central,24.288,3,0.6,-12.7512,-0.525
CA-2017-152583,2017-10-30,2017-10-30,RA-19945,FUR-FU-10003849,Central,16.192,2,0.6,-8.5008,-0.525
CA-2017-152583,2017-10-30,2017-10-30,RA-19945,FUR-TA-10002041,Central,251.006,2,0.3,-68.1302,-0.27142857142857146
CA-2017-152583,2017-10-30,2017-10-30,RA-19945,OFF-ST-10002214,Central,54.192,6,0.2,4.0644,0.075
CA-2015-144099,2015-11-29,2015-11-30,PO-19195,OFF-BI-10001078,West,4.304,1,0.2,1.5602,0.3625
CA-2014-158337,2014-03-11,2014-03-14,KA-16525,OFF-PA-10002137,East,108.92,14,0.0,49.014,0.45
CA-2017-168858,2017-11-19,2017-11-23,JD-16150,OFF-EN-10001415,East,16.74,3,0.0,8.37,0.5
CA-2017-168858,2017-11-19,2017-11-23,JD-16150,OFF-AP-10003849,East,2504.74,7,0.0,626.185,0.25
CA-2016-116344,2016-07-29,2016-08-02,JO-15145,OFF-ST-10001713,East,84.784,2,0.2,-16.9568,-0.2
CA-2015-131779,2015-06-12,2015-06-17,LE-16810,OFF-ST-10001505,East,29.9,5,0.0,5.083,0.17
CA-2016-158869,2016-08-06,2016-08-07,AH-10690,OFF-PA-10000474,East,70.88,2,0.0,33.3136,0.47000000000000003
CA-2017-102554,2017-06-11,2017-06-15,KN-16705,OFF-AR-10001919,South,3.76,2,0.0,1.0904,0.29000000000000004
CA-2016-162614,2016-10-07,2016-10-13,TB-21250,OFF-BI-10004001,West,27.264,2,0.2,8.8608,0.325
CA-2014-168592,2014-09-08,2014-09-14,DP-13390,OFF-AP-10004785,West,56.65,5,0.0,24.3595,0.43000000000000005
CA-2014-168592,2014-09-08,2014-09-14,DP-13390,OFF-ST-10002406,West,14.97,1,0.0,4.1916,0.28
CA-2014-168592,2014-09-08,2014-09-14,DP-13390,OFF-FA-10002988,West,4.02,2,0.0,1.9698,0.49000000000000005
CA-2014-157609,2014-03-16,2014-03-21,KN-16705,TEC-PH-10002415,South,471.92,2,0.2,29.495,0.0625
CA-2015-153325,2015-03-01,2015-03-02,ST-20530,OFF-BI-10004236,South,58.72,4,0.0,27.0112,0.45999999999999996
CA-2015-153626,2015-07-09,2015-07-14,EB-13870,OFF-AR-10000657,South,5.16,3,0.2,0.8385,0.1625
CA-2016-166485,2016-02-20,2016-02-27,AH-10210,OFF-PA-10004996,South,16.496,2,0.2,5.5674,0.3375
CA-2017-136448,2017-09-16,2017-09-18,AS-10090,TEC-AC-10001109,East,71.976,3,0.2,19.7934,0.27499999999999997
CA-2017-136448,2017-09-16,2017-09-18,AS-10090,FUR-FU-10003832,East,22.512,3,0.2,2.2512,0.09999999999999999
CA-2017-136448,2017-09-16,2017-09-18,AS-10090,OFF-BI-10002393,East,3.444,2,0.7,-2.7552,-0.7999999999999999
CA-2017-136448,2017-09-16,2017-09-18,AS-10090,OFF-BI-10001359,East,538.194,2,0.7,-412.6154,-0.7666666666666667
CA-2017-136448,2017-09-16,2017-09-18,AS-10090,TEC-AC-10003628,East,47.984,2,0.2,14.3952,0.3
CA-2017-114258,2017-11-05,2017-11-10,EM-13825,TEC-PH-10003012,Central,492.768,4,0.2,55.4364,0.1125
CA-2015-152611,2015-02-20,2015-02-23,KA-16525,OFF-AR-10003903,East,286.79,7,0.0,74.5654,0.25999999999999995
CA-2016-165470,2016-11-25,2016-11-30,HJ-14875,OFF-PA-10004675,South,5.08,1,0.2,1.651,0.325
CA-2017-128699,2017-12-03,2017-12-05,ND-18370,TEC-AC-10001990,South,47.992,1,0.2,7.1988,0.15000000000000002
US-2015-147242,2015-09-10,2015-09-14,EH-13765,OFF-AP-10003842,East,61.96,2,0.0,16.1096,0.26
US-2015-147242,2015-09-10,2015-09-14,EH-13765,FUR-BO-10004695,East,361.96,2,0.0,83.2508,0.23
US-2015-147242,2015-09-10,2015-09-14,EH-13765,OFF-PA-10003039,East,278.82,9,0.0,125.469,0.45
CA-2016-146143,2016-12-14,2016-12-19,MC-17845,FUR-FU-10002045,South,133.38,6,0.0,58.6872,0.44
CA-2015-100888,2015-04-06,2015-04-10,MH-17455,OFF-PA-10001019,South,47.952,3,0.2,16.1838,0.3375
US-2016-150035,2016-12-01,2016-12-05,CL-11890,FUR-FU-10003724,West,16.74,2,0.0,4.3524,0.26000000000000006
CA-2017-122644,2017-11-12,2017-11-17,SF-20965,OFF-PA-10003673,East,10.848,2,0.2,3.5256,0.32499999999999996
CA-2017-122644,2017-11-12,2017-11-17,SF-20965,TEC-AC-10003614,East,18.544,2,0.2,3.0134,0.16249999999999998
CA-2017-111815,2017-03-03,2017-03-10,EP-13915,FUR-CH-10000785,Central,180.98,1,0.0,47.0548,0.26
CA-2017-111815,2017-03-03,2017-03-10,EP-13915,TEC-AC-10002926,Central,99.98,2,0.0,42.9914,0.43
CA-2016-144911,2016-11-27,2016-11-30,RW-19630,TEC-AC-10004633,Central,34.95,5,0.0,15.378,0.43999999999999995
CA-2016-144911,2016-11-27,2016-11-30,RW-19630,OFF-BI-10000977,Central,152.0,5,0.0,69.92,0.46
CA-2014-143385,2014-08-31,2014-09-05,SJ-20500,TEC-AC-10001635,West,92.52,9,0.0,18.504,0.2
CA-2016-131289,2016-12-08,2016-12-14,SP-20620,OFF-AR-10003056,West,8.56,2,0.0,2.4824,0.29
CA-2016-131289,2016-12-08,2016-12-14,SP-20620,OFF-PA-10003363,West,45.36,7,0.0,21.7728,0.48
CA-2016-131289,2016-12-08,2016-12-14,SP-20620,FUR-TA-10003954,West,1421.664,6,0.2,-195.4788,-0.1375
CA-2014-124023,2014-04-07,2014-04-10,PJ-19015,FUR-FU-10004415,South,8.96,2,0.0,2.7776,0.31
CA-2014-124688,2014-08-27,2014-08-29,CC-12610,TEC-PH-10000455,South,579.95,5,0.0,168.1855,0.29
CA-2014-124688,2014-08-27,2014-08-29,CC-12610,FUR-FU-10002456,South,29.12,4,0.0,12.5216,0.42999999999999994
CA-2014-124688,2014-08-27,2014-08-29,CC-12610,FUR-TA-10003569,South,1202.94,3,0.0,300.735,0.25
CA-2016-151169,2016-10-21,2016-10-26,MY-18295,OFF-BI-10002813,East,7.92,4,0.0,3.564,0.45
US-2016-134761,2016-11-30,2016-11-30,DB-13210,TEC-PH-10002890,South,36.192,1,0.2,2.7144,0.075
CA-2017-120705,2017-09-05,2017-09-11,MG-17875,OFF-ST-10001522,South,147.184,2,0.2,-29.4368,-0.2
CA-2015-157322,2015-07-02,2015-07-06,RH-19600,FUR-CH-10004086,Central,408.422,2,0.3,-5.8346,-0.014285714285714285
CA-2015-157322,2015-07-02,2015-07-06,RH-19600,FUR-CH-10003774,Central,382.116,6,0.3,-92.7996,-0.24285714285714285
CA-2015-157322,2015-07-02,2015-07-06,RH-19600,OFF-ST-10004507,Central,68.6,5,0.2,6.0025,0.08750000000000001
CA-2015-157322,2015-07-02,2015-07-06,RH-19600,OFF-ST-10003208,Central,435.504,3,0.2,48.9942,0.11249999999999999
CA-2015-157322,2015-07-02,2015-07-06,RH-19600,OFF-PA-10000659,Central,11.168,2,0.2,3.7692,0.3375
CA-2017-142034,2017-09-24,2017-09-28,KB-16240,TEC-AC-10002305,Central,72.0,4,0.0,12.96,0.18000000000000002
CA-2017-142034,2017-09-24,2017-09-28,KB-16240,TEC-AC-10000990,Central,655.9,5,0.0,275.478,0.42000000000000004
CA-2017-142034,2017-09-24,2017-09-28,KB-16240,FUR-CH-10000665,Central,603.92,4,0.0,181.176,0.3
CA-2016-107328,2016-08-08,2016-08-15,CA-12055,FUR-TA-10001932,West,513.024,2,0.2,12.8256,0.024999999999999998
CA-2016-107328,2016-08-08,2016-08-15,CA-12055,OFF-AP-10004487,West,487.92,6,0.0,136.6176,0.28
CA-2016-107328,2016-08-08,2016-08-15,CA-12055,OFF-BI-10002160,West,15.24,5,0.2,5.334,0.35
CA-2016-108616,2016-09-29,2016-10-03,JK-15730,TEC-AC-10000420,South,209.97,3,0.0,71.3898,0.33999999999999997
CA-2016-108616,2016-09-29,2016-10-03,JK-15730,OFF-BI-10001989,South,62.94,3,0.0,30.2112,0.48000000000000004
CA-2016-108616,2016-09-29,2016-10-03,JK-15730,OFF-AR-10001149,South,25.92,9,0.0,7.776,0.3
CA-2017-125115,2017-04-10,2017-04-10,RD-19930,OFF-PA-10004101,Central,10.368,2,0.2,3.6288,0.35
CA-2017-125115,2017-04-10,2017-04-10,RD-19930,TEC-AC-10001714,Central,95.736,3,0.2,20.3439,0.2125
CA-2016-150945,2016-12-18,2016-12-20,JK-16120,OFF-ST-10003716,East,900.08,4,0.0,117.0104,0.13
CA-2014-166863,2014-06-20,2014-06-24,SC-20020,TEC-PH-10000369,Central,201.584,2,0.2,20.1584,0.1
CA-2014-166863,2014-06-20,2014-06-24,SC-20020,OFF-BI-10000756,Central,3.392,4,0.8,-5.088,-1.5
CA-2014-166863,2014-06-20,2014-06-24,SC-20020,FUR-BO-10001608,Central,193.0656,4,0.32,-19.8744,-0.10294117647058824
CA-2014-166863,2014-06-20,2014-06-24,SC-20020,OFF-PA-10001166,Central,15.552,3,0.2,5.4432,0.35000000000000003
CA-2014-166863,2014-06-20,2014-06-24,SC-20020,OFF-PA-10000587,Central,11.648,2,0.2,4.0768,0.35000000000000003
CA-2014-166863,2014-06-20,2014-06-24,SC-20020,TEC-MA-10001972,Central,418.8,2,0.4,-97.72,-0.23333333333333334
CA-2014-166863,2014-06-20,2014-06-24,SC-20020,OFF-ST-10004123,Central,509.488,7,0.2,-127.372,-0.25
CA-2017-140326,2017-09-04,2017-09-06,HW-14935,FUR-BO-10000112,Central,825.174,9,0.3,-117.882,-0.14285714285714288
CA-2017-140326,2017-09-04,2017-09-06,HW-14935,OFF-PA-10004041,Central,17.76,3,0.2,5.55,0.31249999999999994
CA-2017-140326,2017-09-04,2017-09-06,HW-14935,OFF-AR-10001149,Central,6.912,3,0.2,0.864,0.125
CA-2016-168536,2016-12-20,2016-12-24,SC-20800,TEC-AC-10002323,South,66.3,3,0.0,8.619,0.13
US-2016-113649,2016-08-09,2016-08-12,HA-14920,OFF-PA-10000130,South,30.816,9,0.2,9.63,0.31250000000000006
US-2016-113649,2016-08-09,2016-08-12,HA-14920,TEC-PH-10002350,South,44.784,2,0.2,4.4784,0.09999999999999999
US-2016-113649,2016-08-09,2016-08-12,HA-14920,OFF-AP-10002518,South,569.536,4,0.2,64.0728,0.11250000000000002
CA-2015-124975,2015-06-22,2015-06-25,MG-17875,FUR-TA-10002645,Central,796.425,7,0.5,-525.6405,-0.66
CA-2015-168767,2015-04-10,2015-04-15,DM-12955,OFF-BI-10000773,West,12.832,2,0.2,4.3308,0.33749999999999997
CA-2016-114482,2016-11-21,2016-11-25,DM-13345,OFF-PA-10003845,Central,40.46,7,0.0,19.8254,0.48999999999999994
CA-2016-114482,2016-11-21,2016-11-25,DM-13345,TEC-PH-10001580,Central,404.94,3,0.0,109.3338,0.27
CA-2016-137673,2016-09-05,2016-09-10,ML-17395,TEC-AC-10002345,West,116.0,8,0.0,29.0,0.25
CA-2016-132731,2016-11-24,2016-11-28,GA-14515,TEC-PH-10004120,Central,657.552,6,0.2,49.3164,0.075
CA-2017-148922,2017-12-10,2017-12-15,SU-20665,TEC-AC-10001838,South,599.97,3,0.0,257.9871,0.43
CA-2017-148922,2017-12-10,2017-12-15,SU-20665,TEC-PH-10000148,South,38.97,3,0.0,0.7794,0.02
CA-2017-148922,2017-12-10,2017-12-15,SU-20665,OFF-BI-10003476,South,45.84,8,0.0,22.0032,0.48
CA-2016-130680,2016-06-24,2016-06-29,BD-11320,TEC-PH-10004833,West,38.24,4,0.2,-9.56,-0.25
CA-2015-141145,2015-09-17,2015-09-23,DB-13405,TEC-AC-10001465,South,87.168,3,0.2,10.896,0.125
US-2016-152835,2016-05-19,2016-05-23,RP-19855,OFF-AR-10003056,Central,21.4,5,0.0,6.206,0.29000000000000004
CA-2016-155565,2016-05-28,2016-05-28,EH-13765,OFF-SU-10001218,East,54.9,5,0.0,15.372,0.28
CA-2014-110849,2014-04-18,2014-04-23,JL-15835,TEC-MA-10002859,West,287.968,4,0.2,97.1892,0.33749999999999997
CA-2014-110849,2014-04-18,2014-04-23,JL-15835,OFF-AR-10002375,West,13.12,4,0.0,3.8048,0.29000000000000004
CA-2014-110849,2014-04-18,2014-04-23,JL-15835,OFF-AR-10000657,West,10.75,5,0.0,3.5475,0.33
CA-2014-110849,2014-04-18,2014-04-23,JL-15835,OFF-FA-10000134,West,11.62,2,0.0,3.6022,0.31
CA-2016-145842,2016-06-17,2016-06-20,FM-14380,OFF-ST-10000419,East,40.74,3,0.0,0.4074,0.009999999999999998
CA-2014-158771,2014-05-09,2014-05-09,SB-20290,OFF-ST-10000107,South,83.25,3,0.0,14.985,0.18
CA-2014-158771,2014-05-09,2014-05-09,SB-20290,OFF-LA-10001641,South,9.45,3,0.0,4.536,0.48
CA-2014-158771,2014-05-09,2014-05-09,SB-20290,OFF-LA-10003121,South,20.65,5,0.0,9.499,0.4600000000000001
CA-2014-158771,2014-05-09,2014-05-09,SB-20290,OFF-PA-10002689,South,45.36,7,0.0,21.7728,0.48
CA-2016-157511,2016-09-18,2016-09-20,SV-20365,FUR-FU-10002107,East,5.352,3,0.2,1.6056,0.3
CA-2016-157511,2016-09-18,2016-09-20,SV-20365,FUR-CH-10002647,East,99.372,2,0.3,-7.098,-0.07142857142857142
CA-2016-157511,2016-09-18,2016-09-20,SV-20365,OFF-AR-10002257,East,2.672,1,0.2,0.3674,0.13749999999999998
CA-2017-121216,2017-12-23,2017-12-25,MM-17920,OFF-PA-10004519,Central,28.672,8,0.2,10.3936,0.3625
CA-2017-121216,2017-12-23,2017-12-25,MM-17920,OFF-AP-10001947,Central,29.312,8,0.8,-74.7456,-2.55
CA-2017-155292,2017-10-30,2017-11-01,RD-19810,OFF-ST-10004963,South,105.98,7,0.0,4.2392,0.04
CA-2017-155292,2017-10-30,2017-11-01,RD-19810,OFF-SU-10002573,South,35.06,2,0.0,10.518,0.3
CA-2017-155292,2017-10-30,2017-11-01,RD-19810,FUR-CH-10000553,South,33.94,1,0.0,9.1638,0.27
CA-2017-155292,2017-10-30,2017-11-01,RD-19810,OFF-LA-10001982,South,30.0,8,0.0,14.4,0.48000000000000004
CA-2016-152555,2016-03-29,2016-04-02,ME-17320,OFF-PA-10001295,Central,45.528,3,0.2,15.9348,0.35
CA-2016-152555,2016-03-29,2016-04-02,ME-17320,FUR-CH-10002965,Central,844.116,6,0.3,-36.1764,-0.04285714285714286
CA-2016-152555,2016-03-29,2016-04-02,ME-17320,TEC-PH-10001254,Central,812.736,8,0.2,60.9552,0.075
CA-2017-107832,2017-11-23,2017-11-26,FH-14275,OFF-BI-10001658,East,7.476,1,0.7,-5.9808,-0.8
CA-2014-120838,2014-03-23,2014-03-26,PO-18865,OFF-ST-10000585,West,330.4,2,0.0,85.904,0.26
CA-2014-120838,2014-03-23,2014-03-26,PO-18865,TEC-PH-10003484,West,604.752,6,0.2,37.797,0.0625
CA-2017-118542,2017-12-01,2017-12-05,CC-12550,OFF-PA-10004735,West,45.36,7,0.0,21.7728,0.48
CA-2017-118542,2017-12-01,2017-12-05,CC-12550,OFF-BI-10003429,West,10.128,2,0.2,3.6714,0.36250000000000004
CA-2017-152737,2017-11-07,2017-11-12,TS-21505,OFF-BI-10002982,West,21.792,4,0.2,7.6272,0.35
CA-2017-152737,2017-11-07,2017-11-12,TS-21505,TEC-AC-10004975,West,439.8,4,0.0,145.134,0.32999999999999996
CA-2017-109757,2017-09-04,2017-09-09,MD-17350,OFF-AR-10002335,East,8.256,4,0.2,0.6192,0.075
CA-2017-109757,2017-09-04,2017-09-09,MD-17350,OFF-BI-10004001,East,25.56,5,0.7,-20.448,-0.8
CA-2017-109757,2017-09-04,2017-09-09,MD-17350,OFF-BI-10001634,East,4.368,2,0.7,-3.0576,-0.7
CA-2017-109757,2017-09-04,2017-09-09,MD-17350,OFF-PA-10000007,East,11.52,4,0.2,3.744,0.325
CA-2016-130029,2016-07-03,2016-07-06,GT-14755,OFF-PA-10000552,West,12.96,2,0.0,6.2208,0.4799999999999999
CA-2016-130029,2016-07-03,2016-07-06,GT-14755,OFF-FA-10001135,West,3.96,2,0.0,0.0792,0.02
CA-2017-103877,2017-09-07,2017-09-14,RD-19660,OFF-BI-10003650,Central,1577.94,3,0.0,757.4112,0.48
CA-2016-137176,2016-09-09,2016-09-14,DB-12910,FUR-FU-10003832,Central,15.008,4,0.6,-12.0064,-0.8
CA-2017-168109,2017-07-03,2017-07-03,JK-15640,TEC-AC-10003628,West,59.98,2,0.0,26.3912,0.44000000000000006
CA-2017-168109,2017-07-03,2017-07-03,JK-15640,TEC-MA-10001148,West,2395.2,6,0.2,209.58,0.08750000000000001
CA-2017-168109,2017-07-03,2017-07-03,JK-15640,TEC-AC-10002049,West,1687.8,4,0.0,742.632,0.44
CA-2017-168109,2017-07-03,2017-07-03,JK-15640,TEC-PH-10000702,West,7.992,1,0.2,2.6973,0.33749999999999997
US-2017-126081,2017-06-29,2017-07-04,FC-14335,OFF-PA-10003953,Central,5.184,1,0.2,1.8144,0.35
CA-2017-117023,2017-08-07,2017-08-12,JW-15955,OFF-AR-10003602,East,11.68,2,0.0,5.4896,0.47000000000000003
CA-2017-117023,2017-08-07,2017-08-12,JW-15955,OFF-AR-10004062,East,104.8,10,0.0,26.2,0.25
CA-2015-143532,2015-03-19,2015-03-24,DC-12850,OFF-PA-10001560,South,14.496,3,0.2,4.8924,0.3375
CA-2016-103163,2016-06-07,2016-06-11,FM-14290,OFF-BI-10003305,West,4.784,1,0.2,1.5548,0.325
CA-2016-103163,2016-06-07,2016-06-11,FM-14290,OFF-PA-10004000,West,4.73,1,0.0,2.3177,0.48999999999999994
CA-2016-104157,2016-07-25,2016-07-29,MT-17815,OFF-ST-10000321,South,7.89,1,0.0,0.3156,0.04
CA-2016-104157,2016-07-25,2016-07-29,MT-17815,OFF-PA-10004665,South,65.5,5,0.0,32.095,0.49
CA-2016-104157,2016-07-25,2016-07-29,MT-17815,FUR-TA-10004915,South,2430.08,8,0.0,388.8128,0.16
CA-2017-117807,2017-10-01,2017-10-07,DK-13090,OFF-PA-10000994,Central,104.85,1,0.0,50.328,0.48000000000000004
CA-2015-121650,2015-12-10,2015-12-16,KD-16495,OFF-AR-10001149,Central,3.9,2,0.0,1.521,0.38999999999999996
CA-2015-121650,2015-12-10,2015-12-16,KD-16495,FUR-TA-10003569,Central,801.96,2,0.0,200.49,0.25
CA-2015-121650,2015-12-10,2015-12-16,KD-16495,FUR-CH-10004289,Central,191.96,2,0.0,32.6332,0.17
CA-2015-121650,2015-12-10,2015-12-16,KD-16495,OFF-LA-10001045,Central,2.61,1,0.0,1.2006,0.45999999999999996
CA-2017-161823,2017-09-03,2017-09-08,AG-10300,OFF-AR-10002053,West,5.96,2,0.0,1.6688,0.28
CA-2017-121839,2017-09-24,2017-09-28,MH-18115,TEC-PH-10002885,East,1169.694,3,0.4,-253.4337,-0.21666666666666667
CA-2017-158729,2017-12-19,2017-12-21,AC-10450,OFF-SU-10002881,South,1665.62,2,0.0,33.3124,0.02
CA-2017-146535,2017-11-24,2017-11-30,FM-14290,OFF-BI-10000546,South,2.88,1,0.0,1.4112,0.49000000000000005
CA-2017-146535,2017-11-24,2017-11-30,FM-14290,OFF-ST-10001526,South,1443.96,12,0.0,375.4296,0.26
CA-2014-154186,2014-12-13,2014-12-15,RA-19285,OFF-SU-10001574,Central,2.92,1,0.2,0.365,0.125
CA-2016-108434,2016-12-05,2016-12-07,JG-15160,OFF-ST-10002615,East,465.18,3,0.0,120.9468,0.26
CA-2016-164154,2016-09-11,2016-09-17,NZ-18565,OFF-BI-10001658,East,22.428,3,0.7,-17.9424,-0.7999999999999999
CA-2016-164154,2016-09-11,2016-09-17,NZ-18565,OFF-ST-10002562,East,37.52,5,0.2,3.752,0.09999999999999999
CA-2017-148012,2017-12-09,2017-12-15,KM-16225,OFF-AR-10004757,East,2.624,1,0.2,0.4264,0.1625
CA-2014-102869,2014-09-09,2014-09-14,LC-17140,OFF-PA-10000788,East,15.552,3,0.2,5.4432,0.35000000000000003
CA-2014-102869,2014-09-09,2014-09-14,LC-17140,TEC-AC-10002134,East,64.704,6,0.2,-4.8528,-0.07500000000000001
CA-2014-102869,2014-09-09,2014-09-14,LC-17140,FUR-FU-10002456,East,17.472,3,0.2,5.0232,0.2875
CA-2014-102869,2014-09-09,2014-09-14,LC-17140,TEC-PH-10002549,East,135.516,1,0.4,-31.6204,-0.23333333333333334
CA-2017-138310,2017-06-26,2017-06-30,NP-18700,TEC-AC-10001990,West,431.928,9,0.2,64.7892,0.15
CA-2014-159835,2014-11-17,2014-11-24,RB-19330,OFF-PA-10002137,East,12.448,2,0.2,3.89,0.3125
CA-2014-159835,2014-11-17,2014-11-24,RB-19330,FUR-CH-10004997,East,657.93,5,0.3,-93.99,-0.14285714285714285
CA-2017-112956,2017-08-21,2017-08-27,TH-21550,OFF-PA-10000357,East,277.4,5,0.0,133.152,0.48
CA-2017-112956,2017-08-21,2017-08-27,TH-21550,FUR-FU-10003976,East,25.16,2,0.0,8.5544,0.33999999999999997
CA-2017-112956,2017-08-21,2017-08-27,TH-21550,FUR-FU-10004960,East,91.92,4,0.0,31.2528,0.34
CA-2016-119683,2016-03-12,2016-03-16,CK-12595,OFF-EN-10001099,East,29.34,3,0.0,13.4964,0.45999999999999996
CA-2014-163559,2014-09-23,2014-09-28,ST-20530,OFF-BI-10002026,East,139.44,3,0.2,47.061,0.3375
CA-2014-140228,2014-04-28,2014-05-03,GB-14530,OFF-LA-10001613,East,6.912,3,0.2,2.5056,0.3625
CA-2014-140228,2014-04-28,2014-05-03,GB-14530,OFF-ST-10002214,East,27.096,3,0.2,2.0322,0.075
CA-2014-140228,2014-04-28,2014-05-03,GB-14530,OFF-ST-10001128,East,177.568,2,0.2,-37.7332,-0.21249999999999997
US-2016-131674,2016-11-29,2016-12-01,NC-18535,TEC-AC-10004864,Central,58.416,2,0.2,16.7946,0.2875
CA-2015-110093,2015-12-03,2015-12-08,AB-10255,OFF-PA-10000174,East,16.448,2,0.2,5.5512,0.33749999999999997
CA-2015-110093,2015-12-03,2015-12-08,AB-10255,TEC-AC-10000171,East,36.784,2,0.2,10.5754,0.28750000000000003
CA-2017-112529,2017-11-19,2017-11-21,SC-20770,FUR-TA-10002622,Central,718.116,6,0.3,-71.8116,-0.1
CA-2017-112529,2017-11-19,2017-11-21,SC-20770,OFF-AR-10001915,Central,31.776,4,0.2,8.7384,0.275
CA-2016-154536,2016-09-05,2016-09-09,JC-15340,OFF-BI-10004410,East,9.555,5,0.7,-7.3255,-0.7666666666666667
CA-2017-141929,2017-09-04,2017-09-08,RA-19285,OFF-BI-10004632,West,487.984,2,0.2,152.495,0.3125
CA-2017-141929,2017-09-04,2017-09-08,RA-19285,TEC-PH-10002185,West,5.56,1,0.2,1.7375,0.31250000000000006
CA-2017-141929,2017-09-04,2017-09-08,RA-19285,OFF-ST-10002974,West,217.85,5,0.0,65.355,0.30000000000000004
CA-2016-109743,2016-09-22,2016-09-29,SH-19975,OFF-AR-10003727,South,40.776,3,0.2,4.5873,0.11249999999999999
CA-2016-109743,2016-09-22,2016-09-29,SH-19975,TEC-PH-10004071,South,63.936,8,0.2,5.5944,0.08750000000000001
CA-2014-159184,2014-09-14,2014-09-19,JC-15775,FUR-FU-10002878,South,142.4,5,0.0,52.688,0.37
CA-2014-159184,2014-09-14,2014-09-19,JC-15775,OFF-BI-10001890,South,7.16,2,0.0,3.4368,0.48
CA-2017-113530,2017-05-19,2017-05-21,BC-11125,FUR-CH-10002647,West,681.408,12,0.2,42.588,0.0625
CA-2017-113530,2017-05-19,2017-05-21,BC-11125,OFF-AR-10001315,West,3.52,2,0.0,1.0208,0.29
CA-2017-113530,2017-05-19,2017-05-21,BC-11125,OFF-AR-10000122,West,5.58,1,0.0,1.395,0.25
CA-2017-113530,2017-05-19,2017-05-21,BC-11125,TEC-AC-10001465,West,36.32,1,0.0,10.896,0.30000000000000004
CA-2014-169726,2014-08-09,2014-08-13,JH-15985,OFF-BI-10004600,West,2060.744,7,0.2,643.9825,0.31249999999999994
CA-2017-155957,2017-11-26,2017-11-30,CC-12610,OFF-AP-10002082,East,52.272,3,0.2,9.801,0.1875
CA-2017-155957,2017-11-26,2017-11-30,CC-12610,OFF-AP-10004708,East,213.136,7,0.2,23.9778,0.11249999999999999
CA-2017-132178,2017-05-03,2017-05-08,DB-12970,OFF-ST-10000464,West,69.52,2,0.0,19.4656,0.27999999999999997
CA-2017-132178,2017-05-03,2017-05-08,DB-12970,OFF-ST-10000025,West,763.44,8,0.0,45.8064,0.05999999999999999
CA-2016-145177,2016-11-10,2016-11-14,PP-18955,OFF-LA-10001613,East,9.216,4,0.2,3.3408,0.36250000000000004
CA-2016-145177,2016-11-10,2016-11-14,PP-18955,TEC-PH-10000376,East,41.958,7,0.4,-9.7902,-0.23333333333333336
CA-2016-145177,2016-11-10,2016-11-14,PP-18955,OFF-PA-10004039,East,89.568,2,0.2,32.4684,0.36250000000000004
CA-2016-145177,2016-11-10,2016-11-14,PP-18955,OFF-PA-10001776,East,22.248,3,0.2,7.5087,0.33749999999999997
CA-2016-145177,2016-11-10,2016-11-14,PP-18955,OFF-AP-10002457,East,334.88,4,0.2,29.302,0.0875
CA-2016-145177,2016-11-10,2016-11-14,PP-18955,FUR-FU-10000758,East,148.288,7,0.2,29.6576,0.19999999999999998
CA-2016-145177,2016-11-10,2016-11-14,PP-18955,OFF-PA-10000682,East,4.624,1,0.2,1.6762,0.3625
CA-2016-145177,2016-11-10,2016-11-14,PP-18955,TEC-AC-10002550,East,178.92,7,0.2,-29.0745,-0.1625
CA-2016-145177,2016-11-10,2016-11-14,PP-18955,OFF-BI-10002082,East,69.888,7,0.7,-46.592,-0.6666666666666666
CA-2014-156594,2014-12-20,2014-12-23,MC-17845,OFF-BI-10004632,West,487.984,2,0.2,152.495,0.3125
CA-2014-156594,2014-12-20,2014-12-23,MC-17845,OFF-AR-10001725,West,47.3,2,0.0,12.298,0.26
CA-2014-156594,2014-12-20,2014-12-23,MC-17845,OFF-AR-10004269,West,4.13,1,0.0,1.1564,0.28
CA-2014-156594,2014-12-20,2014-12-23,MC-17845,OFF-BI-10003007,West,155.12,5,0.2,50.414,0.325
CA-2014-146528,2014-07-25,2014-07-27,VF-21715,OFF-PA-10002195,West,6.48,1,0.0,3.1752,0.48999999999999994
CA-2014-146528,2014-07-25,2014-07-27,VF-21715,OFF-SU-10002522,West,15.52,4,0.0,4.5008,0.29
CA-2015-168459,2015-11-22,2015-11-27,MC-17275,OFF-BI-10003712,South,2.946,2,0.7,-2.0622,-0.6999999999999998
CA-2015-168459,2015-11-22,2015-11-27,MC-17275,OFF-FA-10004854,South,55.104,6,0.2,18.5976,0.3375
CA-2017-109960,2017-12-09,2017-12-11,DB-13210,TEC-AC-10004859,Central,104.88,6,0.0,41.952,0.4
CA-2017-109960,2017-12-09,2017-12-11,DB-13210,OFF-AR-10001860,Central,34.7,5,0.0,12.492,0.36
CA-2017-109960,2017-12-09,2017-12-11,DB-13210,OFF-BI-10001636,Central,33.72,4,0.0,15.5112,0.46
CA-2017-109960,2017-12-09,2017-12-11,DB-13210,OFF-PA-10000349,Central,14.94,3,0.0,7.0218,0.47000000000000003
CA-2017-133004,2017-08-31,2017-09-05,AJ-10945,OFF-AP-10002439,Central,638.73,9,0.0,166.0698,0.25999999999999995
CA-2017-168102,2017-04-24,2017-04-30,CP-12340,OFF-ST-10001370,South,113.568,2,0.2,-21.294,-0.1875
CA-2017-158036,2017-09-08,2017-09-14,DB-13555,TEC-AC-10002558,East,9.096,1,0.2,1.7055,0.1875
CA-2015-128083,2015-03-12,2015-03-17,EB-13750,OFF-EN-10004030,South,8.688,3,0.2,2.9322,0.33749999999999997
CA-2015-128083,2015-03-12,2015-03-17,EB-13750,FUR-FU-10003194,South,30.88,4,0.2,3.86,0.125
CA-2015-128083,2015-03-12,2015-03-17,EB-13750,FUR-FU-10001731,South,6.408,3,0.2,1.4418,0.22499999999999998
CA-2016-161676,2016-07-18,2016-07-23,JP-15460,OFF-SU-10004782,West,33.8,5,0.2,4.225,0.125
CA-2016-155005,2016-06-13,2016-06-15,SC-20050,TEC-PH-10003484,Central,377.97,3,0.0,94.4925,0.25
US-2017-129777,2017-07-03,2017-07-09,FM-14290,TEC-AC-10003590,East,258.9,10,0.0,93.204,0.36
US-2017-129777,2017-07-03,2017-07-09,FM-14290,OFF-PA-10001970,East,24.56,2,0.0,11.5432,0.47000000000000003
CA-2014-129364,2014-12-08,2014-12-13,TB-21250,OFF-LA-10001569,West,27.888,7,0.2,9.0636,0.32499999999999996
CA-2014-129364,2014-12-08,2014-12-13,TB-21250,OFF-BI-10001132,West,6.456,4,0.7,-4.5192,-0.7
CA-2014-129364,2014-12-08,2014-12-13,TB-21250,TEC-PH-10003095,West,52.68,3,0.2,19.755,0.375
CA-2014-129364,2014-12-08,2014-12-13,TB-21250,OFF-SU-10000432,West,13.88,5,0.2,-2.6025,-0.1875
CA-2014-129364,2014-12-08,2014-12-13,TB-21250,TEC-AC-10004227,West,103.92,10,0.2,-18.186,-0.175
CA-2014-129364,2014-12-08,2014-12-13,TB-21250,OFF-LA-10004409,West,11.52,5,0.2,3.744,0.325
CA-2014-129364,2014-12-08,2014-12-13,TB-21250,OFF-PA-10001569,West,10.368,2,0.2,3.6288,0.35
CA-2014-129364,2014-12-08,2014-12-13,TB-21250,OFF-ST-10001031,West,39.072,3,0.2,2.9304,0.075
CA-2016-104969,2016-04-08,2016-04-14,EH-14125,OFF-EN-10002312,East,8.872,1,0.2,3.2161,0.3625
CA-2016-104969,2016-04-08,2016-04-14,EH-14125,OFF-BI-10004224,East,121.104,6,0.7,-100.92,-0.8333333333333334
CA-2017-154109,2017-11-06,2017-11-11,ML-17410,FUR-CH-10003774,East,127.372,2,0.3,-30.9332,-0.24285714285714285
CA-2017-154109,2017-11-06,2017-11-11,ML-17410,OFF-PA-10000157,East,47.952,3,0.2,16.1838,0.3375
CA-2015-156440,2015-12-05,2015-12-09,MH-17620,FUR-FU-10004090,West,44.46,2,0.0,14.6718,0.32999999999999996
CA-2015-132626,2015-07-09,2015-07-14,BT-11680,OFF-FA-10002763,East,15.8,4,0.0,5.056,0.32
CA-2015-132626,2015-07-09,2015-07-14,BT-11680,TEC-MA-10002428,East,464.97,3,0.0,209.2365,0.45
CA-2015-132626,2015-07-09,2015-07-14,BT-11680,FUR-FU-10002918,East,181.96,2,0.0,20.0156,0.10999999999999999
CA-2015-132626,2015-07-09,2015-07-14,BT-11680,OFF-LA-10000476,East,12.39,3,0.0,5.6994,0.45999999999999996
CA-2015-132626,2015-07-09,2015-07-14,BT-11680,OFF-BI-10002854,East,84.09,3,0.0,42.045,0.5
CA-2015-132626,2015-07-09,2015-07-14,BT-11680,OFF-AR-10002987,East,79.36,4,0.0,32.5376,0.41
CA-2015-132626,2015-07-09,2015-07-14,BT-11680,OFF-BI-10004001,East,153.36,9,0.0,70.5456,0.4599999999999999
CA-2015-132626,2015-07-09,2015-07-14,BT-11680,OFF-BI-10001634,East,43.68,6,0.0,21.4032,0.48999999999999994
CA-2015-132626,2015-07-09,2015-07-14,BT-11680,OFF-ST-10003722,East,98.21,7,0.0,28.4809,0.29
CA-2016-102792,2016-12-13,2016-12-19,JC-15340,OFF-AR-10004757,West,9.84,3,0.0,3.2472,0.33
CA-2016-108567,2016-05-20,2016-05-24,DB-13210,OFF-BI-10004140,South,2.694,2,0.7,-2.245,-0.8333333333333334
CA-2017-140760,2017-06-02,2017-06-05,DO-13435,OFF-PA-10002479,West,25.344,6,0.2,7.92,0.3125
CA-2017-140760,2017-06-02,2017-06-05,DO-13435,OFF-EN-10001141,West,43.92,5,0.2,15.921,0.3625
US-2015-131359,2015-10-30,2015-11-02,FA-14230,TEC-MA-10000597,West,59.994,2,0.7,-45.9954,-0.7666666666666666
US-2015-131359,2015-10-30,2015-11-02,FA-14230,TEC-CO-10001571,West,439.992,1,0.2,164.997,0.375
US-2015-131359,2015-10-30,2015-11-02,FA-14230,TEC-PH-10004531,West,87.96,5,0.2,30.786,0.35000000000000003
US-2015-131359,2015-10-30,2015-11-02,FA-14230,FUR-FU-10003026,West,15.488,4,0.2,3.6784,0.2375
CA-2016-142097,2016-10-15,2016-10-20,QJ-19255,OFF-BI-10002082,South,232.96,7,0.0,116.48,0.5
CA-2016-142097,2016-10-15,2016-10-20,QJ-19255,OFF-EN-10002312,South,66.54,6,0.0,32.6046,0.48999999999999994
CA-2016-142097,2016-10-15,2016-10-20,QJ-19255,OFF-AP-10000696,South,43.26,3,0.0,14.2758,0.33
CA-2015-151680,2015-11-19,2015-11-21,TC-21475,FUR-FU-10000305,West,141.96,2,0.0,22.7136,0.15999999999999998
CA-2014-140039,2014-09-13,2014-09-17,ON-18715,OFF-ST-10001034,West,79.4,5,0.2,5.955,0.075
CA-2017-160416,2017-11-13,2017-11-18,AD-10180,TEC-AC-10004114,East,163.96,4,0.0,70.5028,0.42999999999999994
CA-2017-169411,2017-12-24,2017-12-29,AC-10615,FUR-FU-10001602,East,37.93,1,0.0,6.8274,0.18
CA-2016-126543,2016-01-09,2016-01-13,MF-17665,FUR-FU-10002445,East,15.168,2,0.2,3.792,0.25
CA-2015-104941,2015-06-13,2015-06-19,DH-13075,OFF-AR-10004269,South,24.78,6,0.0,6.9384,0.27999999999999997
CA-2015-104941,2015-06-13,2015-06-19,DH-13075,OFF-BI-10001249,South,19.14,3,0.0,8.8044,0.45999999999999996
CA-2015-104941,2015-06-13,2015-06-19,DH-13075,TEC-CO-10004202,South,899.97,3,0.0,314.9895,0.35000000000000003
CA-2015-104941,2015-06-13,2015-06-19,DH-13075,OFF-PA-10003363,South,32.4,5,0.0,15.552,0.48
CA-2017-160087,2017-03-18,2017-03-22,EN-13780,OFF-AR-10001915,Central,23.832,3,0.2,6.5538,0.27499999999999997
CA-2014-120544,2014-11-23,2014-11-27,SS-20140,FUR-FU-10001940,Central,6.368,2,0.6,-2.5472,-0.4
CA-2014-120544,2014-11-23,2014-11-27,SS-20140,OFF-AP-10004336,Central,34.176,3,0.8,-87.1488,-2.55
CA-2014-120544,2014-11-23,2014-11-27,SS-20140,TEC-AC-10003709,Central,5.544,7,0.2,1.6632,0.30000000000000004
CA-2017-113670,2017-10-15,2017-10-17,RS-19765,FUR-TA-10001705,West,510.24,3,0.2,6.378,0.0125
CA-2017-113670,2017-10-15,2017-10-17,RS-19765,OFF-PA-10000675,West,204.95,5,0.0,100.4255,0.49000000000000005
CA-2017-166198,2017-04-21,2017-04-24,JW-15955,TEC-AC-10000521,West,11.54,1,0.0,3.462,0.30000000000000004
CA-2017-166198,2017-04-21,2017-04-24,JW-15955,FUR-FU-10004622,West,162.6,3,0.0,34.146,0.21000000000000002
CA-2014-135608,2014-12-08,2014-12-10,JK-15625,OFF-PA-10001954,West,45.68,2,0.0,21.0128,0.45999999999999996
CA-2014-135608,2014-12-08,2014-12-10,JK-15625,FUR-CH-10002602,West,603.92,5,0.2,45.294,0.075
CA-2017-144568,2017-05-29,2017-06-02,JO-15550,OFF-FA-10004395,Central,23.55,5,0.0,1.1775,0.049999999999999996
CA-2016-142370,2016-09-19,2016-09-23,TP-21130,OFF-SU-10003002,South,5.04,2,0.0,0.1512,0.03
CA-2016-142370,2016-09-19,2016-09-23,TP-21130,TEC-AC-10002926,South,249.95,5,0.0,107.4785,0.43
CA-2016-105900,2016-09-17,2016-09-23,BS-11590,OFF-AR-10002656,Central,33.4,5,0.0,12.358,0.37000000000000005
CA-2016-151155,2016-12-20,2016-12-24,AB-10255,FUR-FU-10001918,South,18.92,4,0.0,7.3788,0.38999999999999996
CA-2016-151155,2016-12-20,2016-12-24,AB-10255,OFF-BI-10003910,South,15.42,2,0.0,6.939,0.45
CA-2017-144036,2017-11-22,2017-11-26,FO-14305,OFF-AR-10000122,Central,35.712,8,0.2,2.232,0.0625
US-2014-169789,2014-12-30,2015-01-04,MF-17665,OFF-BI-10004600,West,551.985,5,0.7,-459.9875,-0.8333333333333334
CA-2017-127264,2017-04-03,2017-04-05,SA-20830,OFF-AR-10003045,Central,7.056,3,0.2,2.205,0.3125
CA-2016-151512,2016-12-26,2017-01-02,SH-19975,OFF-AP-10000252,West,18.72,2,0.2,3.51,0.1875
CA-2016-165169,2016-06-05,2016-06-11,JL-15235,OFF-ST-10001496,East,360.38,2,0.0,93.6988,0.26
CA-2016-165169,2016-06-05,2016-06-11,JL-15235,OFF-AR-10000122,East,11.16,2,0.0,2.79,0.25
CA-2016-165169,2016-06-05,2016-06-11,JL-15235,OFF-LA-10000407,East,14.94,3,0.0,6.8724,0.46
CA-2015-109575,2015-09-18,2015-09-23,KH-16630,OFF-ST-10004950,East,41.96,2,0.0,7.9724,0.19
CA-2015-109575,2015-09-18,2015-09-23,KH-16630,OFF-ST-10004123,East,636.86,7,0.0,0.0,0.0
CA-2015-109575,2015-09-18,2015-09-23,KH-16630,TEC-PH-10000730,East,499.99,1,0.0,129.9974,0.26
CA-2015-109575,2015-09-18,2015-09-23,KH-16630,TEC-PH-10000895,East,1259.93,7,0.0,327.5818,0.25999999999999995
CA-2015-109575,2015-09-18,2015-09-23,KH-16630,OFF-BI-10000962,East,65.08,4,0.0,31.8892,0.49
CA-2017-168193,2017-03-06,2017-03-11,RM-19750,OFF-PA-10002254,East,26.38,1,0.0,12.1348,0.46
CA-2017-168193,2017-03-06,2017-03-11,RM-19750,FUR-FU-10002554,East,71.97,3,0.0,16.5531,0.23
CA-2016-115476,2016-03-17,2016-03-17,VM-21835,TEC-PH-10000673,East,129.98,2,0.0,62.3904,0.48000000000000004
CA-2016-115476,2016-03-17,2016-03-17,VM-21835,OFF-BI-10000962,East,32.54,2,0.0,15.9446,0.49
CA-2016-133340,2016-12-09,2016-12-13,LH-17155,TEC-PH-10003988,Central,10.9,1,0.0,3.052,0.27999999999999997
CA-2016-133340,2016-12-09,2016-12-13,LH-17155,TEC-AC-10001109,Central,59.98,2,0.0,25.1916,0.42000000000000004
CA-2016-133340,2016-12-09,2016-12-13,LH-17155,OFF-AP-10002311,Central,61.929,1,0.1,23.3954,0.37777777777777777
CA-2016-137848,2016-01-15,2016-01-21,WB-21850,OFF-EN-10001137,East,16.52,4,0.0,7.5992,0.46
CA-2016-137848,2016-01-15,2016-01-21,WB-21850,OFF-PA-10004285,East,60.12,9,0.0,28.8576,0.48000000000000004
CA-2016-137848,2016-01-15,2016-01-21,WB-21850,OFF-BI-10002225,East,49.536,3,0.2,17.3376,0.35
CA-2014-113047,2014-10-24,2014-10-24,AP-10915,OFF-FA-10002763,South,11.85,3,0.0,3.792,0.32
CA-2016-149979,2016-09-23,2016-09-28,RA-19915,OFF-ST-10003058,South,118.25,5,0.0,34.2925,0.29
CA-2016-149979,2016-09-23,2016-09-28,RA-19915,FUR-CH-10002084,South,368.97,3,0.0,81.1734,0.21999999999999997
CA-2017-161956,2017-08-27,2017-08-29,DR-12880,FUR-FU-10002937,West,198.46,2,0.0,99.23,0.5
CA-2017-161956,2017-08-27,2017-08-29,DR-12880,OFF-AP-10001242,West,321.92,4,0.0,96.576,0.3
CA-2017-161956,2017-08-27,2017-08-29,DR-12880,TEC-CO-10001571,West,879.984,2,0.2,329.994,0.375
CA-2017-161956,2017-08-27,2017-08-29,DR-12880,OFF-SU-10002503,West,28.4,5,0.0,8.236,0.29000000000000004
CA-2017-161956,2017-08-27,2017-08-29,DR-12880,FUR-CH-10004886,West,230.28,3,0.2,23.028,0.09999999999999999
CA-2017-161956,2017-08-27,2017-08-29,DR-12880,OFF-PA-10001289,West,116.28,3,0.0,56.9772,0.49000000000000005
CA-2017-161956,2017-08-27,2017-08-29,DR-12880,OFF-BI-10003650,West,841.568,2,0.2,294.5488,0.35000000000000003
CA-2017-161956,2017-08-27,2017-08-29,DR-12880,OFF-ST-10001370,West,354.9,5,0.0,17.745,0.05
CA-2016-116799,2016-03-03,2016-03-06,JG-15310,OFF-PA-10001892,Central,42.784,7,0.2,15.5092,0.3625
CA-2016-116799,2016-03-03,2016-03-06,JG-15310,FUR-CH-10004983,Central,563.43,5,0.3,-56.343,-0.10000000000000002
CA-2016-111283,2016-02-29,2016-03-04,LC-16870,OFF-AR-10001615,East,111.104,7,0.2,8.3328,0.07500000000000001
CA-2015-167745,2015-09-18,2015-09-23,GB-14530,OFF-AR-10003602,West,11.68,2,0.0,5.4896,0.47000000000000003
CA-2015-167745,2015-09-18,2015-09-23,GB-14530,OFF-SU-10004782,West,16.9,2,0.0,5.07,0.30000000000000004
CA-2015-167745,2015-09-18,2015-09-23,GB-14530,FUR-FU-10001591,West,24.4,2,0.0,10.248,0.42
CA-2017-104577,2017-05-12,2017-05-17,CK-12205,OFF-PA-10000659,East,87.6,5,0.0,42.048,0.48000000000000004
CA-2016-156251,2016-08-13,2016-08-18,TS-21160,FUR-BO-10001337,Central,241.96,2,0.0,24.196,0.1
CA-2016-156251,2016-08-13,2016-08-18,TS-21160,OFF-BI-10003529,Central,8.52,3,0.0,4.1748,0.49000000000000005
CA-2017-125878,2017-02-25,2017-03-02,MH-18025,OFF-BI-10002609,Central,1.788,3,0.8,-3.0396,-1.7
CA-2016-163153,2016-03-21,2016-03-25,DM-12955,FUR-TA-10004767,Central,99.372,2,0.3,-1.4196,-0.014285714285714285
CA-2016-163153,2016-03-21,2016-03-25,DM-12955,OFF-AR-10001868,Central,1.344,1,0.2,0.504,0.375
CA-2015-103205,2015-12-08,2015-12-10,JJ-15760,TEC-PH-10004896,Central,119.96,5,0.2,11.996,0.1
CA-2014-153913,2014-12-16,2014-12-20,KB-16585,FUR-CH-10000988,South,1013.832,9,0.2,101.3832,0.1
CA-2014-153913,2014-12-16,2014-12-20,KB-16585,OFF-FA-10000490,South,1.984,2,0.2,0.6696,0.33749999999999997
CA-2016-155530,2016-12-17,2016-12-21,CM-12160,FUR-TA-10004256,West,2003.52,6,0.2,-325.572,-0.1625
US-2016-101196,2016-05-12,2016-05-17,FM-14215,OFF-ST-10004804,East,82.368,2,0.2,-19.5624,-0.23750000000000002
CA-2014-115357,2014-08-06,2014-08-11,RF-19735,TEC-AC-10000023,South,62.91,3,0.0,22.6476,0.36000000000000004
US-2014-102715,2014-04-11,2014-04-13,JK-15370,OFF-FA-10001332,South,6.912,3,0.2,2.3328,0.3375
US-2014-102715,2014-04-11,2014-04-13,JK-15370,TEC-AC-10002001,South,383.976,3,0.2,81.5949,0.2125
US-2014-102715,2014-04-11,2014-04-13,JK-15370,OFF-PA-10000029,South,10.368,2,0.2,3.6288,0.35
US-2014-102715,2014-04-11,2014-04-13,JK-15370,TEC-AC-10001874,South,335.944,7,0.2,41.993,0.125
CA-2015-107937,2015-05-03,2015-05-08,JB-16045,FUR-FU-10002298,West,665.88,6,0.0,106.5408,0.16
US-2017-148768,2017-11-30,2017-12-02,PN-18775,TEC-PH-10002564,South,71.976,3,0.2,8.997,0.125
CA-2017-118521,2017-02-16,2017-02-20,LF-17185,OFF-PA-10003465,East,37.94,2,0.0,18.2112,0.4800000000000001
CA-2014-149643,2014-11-16,2014-11-20,RH-19510,TEC-PH-10000038,Central,273.96,2,0.0,10.9584,0.04
CA-2015-135314,2015-07-09,2015-07-14,MC-17575,TEC-PH-10003072,East,269.982,3,0.4,40.4973,0.15
CA-2017-165204,2017-11-13,2017-11-16,MN-17935,OFF-PA-10003424,South,8.904,3,0.2,3.339,0.375
CA-2017-165204,2017-11-13,2017-11-16,MN-17935,OFF-ST-10003716,South,720.064,4,0.2,-63.0056,-0.08750000000000001
CA-2017-125752,2017-07-31,2017-08-04,EH-14125,TEC-AC-10003590,South,41.424,2,0.2,8.2848,0.2
CA-2017-112487,2017-12-26,2017-12-30,TC-21535,OFF-BI-10000494,East,3.132,2,0.7,-2.61,-0.8333333333333333
CA-2016-144218,2016-10-31,2016-11-04,JD-15895,OFF-ST-10002615,West,1085.42,7,0.0,282.2092,0.26
CA-2016-169971,2016-09-04,2016-09-09,IL-15100,OFF-AR-10002804,Central,3.912,1,0.2,1.0269,0.2625
CA-2016-169971,2016-09-04,2016-09-09,IL-15100,OFF-AR-10001044,Central,62.376,3,0.2,7.0173,0.1125
US-2016-133508,2016-04-17,2016-04-21,SW-20350,OFF-FA-10000134,Central,29.05,5,0.0,9.0055,0.31
CA-2014-107139,2014-07-05,2014-07-11,DP-13390,OFF-BI-10001670,West,180.96,6,0.2,67.86,0.375
CA-2015-111325,2015-02-27,2015-02-28,BT-11395,OFF-BI-10000343,East,4.419,3,0.7,-3.3879,-0.7666666666666667
CA-2015-111325,2015-02-27,2015-02-28,BT-11395,OFF-AR-10002257,East,16.032,6,0.2,2.2044,0.1375
CA-2015-163762,2015-11-27,2015-12-01,JE-15475,OFF-AR-10001915,East,29.79,3,0.0,12.5118,0.42
US-2014-117163,2014-01-27,2014-02-02,EJ-13720,OFF-ST-10003692,West,57.23,1,0.0,14.3075,0.25
US-2014-117163,2014-01-27,2014-02-02,EJ-13720,FUR-TA-10003469,West,333.0,3,0.2,-16.65,-0.049999999999999996
US-2014-117163,2014-01-27,2014-02-02,EJ-13720,OFF-AR-10003179,West,36.44,4,0.0,12.0252,0.33
CA-2017-121314,2017-09-23,2017-09-26,BE-11410,OFF-PA-10003395,South,251.64,3,0.2,88.074,0.35000000000000003
CA-2017-147760,2017-11-04,2017-11-05,KL-16555,FUR-TA-10004575,South,523.764,3,0.4,-192.0468,-0.36666666666666664
CA-2017-147760,2017-11-04,2017-11-05,KL-16555,TEC-PH-10002483,South,1359.96,5,0.2,118.9965,0.0875
CA-2016-156503,2016-10-14,2016-10-20,NC-18415,FUR-CH-10003606,South,102.592,1,0.2,10.2592,0.1
CA-2016-156503,2016-10-14,2016-10-20,NC-18415,TEC-AC-10002473,South,22.704,1,0.2,5.9598,0.2625
CA-2016-156503,2016-10-14,2016-10-20,NC-18415,OFF-PA-10002319,South,93.024,3,0.2,33.7212,0.36250000000000004
CA-2016-156503,2016-10-14,2016-10-20,NC-18415,OFF-SU-10000946,South,12.768,2,0.2,1.4364,0.11249999999999999
CA-2016-156503,2016-10-14,2016-10-20,NC-18415,OFF-EN-10001335,South,35.008,4,0.2,13.128,0.375
CA-2016-156503,2016-10-14,2016-10-20,NC-18415,OFF-PA-10002377,South,39.152,1,0.2,14.682,0.375
CA-2015-113628,2015-11-12,2015-11-19,AH-10690,OFF-AR-10001246,South,11.76,5,0.2,1.323,0.1125
CA-2015-113628,2015-11-12,2015-11-19,AH-10690,OFF-BI-10003291,South,5.238,2,0.7,-4.0158,-0.7666666666666665
CA-2015-113628,2015-11-12,2015-11-19,AH-10690,OFF-BI-10002799,South,4.662,3,0.7,-3.7296,-0.8
CA-2015-113628,2015-11-12,2015-11-19,AH-10690,FUR-CH-10003298,South,523.92,5,0.2,-72.039,-0.1375
CA-2015-113628,2015-11-12,2015-11-19,AH-10690,TEC-PH-10000441,South,100.792,1,0.2,10.0792,0.1
CA-2015-113628,2015-11-12,2015-11-19,AH-10690,FUR-CH-10004477,South,146.136,3,0.2,16.4403,0.1125
CA-2017-147753,2017-03-05,2017-03-05,PK-19075,OFF-LA-10003537,Central,25.06,2,0.0,11.7782,0.47000000000000003
CA-2015-103961,2015-11-05,2015-11-09,NG-18430,OFF-LA-10004484,Central,19.824,6,0.2,6.4428,0.32499999999999996
CA-2016-152471,2016-07-08,2016-07-08,ZD-21925,TEC-PH-10002824,South,823.96,5,0.2,51.4975,0.0625
CA-2016-152471,2016-07-08,2016-07-08,ZD-21925,OFF-PA-10004965,South,15.984,2,0.2,4.995,0.3125
CA-2015-102582,2015-09-15,2015-09-19,NW-18400,FUR-TA-10003569,South,801.96,2,0.0,200.49,0.25
CA-2015-102582,2015-09-15,2015-09-19,NW-18400,TEC-PH-10003187,South,59.97,3,0.0,0.0,0.0
CA-2015-102582,2015-09-15,2015-09-19,NW-18400,FUR-CH-10004853,South,1056.86,7,0.0,306.4894,0.29000000000000004
CA-2017-141873,2017-10-09,2017-10-14,HG-14845,OFF-BI-10001031,East,12.816,3,0.2,4.3254,0.33749999999999997
CA-2017-141873,2017-10-09,2017-10-14,HG-14845,FUR-BO-10003034,East,314.352,3,0.2,-15.7176,-0.05
CA-2017-141873,2017-10-09,2017-10-14,HG-14845,OFF-PA-10000069,East,18.98,2,0.0,8.9206,0.47000000000000003
CA-2017-141873,2017-10-09,2017-10-14,HG-14845,OFF-BI-10003655,East,18.24,6,0.2,6.156,0.3375
CA-2015-140984,2015-09-14,2015-09-18,CC-12685,OFF-ST-10000585,East,991.2,6,0.0,257.712,0.25999999999999995
CA-2015-140984,2015-09-14,2015-09-18,CC-12685,TEC-CO-10001571,East,879.984,2,0.2,329.994,0.375
CA-2015-140984,2015-09-14,2015-09-18,CC-12685,OFF-BI-10002012,East,12.96,9,0.2,4.536,0.3499999999999999
CA-2014-132801,2014-10-07,2014-10-12,JG-15805,OFF-ST-10001228,Central,107.44,10,0.2,10.744,0.1
CA-2017-141733,2017-05-07,2017-05-11,RW-19540,FUR-CH-10004086,Central,1458.65,5,0.0,423.0085,0.29
CA-2017-141733,2017-05-07,2017-05-11,RW-19540,FUR-CH-10002017,Central,26.64,1,0.0,7.4592,0.27999999999999997
CA-2017-141733,2017-05-07,2017-05-11,RW-19540,FUR-CH-10000595,Central,476.8,2,0.0,119.2,0.25
CA-2017-141733,2017-05-07,2017-05-11,RW-19540,OFF-AP-10001563,Central,87.444,2,0.1,18.4604,0.2111111111111111
US-2015-111927,2015-11-14,2015-11-19,LS-17230,FUR-FU-10004017,East,76.14,3,0.0,26.649,0.35000000000000003
US-2015-111927,2015-11-14,2015-11-19,LS-17230,OFF-BI-10002571,East,19.96,2,0.0,9.3812,0.47
CA-2014-105984,2014-11-24,2014-11-24,MY-18295,TEC-PH-10000560,East,1049.97,5,0.4,-209.994,-0.19999999999999998
CA-2014-105984,2014-11-24,2014-11-24,MY-18295,FUR-CH-10000847,East,611.058,3,0.3,-34.9176,-0.05714285714285714
CA-2014-100363,2014-04-08,2014-04-15,JM-15655,OFF-FA-10000611,West,2.368,2,0.2,0.8288,0.35000000000000003
CA-2014-100363,2014-04-08,2014-04-15,JM-15655,OFF-PA-10004733,West,19.008,3,0.2,6.8904,0.3625
CA-2014-126760,2014-07-26,2014-08-02,KM-16720,TEC-PH-10001363,West,911.984,2,0.2,113.998,0.125
CA-2014-126760,2014-07-26,2014-08-02,KM-16720,FUR-CH-10003312,West,674.352,3,0.2,-109.5822,-0.1625
CA-2014-126760,2014-07-26,2014-08-02,KM-16720,FUR-FU-10004018,West,134.01,9,0.0,36.1827,0.27
CA-2014-126760,2014-07-26,2014-08-02,KM-16720,TEC-AC-10004814,West,170.97,3,0.0,70.0977,0.41000000000000003
US-2014-109162,2014-06-08,2014-06-12,KE-16420,FUR-CH-10002647,South,170.352,3,0.2,10.647,0.0625
CA-2014-101931,2014-10-28,2014-10-31,TS-21370,OFF-BI-10004140,West,7.184,2,0.2,2.245,0.3125
CA-2014-101931,2014-10-28,2014-10-31,TS-21370,OFF-SU-10002301,West,6.28,2,0.0,0.0628,0.009999999999999998
CA-2014-101931,2014-10-28,2014-10-31,TS-21370,OFF-SU-10000646,West,480.74,2,0.0,14.4222,0.03
CA-2014-101931,2014-10-28,2014-10-31,TS-21370,FUR-BO-10001337,West,616.998,6,0.15,-36.294,-0.0588235294117647
CA-2014-101931,2014-10-28,2014-10-31,TS-21370,OFF-ST-10003442,West,141.4,5,0.0,38.178,0.26999999999999996
CA-2017-129000,2017-11-25,2017-11-27,SZ-20035,OFF-ST-10001097,Central,501.81,3,0.0,0.0,0.0
CA-2017-161053,2017-09-22,2017-09-23,JE-15745,OFF-BI-10004318,South,691.96,4,0.0,318.3016,0.45999999999999996
CA-2017-161053,2017-09-22,2017-09-23,JE-15745,TEC-AC-10004633,South,34.95,5,0.0,15.378,0.43999999999999995
CA-2015-142377,2015-12-04,2015-12-09,MS-17980,OFF-PA-10001970,Central,85.96,7,0.0,40.4012,0.4700000000000001
CA-2015-127593,2015-09-21,2015-09-21,DH-13675,FUR-FU-10004006,East,85.3,2,0.0,14.501,0.17
CA-2017-130526,2017-11-26,2017-11-29,GT-14755,OFF-BI-10001524,Central,33.568,8,0.8,-53.7088,-1.6
US-2017-131849,2017-06-06,2017-06-10,GH-14410,FUR-FU-10004164,West,4.95,1,0.0,2.178,0.43999999999999995
US-2017-131849,2017-06-06,2017-06-10,GH-14410,OFF-ST-10002957,West,26.4,5,0.0,0.0,0.0
US-2017-105389,2017-10-23,2017-10-28,DM-13015,OFF-BI-10004364,Central,3.564,3,0.8,-6.237,-1.75
US-2017-105389,2017-10-23,2017-10-28,DM-13015,TEC-PH-10002824,Central,823.96,5,0.2,51.4975,0.0625
US-2017-105389,2017-10-23,2017-10-28,DM-13015,OFF-AR-10000634,Central,10.272,3,0.2,0.8988,0.08750000000000001
CA-2014-140816,2014-12-20,2014-12-20,TC-21295,TEC-AC-10001539,West,447.944,7,0.2,89.5888,0.2
CA-2017-154039,2017-02-17,2017-02-22,JK-16120,FUR-TA-10001932,Central,480.96,3,0.5,-269.3376,-0.56
CA-2017-154039,2017-02-17,2017-02-22,JK-16120,TEC-PH-10002789,Central,124.792,1,0.2,10.9193,0.0875
CA-2014-135755,2014-05-03,2014-05-10,NC-18415,OFF-BI-10004828,East,40.176,3,0.2,14.5638,0.3625
CA-2014-135755,2014-05-03,2014-05-10,NC-18415,OFF-BI-10003981,East,10.896,3,0.2,3.9498,0.3625
CA-2017-123246,2017-10-17,2017-10-19,AJ-10960,OFF-AR-10001770,West,10.64,4,0.0,2.7664,0.26
CA-2015-157133,2015-11-28,2015-12-03,LC-16885,FUR-FU-10004904,Central,151.96,5,0.6,-182.352,-1.2
CA-2014-124709,2014-07-27,2014-07-29,GW-14605,TEC-AC-10002842,West,238.0,2,0.0,38.08,0.16
CA-2017-146360,2017-04-23,2017-04-25,SC-20305,TEC-AC-10003590,Central,155.34,6,0.0,55.9224,0.36
CA-2015-132486,2015-10-23,2015-10-27,JF-15355,TEC-AC-10000710,West,148.32,9,0.0,63.7776,0.43
CA-2015-132486,2015-10-23,2015-10-27,JF-15355,FUR-CH-10004495,West,240.784,1,0.2,27.0882,0.1125
CA-2015-132486,2015-10-23,2015-10-27,JF-15355,FUR-CH-10004540,West,191.968,7,0.2,16.7972,0.08750000000000001
CA-2015-132486,2015-10-23,2015-10-27,JF-15355,OFF-PA-10004971,West,11.56,2,0.0,5.6644,0.48999999999999994
CA-2015-132486,2015-10-23,2015-10-27,JF-15355,OFF-EN-10002600,West,11.8,4,0.0,5.664,0.4799999999999999
CA-2015-132486,2015-10-23,2015-10-27,JF-15355,FUR-CH-10001854,West,842.352,3,0.2,42.1176,0.05
CA-2016-136231,2016-09-05,2016-09-07,DM-13015,OFF-EN-10001099,South,23.472,3,0.2,7.6284,0.325
CA-2016-136231,2016-09-05,2016-09-07,DM-13015,OFF-BI-10001597,South,86.058,7,0.7,-63.1092,-0.7333333333333333
CA-2016-136231,2016-09-05,2016-09-07,DM-13015,TEC-PH-10002660,South,108.784,2,0.2,6.799,0.0625
CA-2016-136231,2016-09-05,2016-09-07,DM-13015,OFF-PA-10000327,South,10.272,3,0.2,3.21,0.3125
CA-2016-140641,2016-10-28,2016-11-02,EP-13915,OFF-BI-10001191,South,38.19,5,0.7,-26.733,-0.7000000000000001
CA-2014-151001,2014-04-05,2014-04-07,JG-15805,OFF-ST-10003455,Central,49.632,4,0.2,3.7224,0.075
CA-2014-151001,2014-04-05,2014-04-07,JG-15805,OFF-ST-10001031,Central,52.096,4,0.2,3.9072,0.07500000000000001
CA-2015-129896,2015-06-15,2015-06-20,PF-19120,OFF-PA-10002245,West,9.568,2,0.2,2.99,0.31250000000000006
CA-2015-129896,2015-06-15,2015-06-20,PF-19120,OFF-ST-10004804,West,82.368,2,0.2,-19.5624,-0.23750000000000002
CA-2015-129896,2015-06-15,2015-06-20,PF-19120,FUR-FU-10004904,West,364.704,6,0.2,-36.4704,-0.09999999999999999
CA-2015-129896,2015-06-15,2015-06-20,PF-19120,FUR-FU-10002396,West,40.256,4,0.2,11.0704,0.27499999999999997
CA-2014-152849,2014-07-05,2014-07-12,DW-13195,OFF-AR-10002833,South,4.368,3,0.2,0.3822,0.0875
US-2017-127341,2017-01-29,2017-02-02,CK-12595,OFF-BI-10001072,Central,12.128,4,0.8,-20.6176,-1.7
CA-2016-167759,2016-03-03,2016-03-08,CC-12670,TEC-PH-10003171,Central,134.85,3,0.0,37.758,0.28
CA-2014-100895,2014-06-02,2014-06-06,SV-20785,OFF-AR-10004511,South,8.56,2,0.0,2.6536,0.31
CA-2014-100895,2014-06-02,2014-06-06,SV-20785,TEC-PH-10001425,South,239.97,3,0.0,67.1916,0.27999999999999997
CA-2014-100895,2014-06-02,2014-06-06,SV-20785,OFF-ST-10001490,South,356.94,2,0.0,107.082,0.3
US-2016-163881,2016-11-24,2016-11-30,SP-20860,TEC-AC-10003033,West,659.9,2,0.0,217.767,0.33
US-2016-163881,2016-11-24,2016-11-30,SP-20860,FUR-CH-10001394,West,1684.752,6,0.2,210.594,0.125
US-2016-163881,2016-11-24,2016-11-30,SP-20860,TEC-AC-10000420,West,559.92,8,0.0,190.3728,0.34
US-2016-144547,2016-11-10,2016-11-14,MS-17770,TEC-AC-10004901,Central,279.944,7,0.2,48.9902,0.175
US-2014-112200,2014-11-22,2014-11-28,TC-21475,OFF-BI-10002571,Central,9.98,5,0.8,-16.467,-1.65
CA-2017-110212,2017-05-01,2017-05-05,SJ-20125,TEC-AC-10002331,South,48.9,5,0.0,18.093,0.37
CA-2017-134285,2017-12-07,2017-12-12,DS-13180,OFF-FA-10000611,Central,3.552,3,0.2,1.2432,0.35000000000000003
CA-2017-134285,2017-12-07,2017-12-12,DS-13180,OFF-PA-10000304,Central,15.552,3,0.2,5.4432,0.35000000000000003
CA-2017-102267,2017-11-30,2017-12-04,SC-20800,OFF-FA-10000611,Central,2.368,2,0.2,0.8288,0.35000000000000003
CA-2017-157980,2017-12-07,2017-12-09,SH-20395,TEC-AC-10002567,East,127.984,2,0.2,25.5968,0.2
CA-2015-121097,2015-01-03,2015-01-08,SF-20965,OFF-PA-10001937,Central,10.368,2,0.2,3.6288,0.35
CA-2015-151043,2015-11-14,2015-11-20,MG-17680,TEC-AC-10001090,East,47.984,2,0.2,-1.1996,-0.024999999999999998
US-2015-119312,2015-10-02,2015-10-07,CS-12400,OFF-ST-10000943,West,270.34,14,0.0,75.6952,0.28
CA-2015-167010,2015-04-05,2015-04-10,VT-21700,OFF-AP-10004036,East,98.112,7,0.2,18.396,0.18750000000000003
CA-2015-167010,2015-04-05,2015-04-10,VT-21700,OFF-ST-10003816,East,563.808,4,0.2,21.1428,0.037500000000000006
CA-2015-167010,2015-04-05,2015-04-10,VT-21700,OFF-BI-10002072,East,10.428,4,0.7,-6.952,-0.6666666666666666
CA-2015-167010,2015-04-05,2015-04-10,VT-21700,FUR-FU-10001468,East,547.136,4,0.2,-68.392,-0.125
CA-2015-167010,2015-04-05,2015-04-10,VT-21700,TEC-PH-10000347,East,14.85,5,0.4,-3.2175,-0.21666666666666665
CA-2015-167010,2015-04-05,2015-04-10,VT-21700,TEC-PH-10002844,East,41.988,2,0.4,-9.7972,-0.23333333333333334
CA-2015-167010,2015-04-05,2015-04-10,VT-21700,FUR-FU-10001037,East,7.584,1,0.2,2.37,0.31250000000000006
CA-2015-167010,2015-04-05,2015-04-10,VT-21700,FUR-BO-10004218,East,352.45,5,0.5,-211.47,-0.6
CA-2017-126788,2017-06-05,2017-06-06,AB-10105,TEC-PH-10001619,Central,470.376,3,0.2,52.9173,0.1125
CA-2017-148068,2017-09-18,2017-09-25,MM-18280,OFF-PA-10001639,East,19.44,3,0.0,9.3312,0.48000000000000004
CA-2017-148068,2017-09-18,2017-09-25,MM-18280,FUR-FU-10002268,East,9.82,2,0.0,3.2406,0.33
US-2017-142573,2017-07-18,2017-07-23,ML-17410,FUR-TA-10001932,West,801.6,5,0.5,-448.896,-0.56
US-2017-142573,2017-07-18,2017-07-23,ML-17410,FUR-CH-10004218,West,161.568,2,0.2,10.098,0.0625
US-2017-142573,2017-07-18,2017-07-23,ML-17410,OFF-PA-10000246,West,16.096,2,0.2,5.2312,0.325
US-2017-142573,2017-07-18,2017-07-23,ML-17410,OFF-BI-10003350,West,7.656,4,0.7,-6.1248,-0.7999999999999999
US-2017-142573,2017-07-18,2017-07-23,ML-17410,FUR-CH-10000513,West,311.976,3,0.2,-42.8967,-0.1375
US-2015-148817,2015-12-01,2015-12-07,KD-16495,OFF-ST-10001321,South,61.68,4,0.0,16.6536,0.27
US-2015-148817,2015-12-01,2015-12-07,KD-16495,OFF-BI-10004233,South,63.96,4,0.0,30.7008,0.48
CA-2016-110044,2016-06-28,2016-07-02,RF-19735,TEC-PH-10001299,Central,359.976,3,0.2,35.9976,0.09999999999999999
CA-2017-146920,2017-08-28,2017-09-01,SC-20305,OFF-PA-10002479,Central,25.344,6,0.2,7.92,0.3125
CA-2017-146920,2017-08-28,2017-09-01,SC-20305,OFF-PA-10001461,Central,26.72,5,0.2,9.352,0.35000000000000003
CA-2014-103940,2014-09-17,2014-09-21,BN-11515,OFF-ST-10004963,West,30.28,2,0.0,1.2112,0.04
CA-2014-103940,2014-09-17,2014-09-21,BN-11515,OFF-ST-10000943,West,57.93,3,0.0,16.2204,0.28
CA-2014-103940,2014-09-17,2014-09-21,BN-11515,FUR-FU-10004671,West,35.34,2,0.0,13.4292,0.37999999999999995
CA-2014-103940,2014-09-17,2014-09-21,BN-11515,OFF-BI-10002735,West,137.24,5,0.2,46.3185,0.33749999999999997
CA-2016-162082,2016-03-14,2016-03-17,JS-15880,FUR-BO-10004409,Central,241.332,5,0.32,-14.196,-0.058823529411764705
CA-2016-162082,2016-03-14,2016-03-17,JS-15880,OFF-PA-10001934,Central,5.184,1,0.2,1.8792,0.3625
CA-2016-162082,2016-03-14,2016-03-17,JS-15880,OFF-AR-10001044,Central,145.544,7,0.2,16.3737,0.11249999999999999
CA-2016-132094,2016-08-26,2016-09-02,VG-21805,OFF-AR-10004165,East,5.472,3,0.2,1.6416,0.3
CA-2016-132094,2016-08-26,2016-09-02,VG-21805,TEC-AC-10001109,East,47.984,2,0.2,13.1956,0.275
CA-2017-123001,2017-09-02,2017-09-08,AW-10840,OFF-AR-10001919,West,9.4,5,0.0,2.726,0.29
CA-2017-123001,2017-09-02,2017-09-08,AW-10840,OFF-LA-10004544,West,74.0,5,0.0,37.0,0.5
CA-2017-123001,2017-09-02,2017-09-08,AW-10840,TEC-PH-10003484,West,201.584,2,0.2,12.599,0.0625
CA-2015-118955,2015-06-16,2015-06-20,LS-17230,OFF-EN-10001028,Central,28.752,3,0.2,9.3444,0.325
CA-2015-118955,2015-06-16,2015-06-20,LS-17230,OFF-PA-10004156,Central,27.216,3,0.2,9.8658,0.3625
CA-2015-118955,2015-06-16,2015-06-20,LS-17230,FUR-CH-10001708,Central,197.372,2,0.3,-25.3764,-0.12857142857142856
US-2016-143448,2016-12-10,2016-12-10,MH-17455,FUR-CH-10003379,Central,1424.9,5,0.0,356.225,0.25
CA-2017-117863,2017-05-18,2017-05-23,TS-21340,FUR-FU-10002456,East,14.56,2,0.0,6.2608,0.42999999999999994
CA-2017-117863,2017-05-18,2017-05-23,TS-21340,OFF-BI-10000605,East,3.048,1,0.2,1.0287,0.33749999999999997
CA-2017-160458,2017-05-27,2017-05-29,EH-13945,OFF-PA-10001166,South,25.92,5,0.2,9.072,0.3499999999999999
US-2016-142685,2016-06-23,2016-06-30,MG-17695,OFF-SU-10000157,East,835.17,7,0.0,16.7034,0.02
CA-2016-133144,2016-05-16,2016-05-21,DO-13435,OFF-PA-10004971,West,17.34,3,0.0,8.4966,0.49000000000000005
CA-2017-167871,2017-11-18,2017-11-23,AF-10870,OFF-PA-10001977,South,44.384,1,0.2,15.5344,0.35
CA-2017-167871,2017-11-18,2017-11-23,AF-10870,OFF-SU-10001225,South,2.944,1,0.2,-0.6624,-0.225
CA-2016-119963,2016-11-18,2016-11-22,SN-20710,OFF-AR-10003514,Central,6.368,2,0.2,1.0348,0.16249999999999998
CA-2016-119963,2016-11-18,2016-11-22,SN-20710,OFF-LA-10003510,Central,48.848,2,0.2,15.8756,0.325
CA-2016-119963,2016-11-18,2016-11-22,SN-20710,OFF-PA-10001970,Central,19.648,2,0.2,6.6312,0.33749999999999997
CA-2016-119963,2016-11-18,2016-11-22,SN-20710,FUR-CH-10003817,Central,255.108,6,0.3,-18.222,-0.07142857142857144
CA-2014-121167,2014-11-28,2014-11-30,MO-17500,OFF-BI-10003676,East,17.248,2,0.2,6.0368,0.35
US-2016-151862,2016-03-01,2016-03-08,ON-18715,TEC-PH-10003535,West,159.984,2,0.2,13.9986,0.0875
CA-2017-152961,2017-01-15,2017-01-19,SC-20095,OFF-PA-10004675,East,12.7,2,0.0,5.842,0.46
CA-2014-133228,2014-04-04,2014-04-09,MS-17710,FUR-FU-10004020,Central,5.47,1,0.0,2.3521,0.43000000000000005
CA-2014-133228,2014-04-04,2014-04-09,MS-17710,OFF-AR-10001955,Central,79.36,4,0.0,23.808,0.3
CA-2016-114951,2016-06-26,2016-07-03,DN-13690,FUR-FU-10002364,West,22.14,3,0.0,6.4206,0.29
CA-2016-156573,2016-05-29,2016-06-02,RB-19360,OFF-BI-10002414,South,11.277,3,0.7,-8.6457,-0.7666666666666667
CA-2016-156573,2016-05-29,2016-06-02,RB-19360,OFF-AR-10003732,South,4.448,2,0.2,0.3336,0.075
CA-2016-156573,2016-05-29,2016-06-02,RB-19360,FUR-FU-10001085,South,44.76,3,0.2,14.547,0.325
CA-2015-113901,2015-10-19,2015-10-24,NH-18610,OFF-BI-10001249,Central,38.28,6,0.0,17.6088,0.45999999999999996
CA-2015-113901,2015-10-19,2015-10-24,NH-18610,TEC-PH-10002564,Central,149.95,5,0.0,44.985,0.30000000000000004
CA-2017-134838,2017-02-19,2017-02-20,ED-13885,OFF-AR-10000634,West,12.84,3,0.0,3.4668,0.27
CA-2017-134838,2017-02-19,2017-02-20,ED-13885,FUR-FU-10004018,West,44.67,3,0.0,12.0609,0.27
CA-2016-120257,2016-09-22,2016-09-28,PW-19240,OFF-AR-10003481,East,7.872,3,0.2,0.8856,0.1125
CA-2014-164910,2014-11-12,2014-11-17,DM-13345,OFF-AR-10003651,South,7.872,3,0.2,0.8856,0.1125
CA-2016-149902,2016-04-01,2016-04-06,DW-13540,OFF-AR-10002956,East,88.04,4,0.0,22.8904,0.25999999999999995
CA-2016-146010,2016-05-20,2016-05-23,EH-14125,OFF-BI-10003638,West,40.635,7,0.7,-32.508,-0.8000000000000002
US-2015-163685,2015-06-01,2015-06-05,KE-16420,OFF-BI-10001890,Central,5.728,8,0.8,-9.1648,-1.6
US-2015-163685,2015-06-01,2015-06-05,KE-16420,OFF-PA-10002606,Central,42.24,10,0.2,13.2,0.31249999999999994
CA-2014-135090,2014-11-22,2014-11-26,SP-20920,OFF-PA-10002245,West,53.82,9,0.0,24.219,0.45
CA-2015-132374,2015-02-22,2015-02-24,PS-19045,OFF-AR-10001615,Central,79.36,4,0.0,20.6336,0.26
CA-2016-167556,2016-03-29,2016-04-02,JM-15250,OFF-PA-10000466,East,13.48,2,0.0,6.74,0.5
CA-2016-167556,2016-03-29,2016-04-02,JM-15250,OFF-BI-10003708,East,29.8,5,0.2,9.3125,0.3125
CA-2016-167556,2016-03-29,2016-04-02,JM-15250,FUR-FU-10004848,East,414.0,8,0.0,124.2,0.3
CA-2016-167556,2016-03-29,2016-04-02,JM-15250,OFF-BI-10000320,East,41.328,7,0.2,14.9814,0.3625
US-2016-116400,2016-10-22,2016-10-24,EB-13930,FUR-FU-10003731,South,39.92,4,0.0,11.1776,0.27999999999999997
CA-2017-101308,2017-10-02,2017-10-07,FG-14260,OFF-FA-10002780,West,8.94,3,0.0,4.1124,0.46
CA-2017-101308,2017-10-02,2017-10-07,FG-14260,TEC-PH-10003800,West,84.784,2,0.2,-20.1362,-0.23749999999999996
CA-2014-114517,2014-12-23,2014-12-27,TH-21235,FUR-TA-10001676,East,53.316,2,0.4,-19.5492,-0.36666666666666664
CA-2014-114517,2014-12-23,2014-12-27,TH-21235,OFF-AP-10002350,East,56.52,3,0.0,15.8256,0.27999999999999997
CA-2017-119564,2017-12-15,2017-12-20,PL-18925,FUR-FU-10003096,West,22.77,3,0.0,9.7911,0.43
CA-2016-135265,2016-07-07,2016-07-09,CC-12370,FUR-CH-10003061,West,287.968,4,0.2,-3.5996,-0.012499999999999999
CA-2016-135265,2016-07-07,2016-07-09,CC-12370,TEC-CO-10003763,West,2799.96,5,0.2,944.9865,0.33749999999999997
CA-2016-135265,2016-07-07,2016-07-09,CC-12370,OFF-PA-10002923,West,48.94,1,0.0,24.47,0.5
CA-2016-108735,2016-04-17,2016-04-21,JM-15535,FUR-BO-10003441,West,257.499,3,0.15,24.2352,0.09411764705882351
CA-2017-112333,2017-04-08,2017-04-14,KF-16285,OFF-ST-10001780,East,2591.56,4,0.0,621.9744,0.24
CA-2017-112333,2017-04-08,2017-04-14,KF-16285,OFF-AP-10001962,East,41.95,5,0.0,10.4875,0.25
US-2016-159415,2016-04-17,2016-04-22,CS-12175,FUR-FU-10003798,South,79.12,5,0.2,13.846,0.175
CA-2014-122588,2014-11-25,2014-11-27,AR-10540,FUR-FU-10001095,East,52.96,2,0.0,20.1248,0.38
CA-2014-137589,2014-11-03,2014-11-08,MS-17770,OFF-SU-10000157,East,286.344,3,0.2,-64.4274,-0.22500000000000003
CA-2015-161998,2015-05-01,2015-05-05,DB-13120,FUR-FU-10001095,South,63.552,3,0.2,14.2992,0.225
CA-2015-161998,2015-05-01,2015-05-05,DB-13120,OFF-SU-10004261,South,41.376,3,0.2,4.6548,0.1125
CA-2015-161998,2015-05-01,2015-05-05,DB-13120,OFF-AR-10004022,South,172.704,6,0.2,10.794,0.0625
CA-2015-105627,2015-03-08,2015-03-12,DK-12895,FUR-BO-10002916,Central,512.94,3,0.0,97.4586,0.18999999999999997
CA-2015-105627,2015-03-08,2015-03-12,DK-12895,FUR-CH-10002084,Central,860.93,7,0.0,189.4046,0.22
CA-2015-105627,2015-03-08,2015-03-12,DK-12895,TEC-PH-10003012,Central,769.95,5,0.0,223.2855,0.29
CA-2015-105627,2015-03-08,2015-03-12,DK-12895,OFF-AR-10002704,Central,14.98,1,0.0,4.494,0.3
CA-2015-105627,2015-03-08,2015-03-12,DK-12895,FUR-FU-10000308,Central,373.08,6,0.0,82.0776,0.22000000000000003
US-2015-149629,2015-07-17,2015-07-20,MP-17965,FUR-BO-10004709,South,231.92,5,0.2,5.798,0.025
CA-2014-116834,2014-10-11,2014-10-16,Dp-13240,FUR-FU-10001196,West,63.47,11,0.0,19.041,0.3
CA-2014-116834,2014-10-11,2014-10-16,Dp-13240,TEC-AC-10002942,West,345.0,5,0.0,58.65,0.16999999999999998
CA-2016-145730,2016-03-03,2016-03-08,CC-12220,FUR-TA-10004915,Central,637.896,3,0.3,-127.5792,-0.2
CA-2016-145730,2016-03-03,2016-03-08,CC-12220,TEC-MA-10001016,Central,287.91,3,0.4,33.5895,0.11666666666666665
CA-2016-145730,2016-03-03,2016-03-08,CC-12220,OFF-EN-10000483,Central,36.6,3,0.2,11.895,0.32499999999999996
US-2015-168732,2015-12-10,2015-12-16,KM-16660,OFF-AR-10003087,South,1.78,1,0.0,0.4984,0.28
US-2015-168732,2015-12-10,2015-12-16,KM-16660,OFF-PA-10000520,South,25.92,4,0.0,12.4416,0.4799999999999999
US-2015-168732,2015-12-10,2015-12-16,KM-16660,TEC-AC-10001553,South,101.94,6,0.0,21.4074,0.21
CA-2015-107468,2015-12-18,2015-12-22,MK-17905,OFF-AR-10000634,West,6.848,2,0.2,0.5992,0.0875
CA-2017-144463,2017-01-01,2017-01-05,SC-20725,FUR-FU-10001215,West,474.43,11,0.0,199.2606,0.42000000000000004
CA-2017-100811,2017-11-21,2017-11-24,CC-12475,OFF-PA-10001204,East,8.448,2,0.2,2.64,0.3125
CA-2017-100811,2017-11-21,2017-11-24,CC-12475,OFF-ST-10002444,East,39.296,4,0.2,3.9296,0.1
CA-2015-153612,2015-12-22,2015-12-27,BT-11305,OFF-AR-10000203,Central,17.12,4,0.0,4.9648,0.29
CA-2015-165624,2015-08-23,2015-08-28,FH-14350,OFF-AP-10000828,South,542.94,3,0.0,152.0232,0.27999999999999997
CA-2015-165624,2015-08-23,2015-08-28,FH-14350,OFF-LA-10003190,South,8.64,3,0.0,4.2336,0.49
CA-2015-165624,2015-08-23,2015-08-28,FH-14350,OFF-PA-10002319,South,193.8,5,0.0,94.962,0.49
CA-2015-165624,2015-08-23,2015-08-28,FH-14350,OFF-PA-10003893,South,21.4,5,0.0,9.63,0.45000000000000007
CA-2015-165624,2015-08-23,2015-08-28,FH-14350,OFF-PA-10002499,South,97.88,2,0.0,48.94,0.5
CA-2015-165624,2015-08-23,2015-08-28,FH-14350,TEC-AC-10004568,South,251.91,9,0.0,47.8629,0.19
CA-2015-165624,2015-08-23,2015-08-28,FH-14350,OFF-AP-10001492,South,25.86,3,0.0,6.7236,0.26
CA-2014-154963,2014-06-22,2014-06-27,AA-10645,FUR-CH-10004698,East,170.058,3,0.3,-4.8588,-0.02857142857142857
CA-2014-154963,2014-06-22,2014-06-27,AA-10645,TEC-PH-10004093,East,82.782,3,0.4,-15.1767,-0.18333333333333335
CA-2014-154963,2014-06-22,2014-06-27,AA-10645,FUR-CH-10000454,East,853.93,5,0.3,0.0,0.0
CA-2017-130764,2017-10-27,2017-10-28,JO-15145,FUR-BO-10003034,West,556.665,5,0.15,6.549,0.011764705882352943
CA-2017-130764,2017-10-27,2017-10-28,JO-15145,TEC-PH-10003215,West,95.84,4,0.2,34.742,0.36249999999999993
CA-2017-139311,2017-08-11,2017-08-13,SF-20965,OFF-PA-10001776,Central,29.664,4,0.2,10.0116,0.33749999999999997
CA-2017-139311,2017-08-11,2017-08-13,SF-20965,OFF-AR-10004582,Central,9.184,7,0.2,2.87,0.31250000000000006
CA-2017-139311,2017-08-11,2017-08-13,SF-20965,TEC-PH-10001557,Central,153.584,2,0.2,13.4386,0.0875
CA-2017-139311,2017-08-11,2017-08-13,SF-20965,OFF-BI-10004209,Central,12.864,8,0.8,-22.512,-1.75
CA-2017-124296,2017-12-24,2017-12-28,CS-12355,TEC-MA-10003183,South,479.97,3,0.0,239.985,0.5
CA-2017-124296,2017-12-24,2017-12-28,CS-12355,FUR-CH-10002439,South,232.88,4,0.0,60.5488,0.26
CA-2016-169957,2016-09-26,2016-09-30,SN-20710,OFF-AP-10000576,West,236.88,6,0.0,66.3264,0.28
CA-2016-169957,2016-09-26,2016-09-30,SN-20710,OFF-PA-10004040,West,29.9,5,0.0,14.651,0.49
CA-2016-169957,2016-09-26,2016-09-30,SN-20710,TEC-AC-10003063,West,100.0,4,0.0,21.0,0.21
US-2016-108777,2016-12-12,2016-12-12,JM-15655,OFF-BI-10003982,East,18.693,3,0.7,-14.3313,-0.7666666666666666
US-2016-108777,2016-12-12,2016-12-12,JM-15655,TEC-AC-10002567,East,383.952,6,0.2,76.7904,0.2
CA-2015-148859,2015-12-28,2016-01-01,FH-14350,OFF-ST-10004950,Central,24.816,2,0.2,1.551,0.0625
CA-2014-110786,2014-12-29,2015-01-02,AJ-10795,FUR-FU-10000550,West,24.9,5,0.0,8.217,0.33
CA-2014-110786,2014-12-29,2015-01-02,AJ-10795,OFF-PA-10000528,West,21.12,4,0.0,9.504,0.44999999999999996
CA-2014-110786,2014-12-29,2015-01-02,AJ-10795,TEC-MA-10003183,West,767.952,6,0.2,287.982,0.37500000000000006
CA-2014-110786,2014-12-29,2015-01-02,AJ-10795,OFF-BI-10003305,West,14.352,3,0.2,4.6644,0.32499999999999996
CA-2014-110786,2014-12-29,2015-01-02,AJ-10795,TEC-PH-10001425,West,191.976,3,0.2,19.1976,0.1
CA-2014-110786,2014-12-29,2015-01-02,AJ-10795,OFF-LA-10001474,West,274.77,9,0.0,126.3942,0.46
CA-2014-110786,2014-12-29,2015-01-02,AJ-10795,FUR-FU-10000672,West,70.56,6,0.0,23.9904,0.34
CA-2015-137750,2015-06-25,2015-06-30,JF-15565,FUR-FU-10001979,West,204.85,5,0.0,57.358,0.27999999999999997
CA-2015-136378,2015-04-02,2015-04-07,CS-11845,OFF-BI-10003707,Central,9.156,3,0.8,-13.734,-1.5
CA-2017-100356,2017-10-21,2017-10-25,SP-20920,OFF-AP-10002191,Central,23.992,2,0.8,-62.3792,-2.5999999999999996
US-2015-166520,2015-07-16,2015-07-19,KE-16420,OFF-PA-10000501,East,80.88,3,0.0,39.6312,0.49000000000000005
US-2015-166520,2015-07-16,2015-07-19,KE-16420,TEC-AC-10001990,East,599.9,10,0.0,191.968,0.32
CA-2017-136350,2017-06-24,2017-06-26,GA-14515,FUR-FU-10003601,East,276.69,3,0.0,49.8042,0.18
CA-2017-136350,2017-06-24,2017-06-26,GA-14515,FUR-CH-10001891,East,172.764,2,0.1,32.6332,0.18888888888888888
CA-2014-122931,2014-09-29,2014-10-03,SM-20950,OFF-AR-10003469,East,4.224,3,0.2,1.4784,0.35
CA-2014-122931,2014-09-29,2014-10-03,SM-20950,FUR-TA-10004175,East,409.272,2,0.4,-81.8544,-0.2
CA-2014-122931,2014-09-29,2014-10-03,SM-20950,OFF-LA-10002945,East,55.44,11,0.2,18.018,0.325
CA-2014-122931,2014-09-29,2014-10-03,SM-20950,OFF-PA-10000533,East,20.928,4,0.2,6.8016,0.32499999999999996
CA-2014-122931,2014-09-29,2014-10-03,SM-20950,OFF-ST-10004459,East,1801.632,6,0.2,-337.806,-0.18749999999999997
CA-2014-122931,2014-09-29,2014-10-03,SM-20950,FUR-TA-10004147,East,67.176,1,0.4,-20.1528,-0.3
CA-2014-163034,2014-11-24,2014-11-28,DK-12985,OFF-ST-10000046,Central,646.2,5,0.2,-8.0775,-0.0125
CA-2015-124058,2015-11-20,2015-11-24,LC-16885,TEC-PH-10004774,West,72.744,7,0.2,-15.4581,-0.2125
CA-2015-124058,2015-11-20,2015-11-24,LC-16885,FUR-CH-10000595,West,572.16,3,0.2,35.76,0.0625
CA-2016-129196,2016-11-01,2016-11-07,XP-21865,TEC-AC-10002473,Central,68.112,3,0.2,17.8794,0.2625
US-2015-138716,2015-09-17,2015-09-20,CS-11845,OFF-BI-10001628,West,25.032,3,0.2,7.8225,0.3125
US-2016-122182,2016-03-10,2016-03-14,BD-11770,TEC-AC-10002800,East,39.992,1,0.2,7.4985,0.1875
US-2014-130358,2014-06-23,2014-06-26,DL-13330,OFF-AR-10002766,South,20.016,9,0.2,1.7514,0.08750000000000001
US-2014-130358,2014-06-23,2014-06-26,DL-13330,OFF-SU-10002522,South,3.104,1,0.2,0.3492,0.1125
CA-2014-102673,2014-11-01,2014-11-05,KH-16630,OFF-FA-10003021,South,7.52,5,0.2,1.41,0.1875
CA-2014-102673,2014-11-01,2014-11-05,KH-16630,OFF-AR-10000634,South,10.272,3,0.2,0.8988,0.08750000000000001
CA-2014-102673,2014-11-01,2014-11-05,KH-16630,OFF-LA-10001771,South,47.808,12,0.2,15.5376,0.325
CA-2014-102673,2014-11-01,2014-11-05,KH-16630,TEC-PH-10004434,South,978.84,9,0.2,110.1195,0.1125
CA-2016-145303,2016-08-28,2016-08-31,TP-21415,OFF-BI-10000050,Central,13.14,9,0.8,-21.681,-1.65
CA-2016-145303,2016-08-28,2016-08-31,TP-21415,OFF-BI-10002414,Central,10.024,4,0.8,-16.5396,-1.6500000000000001
CA-2016-145303,2016-08-28,2016-08-31,TP-21415,FUR-BO-10003159,Central,156.3728,2,0.32,-52.8908,-0.338235294117647
CA-2015-156104,2015-12-06,2015-12-08,NP-18685,TEC-CO-10002095,Central,999.98,2,0.0,449.991,0.44999999999999996
US-2015-164308,2015-09-24,2015-09-27,SC-20680,TEC-PH-10004120,Central,821.94,6,0.0,213.7044,0.25999999999999995
CA-2017-108112,2017-11-15,2017-11-20,DK-12895,FUR-FU-10003553,South,220.064,4,0.2,55.016,0.25
CA-2017-108112,2017-11-15,2017-11-20,DK-12895,FUR-FU-10001488,South,339.136,4,0.2,0.0,0.0
CA-2015-100685,2015-12-19,2015-12-21,SM-20950,OFF-BI-10003094,Central,7.04,2,0.0,3.3088,0.47000000000000003
CA-2015-100685,2015-12-19,2015-12-21,SM-20950,OFF-FA-10003472,Central,5.04,4,0.0,0.2016,0.04
CA-2015-100685,2015-12-19,2015-12-21,SM-20950,OFF-PA-10001289,Central,116.28,3,0.0,56.9772,0.49000000000000005
CA-2015-165414,2015-12-21,2015-12-24,LS-17245,TEC-PH-10002293,South,47.976,3,0.2,4.7976,0.1
CA-2016-140417,2016-09-25,2016-09-29,KE-16420,OFF-PA-10000380,West,60.048,9,0.2,22.518,0.375
CA-2016-140417,2016-09-25,2016-09-29,KE-16420,OFF-BI-10004828,West,5.022,1,0.7,-3.5154,-0.7
US-2017-151316,2017-06-24,2017-06-30,MC-17635,OFF-BI-10004632,Central,182.994,3,0.8,-320.2395,-1.7500000000000002
US-2017-151316,2017-06-24,2017-06-30,MC-17635,OFF-PA-10000327,Central,10.272,3,0.2,3.21,0.3125
CA-2017-163692,2017-09-07,2017-09-09,Dp-13240,OFF-BI-10003291,West,7.857,3,0.7,-6.0237,-0.7666666666666666
CA-2016-111913,2016-08-04,2016-08-06,LC-16930,TEC-PH-10002275,West,302.384,2,0.2,30.2384,0.09999999999999999
CA-2016-111913,2016-08-04,2016-08-06,LC-16930,OFF-BI-10003291,West,20.952,3,0.2,7.0713,0.33749999999999997
CA-2016-111913,2016-08-04,2016-08-06,LC-16930,OFF-BI-10000343,West,11.784,3,0.2,3.9771,0.33749999999999997
US-2014-156559,2014-08-19,2014-08-26,LH-16900,FUR-BO-10000711,South,638.82,9,0.0,172.4814,0.27
CA-2016-161473,2016-04-01,2016-04-05,TB-21175,OFF-LA-10001297,East,20.7,2,0.0,9.936,0.48000000000000004
CA-2016-161473,2016-04-01,2016-04-05,TB-21175,OFF-SU-10001574,East,10.95,3,0.0,3.285,0.30000000000000004
CA-2016-161473,2016-04-01,2016-04-05,TB-21175,OFF-BI-10003305,East,14.352,3,0.2,4.6644,0.32499999999999996
CA-2017-166576,2017-05-16,2017-05-18,JM-15865,OFF-ST-10002574,East,221.024,2,0.2,-55.256,-0.25
CA-2015-102491,2015-08-24,2015-08-28,KW-16435,TEC-MA-10000864,South,3080.0,7,0.0,1416.8,0.45999999999999996
CA-2015-102491,2015-08-24,2015-08-28,KW-16435,TEC-AC-10003289,South,79.96,4,0.0,18.3908,0.23
CA-2015-102491,2015-08-24,2015-08-28,KW-16435,TEC-PH-10001619,South,587.97,3,0.0,170.5113,0.29
CA-2014-116904,2014-09-23,2014-09-28,SC-20095,OFF-PA-10004888,Central,32.4,5,0.0,15.552,0.48
CA-2014-116904,2014-09-23,2014-09-28,SC-20095,OFF-ST-10000736,Central,404.9,5,0.0,16.196,0.04000000000000001
CA-2014-116904,2014-09-23,2014-09-28,SC-20095,OFF-BI-10001120,Central,9449.95,5,0.0,4630.4755,0.48999999999999994
CA-2014-116904,2014-09-23,2014-09-28,SC-20095,OFF-BI-10000301,Central,12.94,2,0.0,6.47,0.5
US-2017-102288,2017-06-19,2017-06-23,ZC-21910,OFF-AP-10004655,Central,2.264,1,0.8,-5.2072,-2.3000000000000003
US-2017-102288,2017-06-19,2017-06-23,ZC-21910,OFF-AP-10002906,Central,0.444,1,0.8,-1.11,-2.5
US-2017-102288,2017-06-19,2017-06-23,ZC-21910,OFF-PA-10000740,Central,146.176,8,0.2,47.5072,0.325
CA-2017-137456,2017-12-21,2017-12-21,RB-19465,FUR-FU-10001940,Central,15.92,2,0.0,7.0048,0.44
US-2017-155999,2017-08-07,2017-08-13,JK-15370,TEC-PH-10000439,West,159.96,5,0.2,17.9955,0.11249999999999999
US-2017-155999,2017-08-07,2017-08-13,JK-15370,OFF-BI-10000404,West,13.76,2,0.2,4.644,0.3375
US-2016-148334,2016-08-22,2016-08-26,DD-13570,OFF-BI-10003676,Central,4.312,2,0.8,-6.8992,-1.6
CA-2015-105599,2015-09-07,2015-09-07,MC-17275,OFF-ST-10002486,East,13.96,2,0.0,0.2792,0.02
CA-2015-105599,2015-09-07,2015-09-07,MC-17275,FUR-TA-10003837,East,27.414,3,0.4,-14.1639,-0.5166666666666666
CA-2015-153717,2015-12-25,2016-01-01,DL-13495,TEC-PH-10002923,Central,73.98,2,0.0,19.9746,0.26999999999999996
CA-2015-153717,2015-12-25,2016-01-01,DL-13495,FUR-BO-10004360,Central,160.98,1,0.0,20.9274,0.13
CA-2015-153717,2015-12-25,2016-01-01,DL-13495,OFF-PA-10002160,Central,17.34,3,0.0,8.4966,0.49000000000000005
CA-2015-153717,2015-12-25,2016-01-01,DL-13495,OFF-AR-10002375,Central,3.28,1,0.0,0.9512,0.29000000000000004
CA-2015-116687,2015-05-02,2015-05-07,NC-18625,OFF-LA-10000443,Central,8.856,3,0.2,2.9889,0.3375
CA-2015-116687,2015-05-02,2015-05-07,NC-18625,TEC-PH-10001750,Central,158.376,3,0.2,13.8579,0.08750000000000001
CA-2016-163573,2016-11-24,2016-11-27,AC-10450,OFF-BI-10004632,West,1219.96,5,0.2,381.2375,0.3125
CA-2015-153416,2015-11-24,2015-11-29,TS-21340,OFF-BI-10002813,West,3.168,2,0.2,0.99,0.3125
CA-2015-153416,2015-11-24,2015-11-29,TS-21340,OFF-PA-10002005,West,19.44,3,0.0,9.3312,0.48000000000000004
CA-2015-153416,2015-11-24,2015-11-29,TS-21340,OFF-ST-10000060,West,454.86,7,0.0,54.5832,0.12
CA-2015-153416,2015-11-24,2015-11-29,TS-21340,OFF-BI-10002706,West,91.392,8,0.2,29.7024,0.325
CA-2017-117394,2017-09-04,2017-09-10,MM-17920,TEC-AC-10000199,East,19.04,4,0.2,-1.428,-0.075
CA-2017-133823,2017-05-11,2017-05-12,LP-17080,OFF-PA-10002870,West,37.44,6,0.0,16.848,0.45
CA-2017-133823,2017-05-11,2017-05-12,LP-17080,OFF-LA-10004545,West,37.59,3,0.0,17.6673,0.47
CA-2017-133823,2017-05-11,2017-05-12,LP-17080,OFF-BI-10000962,West,26.032,2,0.2,9.4366,0.3625
CA-2014-127523,2014-05-11,2014-05-18,BG-11695,OFF-AP-10004249,East,35.91,3,0.0,9.6957,0.27
CA-2017-123239,2017-07-27,2017-07-31,MG-18145,FUR-FU-10001602,South,91.032,3,0.2,-2.2758,-0.024999999999999998
CA-2017-156769,2017-05-06,2017-05-09,GZ-14470,OFF-AR-10003179,South,54.66,6,0.0,18.0378,0.33
CA-2014-127299,2014-09-19,2014-09-24,JL-15835,OFF-ST-10003722,South,67.344,6,0.2,7.5762,0.11250000000000002
CA-2014-127299,2014-09-19,2014-09-24,JL-15835,TEC-MA-10001127,South,2624.985,3,0.5,-944.9946,-0.36
CA-2015-121272,2015-03-29,2015-04-04,DO-13435,OFF-AP-10001947,West,73.28,4,0.0,21.2512,0.29
CA-2014-115336,2014-11-18,2014-11-25,AB-10600,OFF-BI-10001107,Central,14.48,5,0.8,-23.892,-1.65
CA-2015-111703,2015-07-02,2015-07-09,KB-16315,OFF-PA-10000349,South,11.952,3,0.2,4.0338,0.3375
CA-2015-111703,2015-07-02,2015-07-09,KB-16315,OFF-PA-10003349,South,15.552,3,0.2,5.6376,0.3625
CA-2014-128839,2014-09-08,2014-09-13,TT-21070,OFF-FA-10002280,South,45.0,9,0.0,21.6,0.48000000000000004
CA-2014-128839,2014-09-08,2014-09-13,TT-21070,TEC-MA-10000029,South,209.97,3,0.0,90.2871,0.43
CA-2017-105914,2017-10-02,2017-10-08,PV-18985,OFF-BI-10002854,West,112.12,5,0.2,42.045,0.375
CA-2017-105914,2017-10-02,2017-10-08,PV-18985,OFF-ST-10003716,West,1575.14,7,0.0,204.7682,0.13
CA-2017-110926,2017-11-19,2017-11-23,DD-13570,OFF-FA-10000624,South,25.06,7,0.0,12.53,0.5
CA-2016-117226,2016-12-30,2017-01-01,KD-16495,OFF-BI-10004654,Central,6.924,6,0.8,-10.386,-1.4999999999999998
CA-2017-127313,2017-12-01,2017-12-04,RA-19285,OFF-ST-10001228,East,37.392,3,0.2,2.337,0.0625
CA-2017-127313,2017-12-01,2017-12-04,RA-19285,FUR-FU-10003798,East,79.12,5,0.2,13.846,0.175
CA-2016-136287,2016-06-13,2016-06-17,SS-20590,OFF-LA-10003148,Central,18.9,3,0.0,8.694,0.4600000000000001
US-2014-107699,2014-05-19,2014-05-23,JH-15820,OFF-BI-10001249,Central,57.42,9,0.0,26.4132,0.45999999999999996
CA-2017-112725,2017-01-30,2017-02-06,EH-14125,OFF-AR-10003759,West,12.74,7,0.0,5.733,0.44999999999999996
CA-2017-112725,2017-01-30,2017-02-06,EH-14125,OFF-AR-10001227,West,8.82,3,0.0,2.3814,0.27
CA-2017-112725,2017-01-30,2017-02-06,EH-14125,FUR-CH-10000863,West,120.784,1,0.2,-13.5882,-0.1125
CA-2015-136196,2015-11-28,2015-12-04,TP-21415,FUR-FU-10004017,East,322.59,3,0.0,64.518,0.2
CA-2017-106068,2017-10-23,2017-10-28,RB-19330,OFF-BI-10000962,Central,9.762,3,0.8,-15.1311,-1.5499999999999998
CA-2017-106068,2017-10-23,2017-10-28,RB-19330,OFF-ST-10004507,Central,13.72,1,0.2,1.2005,0.0875
CA-2017-106068,2017-10-23,2017-10-28,RB-19330,TEC-AC-10002942,Central,55.2,1,0.2,-2.07,-0.0375
CA-2017-106068,2017-10-23,2017-10-28,RB-19330,OFF-ST-10002344,Central,259.136,4,0.2,-58.3056,-0.22499999999999998
CA-2017-100160,2017-09-07,2017-09-11,CB-12025,OFF-LA-10002475,East,29.24,5,0.2,9.8685,0.33749999999999997
CA-2017-100160,2017-09-07,2017-09-11,CB-12025,OFF-PA-10003072,East,15.552,3,0.2,5.4432,0.35000000000000003
CA-2017-100160,2017-09-07,2017-09-11,CB-12025,OFF-EN-10001509,East,4.896,3,0.2,1.6524,0.3375
CA-2016-139689,2016-12-29,2017-01-03,MP-17965,OFF-BI-10004781,South,38.088,4,0.7,-27.9312,-0.7333333333333333
CA-2016-139689,2016-12-29,2017-01-03,MP-17965,OFF-BI-10000145,South,2.808,3,0.7,-1.9656,-0.7000000000000001
CA-2015-101091,2015-12-05,2015-12-09,SW-20245,TEC-AC-10003280,East,47.984,2,0.2,0.5998,0.012499999999999999
CA-2015-101091,2015-12-05,2015-12-09,SW-20245,OFF-BI-10001107,East,26.064,6,0.7,-19.9824,-0.7666666666666666
CA-2014-126907,2014-11-01,2014-11-08,SM-20950,OFF-PA-10000533,Central,15.696,3,0.2,5.1012,0.325
US-2016-164588,2016-04-16,2016-04-23,AP-10915,OFF-AR-10003056,South,12.84,3,0.0,3.7236,0.29
CA-2017-115546,2017-05-14,2017-05-18,AH-10465,TEC-PH-10002834,East,539.97,3,0.0,134.9925,0.25
CA-2017-115546,2017-05-14,2017-05-18,AH-10465,OFF-ST-10002214,East,22.58,2,0.0,5.8708,0.26
CA-2015-163587,2015-03-14,2015-03-18,EP-13915,OFF-LA-10004484,East,16.52,4,0.0,7.5992,0.46
CA-2015-163587,2015-03-14,2015-03-18,EP-13915,OFF-BI-10003091,East,671.94,3,0.0,315.8118,0.47
US-2017-106131,2017-01-14,2017-01-16,TP-21565,TEC-AC-10003027,West,169.064,7,0.2,-14.7931,-0.08750000000000001
US-2017-106131,2017-01-14,2017-01-16,TP-21565,OFF-ST-10003638,West,168.624,9,0.2,14.7546,0.08750000000000001
CA-2015-160213,2015-03-08,2015-03-13,AR-10825,OFF-PA-10003848,East,19.44,3,0.0,9.3312,0.48000000000000004
CA-2014-157924,2014-10-11,2014-10-13,HA-14920,OFF-ST-10002352,West,31.92,4,0.0,8.2992,0.26
CA-2014-157924,2014-10-11,2014-10-13,HA-14920,FUR-CH-10000229,West,433.568,2,0.2,-65.0352,-0.15000000000000002
CA-2015-100216,2015-04-13,2015-04-14,HJ-14875,OFF-PA-10000788,West,31.104,6,0.2,10.8864,0.35000000000000003
CA-2015-100216,2015-04-13,2015-04-14,HJ-14875,OFF-PA-10002968,West,54.816,3,0.2,17.8152,0.325
CA-2017-100601,2017-11-16,2017-11-20,JK-15370,OFF-ST-10002486,West,48.86,7,0.0,0.9772,0.02
CA-2016-152163,2016-07-01,2016-07-01,JF-15355,OFF-BI-10002215,South,14.2,2,0.0,6.532,0.46
CA-2016-152163,2016-07-01,2016-07-01,JF-15355,OFF-PA-10000788,South,12.96,2,0.0,6.2208,0.4799999999999999
CA-2016-152163,2016-07-01,2016-07-01,JF-15355,OFF-BI-10003364,South,58.34,2,0.0,28.0032,0.48
CA-2015-154340,2015-11-29,2015-11-30,EK-13795,OFF-AR-10003582,West,56.3,2,0.0,15.764,0.28
CA-2014-128846,2014-04-07,2014-04-12,RS-19765,TEC-PH-10003273,South,629.95,5,0.0,163.787,0.26
CA-2014-128846,2014-04-07,2014-04-12,RS-19765,OFF-PA-10000100,South,122.97,3,0.0,60.2553,0.49
CA-2016-148593,2016-06-16,2016-06-18,BD-11320,OFF-PA-10001776,West,46.35,5,0.0,21.7845,0.47000000000000003
US-2017-119039,2017-03-06,2017-03-10,BF-11170,OFF-BI-10004182,West,14.976,9,0.2,5.4288,0.3625
CA-2017-128426,2017-10-07,2017-10-11,JK-15730,OFF-BI-10000756,Central,4.24,5,0.8,-6.36,-1.5
US-2017-136868,2017-10-06,2017-10-12,CR-12820,TEC-AC-10001539,East,319.96,4,0.0,115.1856,0.36
US-2017-136868,2017-10-06,2017-10-12,CR-12820,OFF-PA-10002377,East,17.04,3,0.0,7.668,0.45
US-2017-136868,2017-10-06,2017-10-12,CR-12820,OFF-ST-10000991,East,344.91,3,0.0,10.3473,0.03
CA-2016-143749,2016-12-05,2016-12-07,AG-10300,FUR-BO-10002853,East,81.94,1,0.0,20.485,0.25
CA-2016-111493,2016-10-21,2016-10-22,CM-12160,TEC-AC-10004510,East,98.16,6,0.0,9.816,0.1
CA-2017-112536,2017-05-18,2017-05-23,SG-20890,OFF-BI-10003712,Central,6.874,7,0.8,-10.6547,-1.55
CA-2017-112536,2017-05-18,2017-05-23,SG-20890,OFF-BI-10002571,Central,1.996,1,0.8,-3.2934,-1.6500000000000001
CA-2017-112536,2017-05-18,2017-05-23,SG-20890,OFF-ST-10004835,Central,8.928,2,0.2,0.6696,0.07499999999999998
CA-2016-157714,2016-09-26,2016-10-01,CS-12175,OFF-PA-10004022,Central,9.99,1,0.0,4.4955,0.44999999999999996
CA-2017-166709,2017-11-17,2017-11-22,HL-15040,TEC-CO-10004722,East,10499.97,3,0.0,5039.9856,0.48000000000000004
CA-2015-129392,2015-07-08,2015-07-08,DM-13015,OFF-PA-10004248,Central,21.12,5,0.2,6.6,0.31249999999999994
CA-2015-150875,2015-11-16,2015-11-20,HK-14890,FUR-TA-10000577,West,696.42,2,0.0,160.1766,0.23000000000000004
CA-2015-150875,2015-11-16,2015-11-20,HK-14890,TEC-PH-10001254,West,304.776,3,0.2,22.8582,0.075
CA-2015-154200,2015-06-18,2015-06-22,BG-11740,OFF-AR-10001044,West,51.98,2,0.0,15.0742,0.29
CA-2016-124233,2016-04-08,2016-04-14,CK-12595,FUR-FU-10002597,West,24.7,5,0.0,10.374,0.42000000000000004
US-2015-134271,2015-04-18,2015-04-23,RF-19735,OFF-LA-10004093,East,21.93,3,0.0,10.3071,0.47000000000000003
US-2016-161683,2016-12-03,2016-12-08,CJ-12010,OFF-AP-10000179,East,394.816,4,0.2,93.7688,0.23750000000000002
US-2016-161683,2016-12-03,2016-12-08,CJ-12010,OFF-BI-10001072,East,18.192,4,0.7,-14.5536,-0.7999999999999999
CA-2015-143105,2015-12-10,2015-12-10,MA-17560,OFF-LA-10004093,East,7.31,1,0.0,3.4357,0.47000000000000003
CA-2015-143105,2015-12-10,2015-12-10,MA-17560,TEC-CO-10002095,East,799.984,2,0.2,249.995,0.3125
CA-2015-143105,2015-12-10,2015-12-10,MA-17560,OFF-PA-10002713,East,41.28,6,0.0,18.9888,0.46
CA-2015-143105,2015-12-10,2015-12-10,MA-17560,OFF-PA-10002254,East,184.66,7,0.0,84.9436,0.46
CA-2014-145387,2014-10-31,2014-11-02,AM-10705,OFF-AR-10001683,East,49.25,5,0.0,18.715,0.38
CA-2014-145387,2014-10-31,2014-11-02,AM-10705,OFF-PA-10002195,East,10.16,2,0.0,4.7752,0.47
CA-2014-145387,2014-10-31,2014-11-02,AM-10705,FUR-FU-10002364,East,14.76,2,0.0,4.2804,0.29000000000000004
CA-2014-145387,2014-10-31,2014-11-02,AM-10705,OFF-BI-10004001,East,34.08,2,0.0,15.6768,0.46
CA-2014-145387,2014-10-31,2014-11-02,AM-10705,FUR-FU-10000023,East,17.67,3,0.0,7.7748,0.43999999999999995
CA-2014-145387,2014-10-31,2014-11-02,AM-10705,FUR-CH-10002320,East,1604.9,5,0.0,481.47,0.3
CA-2014-145387,2014-10-31,2014-11-02,AM-10705,FUR-TA-10003238,East,385.686,1,0.3,-60.6078,-0.15714285714285714
CA-2017-109715,2017-12-09,2017-12-14,AH-10585,OFF-PA-10004965,Central,15.984,2,0.2,4.995,0.3125
CA-2014-166457,2014-05-05,2014-05-09,PF-19120,OFF-PA-10003016,South,9.42,3,0.0,4.239,0.45
CA-2014-166457,2014-05-05,2014-05-09,PF-19120,OFF-AR-10003651,South,6.56,2,0.0,1.9024,0.29000000000000004
CA-2014-166457,2014-05-05,2014-05-09,PF-19120,OFF-PA-10001363,South,24.56,2,0.0,11.5432,0.47000000000000003
CA-2016-164637,2016-03-04,2016-03-08,RD-19480,OFF-BI-10003876,Central,128.4,3,0.0,64.2,0.5
CA-2014-103590,2014-11-30,2014-12-04,JL-15505,OFF-EN-10004007,East,62.28,4,0.0,29.2716,0.47
CA-2015-111234,2015-02-18,2015-02-22,AB-10600,OFF-LA-10002271,West,9.24,3,0.0,4.4352,0.48
CA-2017-149881,2017-04-01,2017-04-03,NC-18535,FUR-BO-10003894,West,482.664,8,0.15,85.176,0.17647058823529413
CA-2017-149881,2017-04-01,2017-04-03,NC-18535,TEC-MA-10000418,West,4799.984,2,0.2,359.9988,0.075
CA-2017-134565,2017-06-11,2017-06-13,TB-21400,OFF-PA-10004243,West,37.94,2,0.0,18.2112,0.4800000000000001
CA-2017-134565,2017-06-11,2017-06-13,TB-21400,OFF-BI-10001759,West,18.288,6,0.2,6.6294,0.36250000000000004
CA-2017-134565,2017-06-11,2017-06-13,TB-21400,TEC-MA-10001570,West,385.8,5,0.2,130.2075,0.3375
CA-2017-134565,2017-06-11,2017-06-13,TB-21400,OFF-ST-10004804,West,102.96,2,0.0,1.0296,0.010000000000000002
CA-2017-134565,2017-06-11,2017-06-13,TB-21400,FUR-BO-10001519,West,174.42,3,0.0,41.8608,0.24
CA-2016-108644,2016-09-30,2016-10-03,SJ-20215,OFF-BI-10000343,Central,1.964,2,0.8,-3.2406,-1.6500000000000001
US-2014-102631,2014-12-13,2014-12-17,EB-13840,FUR-FU-10003930,Central,94.428,3,0.6,-42.4926,-0.45000000000000007
CA-2017-120327,2017-11-11,2017-11-16,WB-21850,OFF-FA-10004854,Central,45.92,4,0.0,21.5824,0.47
CA-2015-154970,2015-01-05,2015-01-10,SR-20740,FUR-CH-10003396,West,61.584,1,0.2,-6.9282,-0.1125
CA-2016-113803,2016-03-24,2016-03-26,VG-21805,OFF-PA-10001994,Central,22.48,1,0.0,10.3408,0.45999999999999996
CA-2017-100223,2017-07-05,2017-07-10,LS-16945,FUR-FU-10003601,Central,332.028,9,0.6,-348.6294,-1.0499999999999998
CA-2017-100223,2017-07-05,2017-07-10,LS-16945,OFF-BI-10003429,Central,11.394,9,0.8,-17.6607,-1.5499999999999998
CA-2017-100223,2017-07-05,2017-07-10,LS-16945,OFF-PA-10000232,Central,15.552,3,0.2,5.6376,0.3625
CA-2017-100223,2017-07-05,2017-07-10,LS-16945,OFF-PA-10002195,Central,31.104,6,0.2,11.2752,0.3625
CA-2017-100223,2017-07-05,2017-07-10,LS-16945,OFF-BI-10004492,Central,6.316,1,0.8,-10.4214,-1.6500000000000001
CA-2014-168823,2014-09-21,2014-09-24,MA-17560,OFF-PA-10004000,East,11.352,3,0.2,4.1151,0.3625
CA-2014-168823,2014-09-21,2014-09-24,MA-17560,OFF-LA-10004425,East,20.808,9,0.2,7.0227,0.3375
CA-2016-162404,2016-07-23,2016-07-27,NF-18475,OFF-BI-10000948,Central,11.416,4,0.8,-18.8364,-1.6500000000000001
CA-2017-104024,2017-08-29,2017-09-03,MD-17860,OFF-AR-10001972,East,9.408,7,0.2,0.7056,0.07500000000000001
CA-2017-147144,2017-03-26,2017-03-28,MZ-17335,OFF-AR-10004587,West,19.83,1,0.0,5.949,0.30000000000000004
CA-2017-158673,2017-12-29,2018-01-04,KB-16600,OFF-PA-10000994,Central,209.7,2,0.0,100.656,0.48000000000000004
CA-2014-133704,2014-09-20,2014-09-26,MA-17995,OFF-AP-10001366,West,43.92,4,0.0,11.8584,0.26999999999999996
CA-2014-133704,2014-09-20,2014-09-26,MA-17995,OFF-BI-10001636,West,20.232,3,0.2,6.5754,0.325
CA-2016-159142,2016-04-04,2016-04-05,ME-17320,TEC-PH-10001448,South,149.97,3,0.0,5.9988,0.04
CA-2016-159142,2016-04-04,2016-04-05,ME-17320,OFF-PA-10001776,South,27.81,3,0.0,13.0707,0.47000000000000003
CA-2014-138436,2014-03-26,2014-03-30,JD-15895,TEC-AC-10002323,West,66.3,3,0.0,8.619,0.13
CA-2017-117702,2017-11-28,2017-12-04,LS-16975,OFF-AR-10004582,East,1.64,1,0.0,0.738,0.45
CA-2017-117702,2017-11-28,2017-12-04,LS-16975,FUR-FU-10000576,East,1049.2,5,0.0,272.792,0.25999999999999995
CA-2017-117702,2017-11-28,2017-12-04,LS-16975,FUR-FU-10004270,East,20.9,5,0.0,7.524,0.36000000000000004
CA-2016-157336,2016-12-01,2016-12-05,SJ-20500,OFF-BI-10004236,East,88.08,6,0.0,40.5168,0.4600000000000001
CA-2016-157336,2016-12-01,2016-12-05,SJ-20500,FUR-CH-10004997,East,751.92,4,0.0,150.384,0.19999999999999998
CA-2014-168130,2014-09-19,2014-09-19,BS-11365,FUR-CH-10000988,East,887.103,7,0.1,177.4206,0.2
CA-2015-155068,2015-10-23,2015-10-23,RA-19285,TEC-PH-10004897,South,55.944,7,0.2,-13.2867,-0.2375
CA-2015-155068,2015-10-23,2015-10-23,RA-19285,OFF-AR-10002656,South,10.688,2,0.2,2.2712,0.21249999999999997
CA-2015-155068,2015-10-23,2015-10-23,RA-19285,TEC-PH-10004924,South,11.824,2,0.2,1.0346,0.0875
CA-2017-163160,2017-10-13,2017-10-16,TS-21610,OFF-PA-10003127,Central,63.312,3,0.2,20.5764,0.325
CA-2017-163160,2017-10-13,2017-10-16,TS-21610,OFF-BI-10000778,Central,96.784,4,0.8,-145.176,-1.4999999999999998
CA-2017-163160,2017-10-13,2017-10-16,TS-21610,FUR-FU-10001424,Central,10.476,3,0.6,-6.8094,-0.6499999999999999
CA-2015-101924,2015-09-04,2015-09-09,KB-16585,OFF-BI-10000962,West,9.762,2,0.7,-6.8334,-0.7
CA-2016-124793,2016-03-14,2016-03-16,MM-18280,FUR-CH-10002880,West,196.784,2,0.2,-22.1382,-0.11250000000000002
CA-2017-118367,2017-10-28,2017-11-02,LO-17170,OFF-EN-10004386,East,47.98,2,0.0,23.99,0.5
CA-2017-164819,2017-10-15,2017-10-19,RS-19420,OFF-LA-10001045,East,13.05,5,0.0,6.003,0.45999999999999996
CA-2017-158344,2017-08-07,2017-08-11,CC-12475,TEC-AC-10002006,Central,63.96,4,0.0,19.8276,0.31
CA-2017-123351,2017-09-21,2017-09-25,KT-16480,OFF-AP-10001242,South,80.48,1,0.0,24.144,0.3
CA-2017-110429,2017-11-03,2017-11-08,DM-13015,OFF-BI-10000216,East,11.673,3,0.7,-7.782,-0.6666666666666666
US-2016-131611,2016-11-05,2016-11-09,EP-13915,FUR-TA-10002774,Central,863.128,8,0.3,-160.2952,-0.1857142857142857
US-2016-131611,2016-11-05,2016-11-09,EP-13915,OFF-BI-10004364,Central,3.564,3,0.8,-6.237,-1.75
US-2016-131611,2016-11-05,2016-11-09,EP-13915,FUR-BO-10000780,Central,956.6648,7,0.32,-225.0976,-0.23529411764705882
US-2016-131611,2016-11-05,2016-11-09,EP-13915,OFF-BI-10001989,Central,12.588,3,0.8,-20.1408,-1.6
US-2016-131611,2016-11-05,2016-11-09,EP-13915,TEC-AC-10004001,Central,171.96,5,0.2,45.1395,0.26249999999999996
US-2017-124821,2017-06-25,2017-06-29,AM-10705,FUR-TA-10000688,West,871.4,4,0.0,148.138,0.17
CA-2015-166975,2015-11-26,2015-11-30,SH-20635,FUR-FU-10003930,South,692.472,11,0.2,190.4298,0.275
CA-2016-123806,2016-11-24,2016-11-27,LA-16780,FUR-FU-10000965,East,207.76,4,0.0,85.1816,0.41000000000000003
US-2017-158505,2017-07-21,2017-07-21,SF-20200,TEC-PH-10004071,West,71.928,9,0.2,6.2937,0.08750000000000001
US-2017-158505,2017-07-21,2017-07-21,SF-20200,OFF-AR-10001044,West,25.99,1,0.0,7.5371,0.29
CA-2015-142692,2015-10-23,2015-10-28,AG-10495,OFF-BI-10004140,West,3.592,1,0.2,1.1225,0.3125
CA-2015-123456,2015-07-09,2015-07-13,KN-16450,OFF-AP-10002684,Central,48.632,2,0.8,-121.58,-2.5
CA-2017-151358,2017-08-18,2017-08-22,NF-18595,OFF-ST-10000046,West,323.1,2,0.0,61.389,0.19
US-2016-107440,2016-04-16,2016-04-20,BS-11365,TEC-MA-10001047,East,9099.93,7,0.0,2365.9818,0.26
US-2016-107440,2016-04-16,2016-04-20,BS-11365,FUR-FU-10000550,East,9.96,2,0.0,3.2868,0.32999999999999996
US-2016-107440,2016-04-16,2016-04-20,BS-11365,OFF-BI-10002432,East,25.3,5,0.0,11.891,0.47
CA-2014-166989,2014-11-14,2014-11-18,RM-19675,OFF-PA-10004470,East,11.36,2,0.0,5.2256,0.46
CA-2014-166989,2014-11-14,2014-11-18,RM-19675,FUR-CH-10001797,East,69.264,2,0.1,14.6224,0.21111111111111114
CA-2014-103100,2014-12-20,2014-12-23,AB-10105,OFF-LA-10003720,Central,3.69,1,0.0,1.7343,0.47
CA-2014-103100,2014-12-20,2014-12-23,AB-10105,OFF-BI-10004600,Central,1103.97,3,0.0,496.7865,0.44999999999999996
CA-2015-105690,2015-11-21,2015-11-26,CA-11965,FUR-BO-10003965,Central,246.1328,2,0.32,-76.0116,-0.3088235294117647
CA-2015-105690,2015-11-21,2015-11-26,CA-11965,OFF-LA-10000240,Central,11.696,2,0.2,3.9474,0.3375
CA-2015-105690,2015-11-21,2015-11-26,CA-11965,TEC-CO-10001571,Central,439.992,1,0.2,164.997,0.375
CA-2017-127516,2017-12-28,2018-01-03,EH-14005,OFF-ST-10000736,South,64.784,1,0.2,-12.9568,-0.19999999999999998
US-2015-117184,2015-05-17,2015-05-21,ON-18715,OFF-BI-10002082,Central,33.28,5,0.8,-49.92,-1.5
US-2015-117184,2015-05-17,2015-05-21,ON-18715,OFF-PA-10002250,Central,14.088,3,0.2,4.9308,0.35
CA-2017-102407,2017-12-09,2017-12-13,AT-10435,OFF-AR-10000122,West,11.16,2,0.0,2.79,0.25
CA-2017-102407,2017-12-09,2017-12-13,AT-10435,FUR-TA-10003748,West,896.328,9,0.2,22.4082,0.025
CA-2017-102407,2017-12-09,2017-12-13,AT-10435,OFF-AP-10001394,West,189.0,1,0.0,68.04,0.36000000000000004
CA-2017-130967,2017-03-10,2017-03-16,EB-13870,TEC-PH-10004896,East,53.982,3,0.4,-10.7964,-0.2
CA-2017-101581,2017-10-22,2017-10-27,DW-13195,FUR-TA-10002607,West,177.225,5,0.5,-120.513,-0.68
CA-2017-169124,2017-07-03,2017-07-10,MB-17305,FUR-FU-10001215,West,129.39,3,0.0,54.3438,0.42000000000000004
CA-2017-117261,2017-09-04,2017-09-10,TH-21235,OFF-ST-10000419,West,54.32,4,0.0,0.5432,0.01
CA-2017-129021,2017-08-23,2017-08-26,PO-18850,TEC-PH-10001459,South,4367.896,13,0.2,327.5922,0.075
CA-2017-129021,2017-08-23,2017-08-26,PO-18850,OFF-PA-10000241,South,49.568,2,0.2,15.49,0.3125
CA-2017-129021,2017-08-23,2017-08-26,PO-18850,OFF-AP-10003040,South,161.376,6,0.2,12.1032,0.075
CA-2017-129021,2017-08-23,2017-08-26,PO-18850,FUR-FU-10001852,South,2.784,2,0.2,0.4176,0.15000000000000002
CA-2017-129021,2017-08-23,2017-08-26,PO-18850,OFF-PA-10000141,South,8.72,5,0.2,2.943,0.33749999999999997
CA-2014-123253,2014-08-22,2014-08-25,DE-13255,OFF-AR-10002804,East,3.912,1,0.2,1.0269,0.2625
CA-2016-121601,2016-10-04,2016-10-04,MO-17500,OFF-EN-10003862,Central,59.752,7,0.2,19.4194,0.32499999999999996
CA-2014-162278,2014-10-26,2014-10-30,AH-10585,FUR-FU-10000448,West,63.92,4,0.0,3.196,0.05
CA-2014-162278,2014-10-26,2014-10-30,AH-10585,TEC-PH-10000526,West,383.96,5,0.2,38.396,0.1
CA-2016-161095,2016-06-28,2016-06-28,CS-12250,OFF-BI-10002764,West,7.752,3,0.2,2.8101,0.3625
CA-2016-161095,2016-06-28,2016-06-28,CS-12250,OFF-BI-10001524,West,33.568,2,0.2,11.7488,0.35
CA-2014-125829,2014-11-04,2014-11-11,WB-21850,TEC-PH-10001079,West,666.344,7,0.2,66.6344,0.09999999999999999
CA-2014-125829,2014-11-04,2014-11-11,WB-21850,FUR-TA-10002041,West,573.728,4,0.2,-64.5444,-0.1125
CA-2014-125829,2014-11-04,2014-11-11,WB-21850,OFF-BI-10001036,West,21.936,3,0.2,8.226,0.37500000000000006
CA-2014-125829,2014-11-04,2014-11-11,WB-21850,OFF-PA-10000223,West,19.44,3,0.0,9.3312,0.48000000000000004
CA-2014-125829,2014-11-04,2014-11-11,WB-21850,TEC-MA-10003246,West,447.968,4,0.2,139.99,0.3125
CA-2014-123127,2014-09-08,2014-09-12,SP-20620,OFF-AP-10001962,East,16.78,2,0.0,4.195,0.25
CA-2015-115945,2015-06-25,2015-07-01,AB-10165,OFF-AR-10004062,West,20.96,2,0.0,5.24,0.25
CA-2015-115945,2015-06-25,2015-07-01,AB-10165,OFF-BI-10004330,West,88.752,3,0.2,27.735,0.3125
CA-2015-115945,2015-06-25,2015-07-01,AB-10165,OFF-ST-10001963,West,304.23,3,0.0,9.1269,0.029999999999999995
CA-2015-136735,2015-07-26,2015-08-02,HA-14920,OFF-EN-10002230,West,167.86,2,0.0,78.8942,0.47
US-2017-136189,2017-12-07,2017-12-11,DC-13285,FUR-FU-10000175,South,82.38,6,0.0,25.5378,0.31000000000000005
CA-2014-152345,2014-12-29,2015-01-03,ST-20530,TEC-PH-10004897,West,23.976,3,0.2,-5.6943,-0.23750000000000002
CA-2014-152345,2014-12-29,2015-01-03,ST-20530,OFF-ST-10003123,West,33.29,1,0.0,7.9896,0.24000000000000002
US-2015-147662,2015-02-14,2015-02-19,KB-16315,OFF-BI-10001658,East,14.952,2,0.7,-11.9616,-0.8
US-2015-147662,2015-02-14,2015-02-19,KB-16315,TEC-PH-10002834,East,323.982,3,0.4,-80.9955,-0.25
US-2015-147662,2015-02-14,2015-02-19,KB-16315,OFF-BI-10002160,East,2.286,2,0.7,-1.6764,-0.7333333333333333
US-2015-147662,2015-02-14,2015-02-19,KB-16315,OFF-AR-10004999,East,14.352,3,0.2,0.897,0.0625
US-2015-147662,2015-02-14,2015-02-19,KB-16315,TEC-AC-10003280,East,71.976,3,0.2,0.8997,0.0125
CA-2016-153346,2016-01-25,2016-01-27,TB-21355,OFF-AR-10000315,East,9.21,3,0.0,2.3025,0.25
CA-2016-153346,2016-01-25,2016-01-27,TB-21355,OFF-PA-10000007,East,18.0,5,0.0,8.28,0.45999999999999996
CA-2017-118360,2017-04-01,2017-04-07,JC-15775,OFF-PA-10000791,East,42.93,9,0.0,19.3185,0.45
CA-2017-149853,2017-10-03,2017-10-09,PO-18850,OFF-PA-10000556,South,15.552,3,0.2,5.4432,0.35000000000000003
CA-2017-149853,2017-10-03,2017-10-09,PO-18850,OFF-AP-10000804,South,17.92,5,0.2,1.12,0.0625
CA-2017-107909,2017-09-01,2017-09-06,SS-20875,TEC-AC-10001998,West,19.99,1,0.0,6.7966,0.34
CA-2017-107909,2017-09-01,2017-09-06,SS-20875,OFF-BI-10003476,West,22.92,5,0.2,8.022,0.35
CA-2015-112375,2015-12-21,2015-12-27,RD-19720,TEC-AC-10003237,South,50.88,6,0.2,14.628,0.2875
CA-2015-112375,2015-12-21,2015-12-27,RD-19720,OFF-EN-10003798,South,27.312,2,0.2,9.2178,0.3375
CA-2015-154795,2015-12-20,2015-12-24,GZ-14470,OFF-EN-10003068,West,7.92,1,0.2,2.772,0.35
CA-2015-154795,2015-12-20,2015-12-24,GZ-14470,FUR-FU-10002088,West,14.368,2,0.2,3.9512,0.275
CA-2015-125234,2015-11-27,2015-12-01,SN-20710,TEC-AC-10000158,West,107.97,3,0.0,22.6737,0.21
CA-2015-125234,2015-11-27,2015-12-01,SN-20710,OFF-PA-10000482,West,113.82,3,0.0,53.4954,0.47
CA-2017-133501,2017-08-27,2017-09-01,DK-12895,OFF-PA-10004888,South,5.184,1,0.2,1.8144,0.35
US-2014-129609,2014-03-22,2014-03-22,VM-21835,OFF-AR-10003478,Central,16.28,2,0.0,6.512,0.39999999999999997
CA-2017-130309,2017-12-17,2017-12-21,GB-14575,OFF-ST-10003208,South,544.38,3,0.0,157.8702,0.29000000000000004
CA-2017-105410,2017-03-19,2017-03-22,ND-18370,OFF-BI-10004970,West,19.824,6,0.2,6.6906,0.33749999999999997
CA-2017-105410,2017-03-19,2017-03-22,ND-18370,TEC-PH-10000038,West,657.504,6,0.2,-131.5008,-0.19999999999999998
CA-2017-105410,2017-03-19,2017-03-22,ND-18370,TEC-AC-10001552,West,99.54,2,0.0,10.9494,0.11
CA-2017-105410,2017-03-19,2017-03-22,ND-18370,TEC-AC-10002926,West,199.96,4,0.0,85.9828,0.43
CA-2016-120355,2016-09-18,2016-09-25,MM-17260,FUR-CH-10001394,East,631.782,2,0.1,140.396,0.22222222222222218
CA-2016-120355,2016-09-18,2016-09-25,MM-17260,FUR-FU-10004053,East,60.72,3,0.0,26.1096,0.43
CA-2017-169894,2017-11-24,2017-11-29,MV-17485,OFF-BI-10004230,West,20.724,2,0.7,-15.1976,-0.7333333333333333
CA-2017-169894,2017-11-24,2017-11-29,MV-17485,OFF-ST-10000060,West,415.872,8,0.2,-41.5872,-0.1
US-2017-100482,2017-04-11,2017-04-15,JL-15130,OFF-ST-10001325,East,16.768,2,0.2,1.4672,0.0875
US-2017-100482,2017-04-11,2017-04-15,JL-15130,TEC-AC-10003441,East,27.12,2,0.2,-4.746,-0.17500000000000002
CA-2017-107748,2017-12-10,2017-12-12,AG-10330,TEC-PH-10003215,West,95.84,4,0.2,34.742,0.36249999999999993
CA-2017-107748,2017-12-10,2017-12-12,AG-10330,OFF-PA-10002005,West,12.96,2,0.0,6.2208,0.4799999999999999
CA-2017-153654,2017-11-24,2017-11-26,MD-17860,OFF-BI-10004465,South,19.008,8,0.7,-12.672,-0.6666666666666667
CA-2015-155600,2015-12-04,2015-12-07,RO-19780,OFF-BI-10000545,South,1598.058,7,0.7,-1065.372,-0.6666666666666667
CA-2015-155600,2015-12-04,2015-12-07,RO-19780,OFF-AR-10003752,South,36.96,4,0.2,12.012,0.325
CA-2017-162565,2017-12-11,2017-12-11,RR-19315,OFF-PA-10001937,Central,10.368,2,0.2,3.6288,0.35
CA-2017-162565,2017-12-11,2017-12-11,RR-19315,FUR-FU-10004306,Central,77.72,1,0.6,-66.062,-0.85
CA-2017-162565,2017-12-11,2017-12-11,RR-19315,FUR-CH-10003973,Central,520.464,2,0.3,-14.8704,-0.028571428571428567
CA-2016-127642,2016-05-21,2016-05-23,CP-12340,OFF-PA-10000565,East,111.96,2,0.0,54.8604,0.49
US-2017-163195,2017-02-17,2017-02-21,LL-16840,TEC-PH-10003875,South,29.16,3,0.0,8.4564,0.29000000000000004
CA-2017-111332,2017-05-20,2017-05-22,NC-18340,OFF-AR-10001953,Central,131.94,3,0.0,35.6238,0.27
CA-2017-111332,2017-05-20,2017-05-22,NC-18340,OFF-AR-10001374,Central,25.92,4,0.0,8.2944,0.31999999999999995
CA-2017-111332,2017-05-20,2017-05-22,NC-18340,OFF-ST-10003816,Central,704.76,4,0.0,162.0948,0.22999999999999998
CA-2017-111332,2017-05-20,2017-05-22,NC-18340,OFF-FA-10001843,Central,7.41,3,0.0,3.4827,0.47
CA-2017-111332,2017-05-20,2017-05-22,NC-18340,OFF-AR-10000657,Central,21.5,10,0.0,7.095,0.33
CA-2017-117044,2017-09-11,2017-09-13,HA-14920,OFF-FA-10000936,Central,10.528,4,0.2,3.29,0.3125
CA-2017-117044,2017-09-11,2017-09-13,HA-14920,OFF-PA-10003657,Central,20.544,6,0.2,6.42,0.3125
US-2016-165078,2016-11-05,2016-11-10,MA-17995,OFF-BI-10001989,Central,104.9,5,0.0,50.352,0.4799999999999999
US-2016-165078,2016-11-05,2016-11-10,MA-17995,OFF-AR-10002987,Central,39.68,2,0.0,16.2688,0.41
US-2016-165078,2016-11-05,2016-11-10,MA-17995,OFF-LA-10000414,Central,51.75,5,0.0,24.84,0.48
US-2017-169320,2017-07-23,2017-07-25,LH-16900,OFF-AR-10003602,Central,11.68,2,0.0,5.4896,0.47000000000000003
US-2017-169320,2017-07-23,2017-07-25,LH-16900,TEC-AC-10002550,Central,159.75,5,0.0,11.1825,0.06999999999999999
CA-2016-158575,2016-11-18,2016-11-24,SB-20290,OFF-AP-10002998,East,103.968,6,0.2,16.8948,0.1625
CA-2014-166954,2014-04-25,2014-04-30,BT-11305,FUR-FU-10003708,West,303.25,5,0.0,63.6825,0.21
CA-2014-166954,2014-04-25,2014-04-30,BT-11305,OFF-AP-10001391,West,270.72,3,0.0,78.5088,0.2899999999999999
CA-2014-166954,2014-04-25,2014-04-30,BT-11305,FUR-CH-10003973,West,1487.04,5,0.2,148.704,0.1
CA-2015-140830,2015-11-30,2015-12-02,PS-18970,OFF-EN-10000461,South,17.48,2,0.0,8.2156,0.47000000000000003
CA-2015-140830,2015-11-30,2015-12-02,PS-18970,OFF-EN-10002831,South,71.88,2,0.0,32.346,0.44999999999999996
CA-2015-152891,2015-10-25,2015-10-30,TB-21625,OFF-AR-10004648,West,60.45,3,0.0,16.3215,0.27
CA-2015-152891,2015-10-25,2015-10-30,TB-21625,FUR-TA-10001857,West,253.176,3,0.2,-31.647,-0.125
US-2015-122784,2015-07-20,2015-07-27,RA-19915,OFF-BI-10000546,Central,2.88,5,0.8,-4.464,-1.5500000000000003
US-2015-122784,2015-07-20,2015-07-27,RA-19915,FUR-BO-10004690,Central,384.944,4,0.3,-126.4816,-0.32857142857142857
US-2015-122784,2015-07-20,2015-07-27,RA-19915,TEC-PH-10001557,Central,153.584,2,0.2,13.4386,0.0875
US-2015-122784,2015-07-20,2015-07-27,RA-19915,FUR-BO-10002545,Central,913.43,5,0.3,-52.196,-0.05714285714285714
CA-2016-156811,2016-10-27,2016-11-02,BP-11095,OFF-AP-10001366,West,43.92,4,0.0,11.8584,0.26999999999999996
CA-2016-156811,2016-10-27,2016-11-02,BP-11095,OFF-BI-10001628,West,25.032,3,0.2,7.8225,0.3125
CA-2017-111556,2017-11-20,2017-11-22,CD-11920,OFF-PA-10003651,East,46.76,7,0.0,22.4448,0.48000000000000004
CA-2017-111556,2017-11-20,2017-11-22,CD-11920,FUR-BO-10003159,East,183.968,2,0.2,-25.2956,-0.1375
CA-2017-111556,2017-11-20,2017-11-22,CD-11920,TEC-PH-10001459,East,1259.97,3,0.0,327.5922,0.26
CA-2017-111556,2017-11-20,2017-11-22,CD-11920,OFF-AR-10004602,East,68.97,3,0.0,19.3116,0.27999999999999997
CA-2016-108868,2016-09-08,2016-09-12,KB-16585,OFF-AR-10001953,Central,70.368,2,0.2,6.1572,0.0875
CA-2016-108868,2016-09-08,2016-09-12,KB-16585,TEC-PH-10000923,Central,59.96,5,0.2,21.7355,0.3625
CA-2014-142965,2014-07-20,2014-07-20,SW-20245,OFF-ST-10002583,East,25.984,1,0.2,-5.1968,-0.19999999999999998
CA-2014-142965,2014-07-20,2014-07-20,SW-20245,OFF-BI-10000977,East,27.36,3,0.7,-21.888,-0.8
CA-2016-148740,2016-11-15,2016-11-19,AH-10690,TEC-PH-10002549,West,361.376,2,0.2,27.1032,0.07500000000000001
US-2014-138758,2014-07-07,2014-07-11,JL-15835,FUR-CH-10002880,East,172.186,2,0.3,-46.7362,-0.2714285714285714
US-2014-138758,2014-07-07,2014-07-11,JL-15835,FUR-FU-10003039,East,69.008,2,0.2,12.0764,0.17500000000000002
CA-2016-131737,2016-03-17,2016-03-17,GZ-14470,OFF-EN-10003055,East,199.9,5,0.0,89.955,0.44999999999999996
CA-2016-131737,2016-03-17,2016-03-17,GZ-14470,OFF-AP-10002945,East,901.95,3,0.0,297.6435,0.33
CA-2016-131737,2016-03-17,2016-03-17,GZ-14470,FUR-FU-10004306,East,971.5,5,0.0,252.59,0.26
CA-2016-114538,2016-12-26,2016-12-27,RC-19825,OFF-AR-10002445,West,11.328,2,0.2,2.5488,0.225
CA-2014-127936,2014-09-02,2014-09-04,CL-12565,OFF-AR-10002445,East,21.24,3,0.0,8.0712,0.38
CA-2015-164336,2015-07-05,2015-07-10,MW-18220,TEC-AC-10002345,East,34.8,3,0.2,2.175,0.0625
CA-2015-164336,2015-07-05,2015-07-10,MW-18220,OFF-ST-10001558,East,38.976,3,0.2,-2.436,-0.0625
CA-2016-100041,2016-11-20,2016-11-25,BF-10975,OFF-PA-10001622,Central,9.08,2,0.0,4.086,0.45
CA-2016-100041,2016-11-20,2016-11-25,BF-10975,OFF-PA-10000418,Central,314.55,3,0.0,150.984,0.48000000000000004
CA-2016-100041,2016-11-20,2016-11-25,BF-10975,OFF-BI-10000343,Central,4.91,1,0.0,2.3077,0.47000000000000003
US-2014-154879,2014-05-06,2014-05-11,SN-20710,OFF-LA-10004425,West,5.78,2,0.0,2.7166,0.47000000000000003
US-2014-154879,2014-05-06,2014-05-11,SN-20710,OFF-AR-10001897,West,107.94,6,0.0,30.2232,0.27999999999999997
CA-2014-130624,2014-06-21,2014-06-24,TB-21280,OFF-PA-10003883,East,19.65,3,0.0,9.039,0.46
CA-2014-130624,2014-06-21,2014-06-24,TB-21280,TEC-PH-10003963,East,617.97,3,0.0,160.6722,0.26
CA-2014-130624,2014-06-21,2014-06-24,TB-21280,OFF-AP-10001303,East,59.7,3,0.0,26.865,0.44999999999999996
CA-2017-132339,2017-08-19,2017-08-23,JB-15400,OFF-BI-10003925,East,387.99,1,0.0,182.3553,0.47
CA-2014-153983,2014-11-29,2014-12-06,AH-10210,TEC-PH-10004586,West,575.92,2,0.2,71.99,0.125
CA-2014-153983,2014-11-29,2014-12-06,AH-10210,OFF-FA-10003495,West,30.4,5,0.0,15.2,0.5
CA-2017-112900,2017-04-09,2017-04-12,KL-16645,OFF-BI-10002867,Central,478.24,8,0.0,219.9904,0.45999999999999996
CA-2014-160157,2014-12-20,2014-12-27,MH-17455,FUR-FU-10003773,East,190.848,3,0.2,-21.4704,-0.1125
CA-2014-139633,2014-12-17,2014-12-24,EC-14050,OFF-BI-10002954,East,5.484,4,0.7,-4.0216,-0.7333333333333334
CA-2015-163090,2015-11-17,2015-11-21,GH-14665,OFF-SU-10002537,Central,40.92,5,0.2,3.069,0.075
CA-2014-117016,2014-03-04,2014-03-09,SC-20095,OFF-AR-10001374,South,15.552,3,0.2,2.3328,0.15000000000000002
CA-2017-159464,2017-05-18,2017-05-19,TB-21355,OFF-AP-10001492,South,17.24,2,0.0,4.4824,0.26
CA-2017-159464,2017-05-18,2017-05-19,TB-21355,FUR-BO-10003546,South,302.94,3,0.0,75.735,0.25
CA-2017-159464,2017-05-18,2017-05-19,TB-21355,TEC-PH-10002185,South,34.75,5,0.0,15.6375,0.44999999999999996
CA-2017-159464,2017-05-18,2017-05-19,TB-21355,OFF-BI-10000315,South,113.94,6,0.0,54.6912,0.48000000000000004
CA-2017-159464,2017-05-18,2017-05-19,TB-21355,TEC-PH-10002350,South,55.98,2,0.0,15.6744,0.28
US-2017-103226,2017-09-22,2017-09-28,DW-13195,OFF-PA-10002666,West,27.18,3,0.0,12.231,0.45
CA-2017-119452,2017-03-21,2017-03-27,CL-12565,FUR-CH-10004495,Central,1805.88,6,0.0,523.7052,0.29
CA-2017-147725,2017-09-14,2017-09-14,LT-17110,OFF-AR-10001725,East,70.95,3,0.0,18.447,0.25999999999999995
CA-2016-168893,2016-11-03,2016-11-08,AP-10915,OFF-FA-10002280,South,20.0,4,0.0,9.6,0.48
CA-2016-168893,2016-11-03,2016-11-08,AP-10915,OFF-AR-10001770,South,7.98,3,0.0,2.0748,0.26
CA-2016-168893,2016-11-03,2016-11-08,AP-10915,FUR-FU-10002885,South,24.1,5,0.0,9.158,0.37999999999999995
CA-2016-168893,2016-11-03,2016-11-08,AP-10915,OFF-AR-10003772,South,8.75,1,0.0,2.625,0.3
CA-2016-168893,2016-11-03,2016-11-08,AP-10915,FUR-TA-10003392,South,842.94,3,0.0,160.1586,0.19
CA-2016-163398,2016-05-03,2016-05-08,CB-12415,OFF-BI-10000014,Central,2.182,1,0.8,-3.6003,-1.65
CA-2016-163398,2016-05-03,2016-05-08,CB-12415,OFF-AR-10003217,Central,27.384,7,0.2,2.7384,0.09999999999999999
CA-2016-163398,2016-05-03,2016-05-08,CB-12415,OFF-AP-10002403,Central,26.406,3,0.8,-71.2962,-2.7
CA-2016-162726,2016-12-27,2017-01-02,MT-17815,OFF-PA-10001972,Central,10.368,2,0.2,3.6288,0.35
CA-2016-162726,2016-12-27,2017-01-02,MT-17815,OFF-PA-10004041,Central,23.68,4,0.2,7.4,0.3125
US-2016-111290,2016-07-22,2016-07-26,DK-13375,TEC-AC-10004975,Central,109.95,1,0.0,36.2835,0.32999999999999996
US-2016-111290,2016-07-22,2016-07-26,DK-13375,OFF-ST-10001932,Central,965.85,5,0.0,135.219,0.13999999999999999
US-2016-111290,2016-07-22,2016-07-26,DK-13375,OFF-AR-10001761,Central,29.2,5,0.0,10.512,0.36000000000000004
US-2016-111290,2016-07-22,2016-07-26,DK-13375,OFF-PA-10002262,Central,32.4,5,0.0,15.552,0.48
US-2014-147704,2014-11-16,2014-11-21,SR-20740,OFF-EN-10004483,Central,78.35,5,0.0,36.8245,0.47000000000000003
US-2014-147704,2014-11-16,2014-11-21,SR-20740,OFF-PA-10003270,Central,31.68,6,0.0,14.256,0.45
US-2014-147704,2014-11-16,2014-11-21,SR-20740,OFF-BI-10001634,Central,29.12,4,0.0,14.2688,0.49
US-2014-147704,2014-11-16,2014-11-21,SR-20740,OFF-ST-10000675,Central,169.45,5,0.0,42.3625,0.25
CA-2015-121965,2015-06-19,2015-06-23,LH-17155,FUR-FU-10000732,West,12.56,2,0.0,4.0192,0.31999999999999995
CA-2015-121965,2015-06-19,2015-06-23,LH-17155,OFF-PA-10004355,West,6.48,1,0.0,3.1104,0.4799999999999999
CA-2015-121965,2015-06-19,2015-06-23,LH-17155,OFF-EN-10000056,West,186.69,3,0.0,87.7443,0.47
CA-2016-147137,2016-07-04,2016-07-06,AA-10645,FUR-FU-10000221,West,25.4,5,0.0,8.636,0.33999999999999997
CA-2016-147137,2016-07-04,2016-07-06,AA-10645,OFF-EN-10003567,West,43.96,2,0.0,20.6612,0.47000000000000003
CA-2016-147137,2016-07-04,2016-07-06,AA-10645,FUR-BO-10001811,West,1279.165,5,0.15,225.735,0.17647058823529413
CA-2016-147137,2016-07-04,2016-07-06,AA-10645,OFF-ST-10002486,West,27.92,4,0.0,0.5584,0.02
US-2015-146745,2015-09-03,2015-09-08,AS-10630,FUR-CH-10002372,West,129.568,2,0.2,-12.9568,-0.09999999999999999
US-2015-146745,2015-09-03,2015-09-08,AS-10630,OFF-BI-10003274,West,6.368,2,0.2,2.1492,0.33749999999999997
CA-2017-115175,2017-08-07,2017-08-12,MC-17575,OFF-PA-10001878,West,244.55,5,0.0,114.9385,0.47
CA-2017-105851,2017-03-13,2017-03-20,SE-20110,OFF-SU-10002881,West,1332.496,2,0.2,-299.8116,-0.22499999999999998
US-2017-125717,2017-09-28,2017-10-01,DS-13030,FUR-FU-10001979,West,32.776,1,0.2,3.2776,0.09999999999999999
US-2017-125717,2017-09-28,2017-10-01,DS-13030,OFF-ST-10001522,West,147.184,2,0.2,-29.4368,-0.2
US-2017-125717,2017-09-28,2017-10-01,DS-13030,TEC-AC-10003657,West,54.384,2,0.2,1.3596,0.024999999999999998
US-2017-125717,2017-09-28,2017-10-01,DS-13030,OFF-BI-10001718,West,76.776,4,0.7,-58.8616,-0.7666666666666667
US-2017-125717,2017-09-28,2017-10-01,DS-13030,OFF-PA-10003022,West,14.352,3,0.2,5.2026,0.3625
US-2017-125717,2017-09-28,2017-10-01,DS-13030,OFF-AP-10000891,West,209.792,2,0.2,26.224,0.125
CA-2015-163895,2015-08-07,2015-08-11,NS-18640,OFF-BI-10004970,West,3.304,1,0.2,1.1151,0.3375
CA-2017-168641,2017-11-24,2017-12-01,KA-16525,OFF-AR-10003759,East,16.38,9,0.0,7.371,0.45000000000000007
CA-2017-168641,2017-11-24,2017-12-01,KA-16525,OFF-EN-10003001,East,167.96,2,0.0,78.9412,0.47
CA-2017-168641,2017-11-24,2017-12-01,KA-16525,FUR-BO-10000780,East,321.568,2,0.2,-16.0784,-0.049999999999999996
CA-2017-168641,2017-11-24,2017-12-01,KA-16525,OFF-PA-10001972,East,12.96,2,0.0,6.2208,0.4799999999999999
CA-2017-156895,2017-05-08,2017-05-12,DJ-13510,FUR-CH-10003535,East,128.058,3,0.3,-23.7822,-0.18571428571428572
CA-2017-121300,2017-09-29,2017-09-29,MG-17680,FUR-CH-10003774,East,63.686,1,0.3,-15.4666,-0.24285714285714285
CA-2017-121300,2017-09-29,2017-09-29,MG-17680,TEC-AC-10004571,East,239.976,3,0.2,65.9934,0.27499999999999997
CA-2017-121300,2017-09-29,2017-09-29,MG-17680,FUR-TA-10004442,East,344.22,2,0.4,-189.321,-0.5499999999999999
CA-2017-121300,2017-09-29,2017-09-29,MG-17680,OFF-PA-10002787,East,15.552,3,0.2,5.4432,0.35000000000000003
CA-2017-121300,2017-09-29,2017-09-29,MG-17680,FUR-FU-10004586,East,21.248,4,0.2,7.4368,0.35
CA-2017-121300,2017-09-29,2017-09-29,MG-17680,OFF-PA-10002606,East,8.448,2,0.2,2.64,0.3125
CA-2017-130211,2017-10-22,2017-10-22,BD-11620,OFF-ST-10000129,Central,333.09,3,0.0,23.3163,0.07
CA-2017-130211,2017-10-22,2017-10-22,BD-11620,FUR-TA-10003748,Central,248.98,2,0.0,54.7756,0.22
CA-2014-147235,2014-03-24,2014-03-28,CD-11920,OFF-PA-10004948,East,24.9,5,0.0,11.703,0.47000000000000003
CA-2016-109365,2016-11-03,2016-11-08,XP-21865,OFF-FA-10001561,West,15.26,7,0.0,5.0358,0.33
CA-2016-109365,2016-11-03,2016-11-08,XP-21865,OFF-AP-10002998,West,43.32,2,0.0,14.2956,0.33
CA-2016-109365,2016-11-03,2016-11-08,XP-21865,OFF-BI-10003981,West,43.584,12,0.2,15.7992,0.3625
CA-2016-109365,2016-11-03,2016-11-08,XP-21865,OFF-PA-10001725,West,116.28,3,0.0,56.9772,0.49000000000000005
CA-2016-109365,2016-11-03,2016-11-08,XP-21865,OFF-BI-10002071,West,9.296,2,0.2,3.0212,0.325
CA-2016-109365,2016-11-03,2016-11-08,XP-21865,OFF-PA-10000477,West,19.44,3,0.0,9.3312,0.48000000000000004
CA-2016-109365,2016-11-03,2016-11-08,XP-21865,OFF-PA-10004359,West,314.55,3,0.0,150.984,0.48000000000000004
CA-2015-162621,2015-09-05,2015-09-11,CA-12055,OFF-BI-10000962,Central,16.27,5,0.8,-25.2185,-1.55
CA-2015-162621,2015-09-05,2015-09-11,CA-12055,OFF-SU-10003567,Central,69.12,9,0.2,-14.688,-0.2125
CA-2015-162621,2015-09-05,2015-09-11,CA-12055,OFF-BI-10003708,Central,4.47,3,0.8,-7.8225,-1.75
CA-2017-105921,2017-08-14,2017-08-21,JM-15250,FUR-TA-10001095,West,418.296,3,0.2,5.2287,0.0125
CA-2014-150798,2014-12-01,2014-12-03,JK-15730,TEC-CO-10001571,East,659.988,2,0.4,109.998,0.16666666666666666
CA-2014-150798,2014-12-01,2014-12-03,JK-15730,FUR-FU-10000221,East,8.128,2,0.2,1.4224,0.17500000000000002
CA-2014-150798,2014-12-01,2014-12-03,JK-15730,OFF-PA-10001972,East,36.288,7,0.2,12.7008,0.35000000000000003
CA-2014-150798,2014-12-01,2014-12-03,JK-15730,FUR-CH-10000015,East,909.72,6,0.3,-51.984,-0.05714285714285714
CA-2017-112753,2017-06-18,2017-06-23,CC-12670,FUR-BO-10004015,West,917.9235,9,0.15,75.5937,0.08235294117647059
CA-2017-112753,2017-06-18,2017-06-23,CC-12670,OFF-PA-10002036,West,38.88,6,0.0,19.0512,0.49
CA-2017-155075,2017-12-02,2017-12-09,GW-14605,OFF-BI-10003650,East,631.176,4,0.7,-462.8624,-0.7333333333333333
CA-2014-103401,2014-11-21,2014-11-26,GR-14560,OFF-PA-10003309,West,12.96,2,0.0,6.2208,0.4799999999999999
CA-2016-124814,2016-04-10,2016-04-16,FM-14215,OFF-PA-10002787,West,12.96,2,0.0,6.2208,0.4799999999999999
CA-2016-124814,2016-04-10,2016-04-16,FM-14215,OFF-BI-10000174,West,23.2,5,0.2,8.12,0.35
CA-2014-116757,2014-06-30,2014-07-04,MS-17980,OFF-PA-10002005,Central,25.92,5,0.2,9.072,0.3499999999999999
CA-2014-116757,2014-06-30,2014-07-04,MS-17980,OFF-FA-10002815,Central,21.312,6,0.2,7.1928,0.33749999999999997
US-2014-138247,2014-12-24,2014-12-29,BF-11170,TEC-PH-10000213,West,173.656,7,0.2,17.3656,0.1
US-2014-138247,2014-12-24,2014-12-29,BF-11170,OFF-AP-10000828,West,361.96,2,0.0,101.3488,0.28
US-2014-138247,2014-12-24,2014-12-29,BF-11170,TEC-AC-10004708,West,62.85,3,0.0,13.1985,0.21
US-2014-138247,2014-12-24,2014-12-29,BF-11170,TEC-PH-10001530,West,818.376,3,0.2,51.1485,0.0625
US-2014-138247,2014-12-24,2014-12-29,BF-11170,OFF-ST-10002301,West,20.34,1,0.0,0.2034,0.01
US-2014-138247,2014-12-24,2014-12-29,BF-11170,FUR-FU-10002554,West,23.99,1,0.0,5.5177,0.23
CA-2017-167003,2017-05-23,2017-05-29,VS-21820,FUR-TA-10001520,West,171.288,3,0.2,-6.4233,-0.0375
CA-2016-119935,2016-11-10,2016-11-14,KM-16225,FUR-FU-10001085,Central,37.3,2,0.0,17.158,0.4600000000000001
CA-2016-119935,2016-11-10,2016-11-14,KM-16225,OFF-BI-10001597,Central,81.96,2,0.0,39.3408,0.48000000000000004
CA-2016-118969,2016-10-02,2016-10-03,LP-17095,OFF-BI-10002429,West,54.792,6,0.7,-40.1808,-0.7333333333333333
CA-2016-145240,2016-09-06,2016-09-08,BG-11740,OFF-ST-10001590,Central,10.784,1,0.2,0.8088,0.075
CA-2016-120873,2016-10-27,2016-11-01,BW-11200,FUR-CH-10000847,South,290.98,1,0.0,75.6548,0.25999999999999995
US-2017-111920,2017-10-22,2017-10-26,PS-18970,OFF-AR-10003179,Central,36.44,4,0.0,12.0252,0.33
US-2016-128678,2016-09-15,2016-09-20,RB-19570,OFF-PA-10000807,West,21.4,5,0.0,10.058,0.47000000000000003
US-2016-128678,2016-09-15,2016-09-20,RB-19570,OFF-BI-10002103,West,48.664,7,0.2,15.8158,0.32499999999999996
CA-2016-101385,2016-09-25,2016-10-01,JW-16075,OFF-AR-10004441,West,16.56,4,0.0,6.9552,0.42
CA-2017-107167,2017-06-10,2017-06-14,ND-18460,OFF-ST-10003805,South,1347.52,8,0.2,84.22,0.0625
CA-2014-109491,2014-02-20,2014-02-26,LC-16930,TEC-AC-10001284,Central,62.31,3,0.0,22.4316,0.36
CA-2014-109491,2014-02-20,2014-02-26,LC-16930,FUR-FU-10000221,Central,20.32,4,0.0,6.9088,0.34
CA-2017-105445,2017-02-20,2017-02-25,BP-11095,OFF-FA-10001229,West,9.432,3,0.2,3.0654,0.32499999999999996
CA-2014-107454,2014-11-02,2014-11-06,RD-19720,OFF-LA-10001569,East,34.86,7,0.0,16.0356,0.45999999999999996
CA-2014-107454,2014-11-02,2014-11-06,RD-19720,FUR-FU-10004018,East,89.34,6,0.0,24.1218,0.27
US-2017-105046,2017-07-17,2017-07-23,BE-11335,TEC-PH-10004536,East,269.98,2,0.0,67.495,0.25
US-2017-105046,2017-07-17,2017-07-23,BE-11335,OFF-PA-10004353,East,99.9,5,0.0,47.952,0.4799999999999999
US-2017-105046,2017-07-17,2017-07-23,BE-11335,FUR-FU-10004848,East,39.08,4,0.0,14.4596,0.37
CA-2017-152856,2017-09-08,2017-09-10,RS-19765,TEC-AC-10004864,East,116.832,4,0.2,33.5892,0.2875
CA-2016-134691,2016-11-14,2016-11-18,KC-16540,OFF-BI-10002393,Central,2.296,2,0.8,-3.9032,-1.7000000000000002
CA-2016-118759,2016-11-14,2016-11-17,MB-17305,FUR-CH-10002335,East,408.006,2,0.1,72.5344,0.1777777777777778
CA-2016-118759,2016-11-14,2016-11-17,MB-17305,OFF-ST-10001590,East,40.44,3,0.0,10.5144,0.26
CA-2014-140403,2014-10-10,2014-10-10,TN-21040,FUR-CH-10002774,West,122.352,3,0.2,13.7646,0.11249999999999999
CA-2014-140403,2014-10-10,2014-10-10,TN-21040,OFF-EN-10001219,West,15.28,2,0.0,7.4872,0.49
CA-2015-163104,2015-03-19,2015-03-26,MC-18130,OFF-PA-10001947,West,11.96,2,0.0,5.8604,0.49
CA-2017-138464,2017-07-08,2017-07-12,VF-21715,FUR-FU-10003142,West,15.84,3,0.0,4.9104,0.31
CA-2017-138464,2017-07-08,2017-07-12,VF-21715,OFF-BI-10001543,West,86.376,3,0.2,30.2316,0.35
CA-2017-138464,2017-07-08,2017-07-12,VF-21715,OFF-AR-10003560,West,18.24,3,0.0,6.2016,0.34
CA-2017-138464,2017-07-08,2017-07-12,VF-21715,OFF-AR-10004757,West,13.12,4,0.0,4.3296,0.33
CA-2015-104129,2015-02-27,2015-03-02,ES-14080,TEC-PH-10003800,East,105.98,2,0.0,1.0598,0.01
CA-2015-104129,2015-02-27,2015-03-02,ES-14080,FUR-TA-10004152,East,493.92,7,0.3,-28.224,-0.05714285714285714
US-2017-132206,2017-06-16,2017-06-21,MK-17905,OFF-BI-10000756,Central,5.936,7,0.8,-8.904,-1.5
CA-2017-113474,2017-03-30,2017-03-31,TM-21490,OFF-EN-10004206,Central,325.86,2,0.0,149.8956,0.45999999999999996
CA-2015-126557,2015-07-12,2015-07-17,RL-19615,FUR-CH-10004477,Central,383.607,9,0.3,-5.4801,-0.014285714285714285
CA-2015-126557,2015-07-12,2015-07-17,RL-19615,TEC-PH-10003505,Central,148.48,2,0.2,16.704,0.11250000000000002
CA-2015-126557,2015-07-12,2015-07-17,RL-19615,TEC-PH-10000526,Central,537.544,7,0.2,53.7544,0.09999999999999999
CA-2015-126557,2015-07-12,2015-07-17,RL-19615,OFF-BI-10003314,Central,1.928,2,0.8,-2.9884,-1.55
CA-2015-126557,2015-07-12,2015-07-17,RL-19615,OFF-AR-10003190,Central,6.912,3,0.2,0.6912,0.1
CA-2015-126557,2015-07-12,2015-07-17,RL-19615,FUR-FU-10001861,Central,7.76,1,0.6,-2.134,-0.27499999999999997
CA-2015-126557,2015-07-12,2015-07-17,RL-19615,TEC-PH-10003963,Central,659.168,4,0.2,49.4376,0.07500000000000001
US-2017-107636,2017-04-30,2017-05-02,NM-18520,OFF-LA-10003388,East,5.76,2,0.0,2.8224,0.49000000000000005
US-2014-165862,2014-07-13,2014-07-17,GK-14620,FUR-TA-10002855,West,351.216,3,0.2,4.3902,0.0125
US-2014-106334,2014-12-27,2015-01-02,JF-15490,FUR-CH-10004886,West,230.28,3,0.2,23.028,0.09999999999999999
US-2014-106334,2014-12-27,2015-01-02,JF-15490,OFF-PA-10003657,West,12.84,3,0.0,5.778,0.44999999999999996
CA-2016-101448,2016-02-27,2016-03-01,EB-13930,OFF-BI-10004738,Central,56.82,3,0.0,28.41,0.5
CA-2015-130218,2015-03-23,2015-03-26,SG-20470,OFF-FA-10003112,South,31.56,4,0.0,14.202,0.45
CA-2015-130218,2015-03-23,2015-03-26,SG-20470,OFF-ST-10002486,South,27.92,4,0.0,0.5584,0.02
US-2017-117331,2017-10-21,2017-10-28,ND-18370,OFF-BI-10003984,West,8.559,1,0.7,-6.5619,-0.7666666666666667
CA-2014-127383,2014-12-31,2015-01-05,CM-11815,OFF-EN-10004773,Central,49.568,2,0.2,17.9684,0.3625
CA-2014-110219,2014-05-05,2014-05-08,EB-13870,FUR-CH-10001146,Central,127.869,3,0.3,-9.1335,-0.07142857142857142
CA-2015-118871,2015-12-04,2015-12-09,HM-14860,OFF-EN-10003296,West,271.44,3,0.0,122.148,0.45
CA-2015-118871,2015-12-04,2015-12-09,HM-14860,TEC-PH-10000193,West,110.352,3,0.2,8.2764,0.075
CA-2015-118871,2015-12-04,2015-12-09,HM-14860,FUR-FU-10002111,West,36.4,5,0.0,13.832,0.38000000000000006
CA-2017-129490,2017-09-26,2017-09-30,SJ-20125,FUR-CH-10003298,South,419.136,4,0.2,-57.6312,-0.13749999999999998
CA-2014-101175,2014-12-09,2014-12-14,DM-12955,OFF-ST-10004950,West,100.704,6,0.2,-1.2588,-0.0125
US-2017-149510,2017-12-03,2017-12-10,MC-17575,OFF-AP-10002350,South,45.216,3,0.2,4.5216,0.1
US-2017-149510,2017-12-03,2017-12-10,MC-17575,OFF-BI-10004233,South,28.782,6,0.7,-21.1068,-0.7333333333333333
US-2017-149510,2017-12-03,2017-12-10,MC-17575,OFF-PA-10001892,South,24.448,4,0.2,8.8624,0.36249999999999993
CA-2015-111990,2015-11-08,2015-11-13,DB-13660,OFF-BI-10003291,Central,10.476,6,0.8,-17.2854,-1.6499999999999997
CA-2014-169460,2014-04-19,2014-04-21,NF-18595,FUR-FU-10004017,West,76.14,3,0.0,26.649,0.35000000000000003
US-2015-152128,2015-05-25,2015-05-27,NM-18445,OFF-AR-10002445,Central,21.24,3,0.0,8.0712,0.38
US-2015-152128,2015-05-25,2015-05-27,NM-18445,OFF-BI-10001718,Central,127.96,2,0.0,60.1412,0.47000000000000003
CA-2017-126662,2017-07-17,2017-07-21,AB-10255,TEC-CO-10004202,West,479.984,2,0.2,89.997,0.1875
CA-2016-139395,2016-12-12,2016-12-18,MG-17650,TEC-PH-10002103,Central,657.93,7,0.0,184.2204,0.28
CA-2016-139395,2016-12-12,2016-12-18,MG-17650,FUR-FU-10003724,Central,33.48,4,0.0,8.7048,0.26000000000000006
CA-2016-139395,2016-12-12,2016-12-18,MG-17650,OFF-AR-10003732,Central,13.9,5,0.0,3.614,0.26
CA-2016-139395,2016-12-12,2016-12-18,MG-17650,OFF-ST-10000885,Central,26.86,2,0.0,6.715,0.25
US-2014-121734,2014-04-11,2014-04-16,SE-20110,OFF-BI-10004817,West,9.584,1,0.2,3.3544,0.35000000000000003
CA-2015-110947,2015-06-09,2015-06-15,AG-10765,OFF-BI-10001670,South,113.1,3,0.0,56.55,0.5
US-2014-150126,2014-07-27,2014-08-02,AS-10045,OFF-PA-10002709,East,65.78,11,0.0,32.2322,0.49
CA-2015-164427,2015-07-31,2015-08-06,AR-10405,TEC-AC-10004469,South,239.7,6,0.0,105.468,0.44000000000000006
CA-2016-120250,2016-09-19,2016-09-22,AP-10720,FUR-FU-10003424,East,25.632,3,0.2,3.8448,0.15
CA-2016-121993,2016-06-10,2016-06-12,JB-16000,OFF-LA-10003720,East,23.616,8,0.2,7.9704,0.33749999999999997
US-2016-100405,2016-08-26,2016-08-28,TS-21430,OFF-AR-10000390,West,8.26,2,0.0,3.7996,0.46
US-2017-163790,2017-11-02,2017-11-04,NL-18310,OFF-EN-10001335,West,76.58,7,0.0,38.29,0.5
US-2017-163790,2017-11-02,2017-11-04,NL-18310,OFF-AR-10003469,West,8.8,5,0.0,4.224,0.48
US-2017-163790,2017-11-02,2017-11-04,NL-18310,OFF-BI-10003718,West,590.352,6,0.2,206.6232,0.35000000000000003
US-2017-163790,2017-11-02,2017-11-04,NL-18310,OFF-FA-10004838,West,5.58,3,0.0,0.1674,0.03
US-2017-163790,2017-11-02,2017-11-04,NL-18310,FUR-FU-10002508,West,25.02,3,0.0,10.5084,0.42
US-2017-163790,2017-11-02,2017-11-04,NL-18310,OFF-ST-10001511,West,452.55,7,0.0,22.6275,0.05
CA-2016-129868,2016-12-26,2016-12-31,MC-18130,OFF-SU-10000952,West,17.76,2,0.0,4.9728,0.27999999999999997
CA-2016-129868,2016-12-26,2016-12-31,MC-18130,TEC-PH-10002275,West,302.384,2,0.2,30.2384,0.09999999999999999
CA-2016-129868,2016-12-26,2016-12-31,MC-18130,FUR-CH-10003535,West,146.352,3,0.2,-5.4882,-0.0375
CA-2016-129868,2016-12-26,2016-12-31,MC-18130,OFF-AP-10004052,West,7.9,2,0.0,2.054,0.25999999999999995
CA-2016-129868,2016-12-26,2016-12-31,MC-18130,FUR-TA-10003473,West,902.712,3,0.2,33.8517,0.0375
CA-2016-129868,2016-12-26,2016-12-31,MC-18130,OFF-AR-10001897,West,53.97,3,0.0,15.1116,0.27999999999999997
CA-2016-140564,2016-12-05,2016-12-10,TC-21475,OFF-AR-10000034,East,33.92,8,0.0,13.2288,0.38999999999999996
US-2017-169502,2017-08-28,2017-09-01,MG-17650,OFF-SU-10004115,Central,21.81,3,0.0,5.8887,0.27
US-2017-169502,2017-08-28,2017-09-01,MG-17650,OFF-AP-10001947,Central,91.6,5,0.0,26.564,0.29000000000000004
CA-2015-146948,2015-07-16,2015-07-20,MG-17890,FUR-CH-10004853,East,150.98,1,0.0,43.7842,0.29000000000000004
CA-2015-146948,2015-07-16,2015-07-20,MG-17890,OFF-EN-10000483,East,137.25,9,0.0,63.135,0.45999999999999996
CA-2015-146948,2015-07-16,2015-07-20,MG-17890,OFF-FA-10001332,East,11.52,4,0.0,5.4144,0.47
US-2015-113327,2015-05-26,2015-05-29,BF-11170,OFF-PA-10003790,South,18.272,1,0.2,5.9384,0.325
US-2015-113327,2015-05-26,2015-05-29,BF-11170,OFF-PA-10003134,South,153.728,4,0.2,53.8048,0.35
US-2015-113327,2015-05-26,2015-05-29,BF-11170,OFF-EN-10004459,South,12.224,2,0.2,4.4312,0.36249999999999993
US-2015-113327,2015-05-26,2015-05-29,BF-11170,TEC-AC-10003628,South,167.944,7,0.2,50.3832,0.30000000000000004
CA-2015-135020,2015-05-28,2015-06-02,MS-17770,TEC-PH-10004093,East,45.99,1,0.0,13.3371,0.29
CA-2015-135020,2015-05-28,2015-06-02,MS-17770,OFF-ST-10001490,East,535.41,3,0.0,160.623,0.3
CA-2015-135020,2015-05-28,2015-06-02,MS-17770,OFF-BI-10000605,East,6.096,2,0.2,2.0574,0.33749999999999997
CA-2015-135020,2015-05-28,2015-06-02,MS-17770,OFF-PA-10004255,East,45.36,7,0.0,21.7728,0.48
US-2017-141852,2017-11-09,2017-11-14,JE-15745,FUR-FU-10000023,West,47.12,8,0.0,20.7328,0.44000000000000006
CA-2016-109407,2016-01-24,2016-01-26,HG-14965,OFF-BI-10000285,South,31.36,4,0.0,15.68,0.5
US-2017-165953,2016-12-31,2017-01-06,EP-13915,OFF-AR-10000588,South,47.616,3,0.2,3.5712,0.075
US-2017-165953,2016-12-31,2017-01-06,EP-13915,OFF-PA-10002250,South,23.48,5,0.2,8.218,0.35
CA-2016-144540,2016-09-05,2016-09-10,GH-14410,OFF-AP-10002457,Central,62.79,3,0.8,-166.3935,-2.65
CA-2016-144540,2016-09-05,2016-09-10,GH-14410,OFF-FA-10002763,Central,28.44,9,0.2,4.266,0.15
CA-2015-159863,2015-09-04,2015-09-07,DS-13180,TEC-AC-10000109,Central,134.376,3,0.2,6.7188,0.049999999999999996
CA-2015-117800,2015-09-21,2015-09-26,TH-21550,TEC-PH-10002415,East,589.9,2,0.0,147.475,0.25
CA-2015-117800,2015-09-21,2015-09-26,TH-21550,FUR-CH-10000785,East,542.94,3,0.0,141.1644,0.25999999999999995
CA-2017-145219,2017-12-24,2017-12-25,RM-19675,TEC-CO-10001449,West,2879.952,6,0.2,1007.9832,0.35
CA-2017-145219,2017-12-24,2017-12-25,RM-19675,OFF-BI-10001670,West,90.48,3,0.2,33.93,0.375
CA-2015-161214,2015-10-05,2015-10-08,SF-20965,OFF-ST-10001328,East,77.55,5,0.0,21.714,0.27999999999999997
CA-2017-147228,2017-09-09,2017-09-14,SO-20335,OFF-SU-10001225,South,8.832,3,0.2,-1.9872,-0.22499999999999998
CA-2017-147228,2017-09-09,2017-09-14,SO-20335,OFF-PA-10000357,South,177.536,4,0.2,62.1376,0.35
CA-2017-147228,2017-09-09,2017-09-14,SO-20335,OFF-ST-10000046,South,258.48,2,0.2,-3.231,-0.012499999999999999
CA-2017-147228,2017-09-09,2017-09-14,SO-20335,FUR-FU-10000023,South,14.136,3,0.2,4.2408,0.30000000000000004
CA-2016-101336,2016-11-13,2016-11-18,CK-12760,OFF-ST-10003455,East,77.55,5,0.0,20.163,0.26
CA-2016-101336,2016-11-13,2016-11-18,CK-12760,OFF-ST-10000876,East,24.88,2,0.0,6.9664,0.28
CA-2016-101336,2016-11-13,2016-11-18,CK-12760,OFF-AR-10003582,East,140.75,5,0.0,39.41,0.27999999999999997
CA-2016-101336,2016-11-13,2016-11-18,CK-12760,OFF-ST-10004258,East,36.63,3,0.0,9.8901,0.27
US-2015-126235,2015-10-15,2015-10-15,GA-14725,FUR-FU-10000719,Central,17.14,2,0.0,6.1704,0.36
CA-2017-168396,2017-08-03,2017-08-08,BD-11725,OFF-LA-10001297,West,51.75,5,0.0,24.84,0.48
CA-2017-168396,2017-08-03,2017-08-08,BD-11725,FUR-FU-10000723,West,123.96,3,0.0,11.1564,0.09
CA-2015-130456,2015-08-21,2015-08-26,DS-13180,FUR-BO-10003893,West,586.398,6,0.15,34.494,0.058823529411764705
CA-2015-130456,2015-08-21,2015-08-26,DS-13180,OFF-ST-10000736,West,80.98,1,0.0,3.2392,0.039999999999999994
CA-2017-116288,2017-03-12,2017-03-17,BS-11380,OFF-ST-10000736,West,242.94,3,0.0,9.7176,0.039999999999999994
CA-2017-168228,2017-04-27,2017-04-29,AP-10915,OFF-AR-10003373,West,123.92,4,0.0,33.4584,0.26999999999999996
CA-2017-168228,2017-04-27,2017-04-29,AP-10915,OFF-AR-10000390,West,12.39,3,0.0,5.6994,0.45999999999999996
CA-2017-168228,2017-04-27,2017-04-29,AP-10915,OFF-AR-10001725,West,47.3,2,0.0,12.298,0.26
CA-2016-102162,2016-09-11,2016-09-16,JF-15565,TEC-CO-10001943,South,1599.92,8,0.0,751.9624,0.47
CA-2016-102162,2016-09-11,2016-09-16,JF-15565,OFF-EN-10002312,South,11.09,1,0.0,5.4341,0.49
CA-2017-130141,2017-10-22,2017-10-24,HA-14905,OFF-BI-10000831,West,3.168,4,0.7,-2.5344,-0.8
CA-2017-130141,2017-10-22,2017-10-24,HA-14905,FUR-CH-10000749,West,579.136,4,0.2,-28.9568,-0.05
CA-2015-147501,2015-08-02,2015-08-06,Co-12640,OFF-BI-10002003,West,6.368,2,0.2,2.1492,0.33749999999999997
CA-2015-147501,2015-08-02,2015-08-06,Co-12640,TEC-MA-10001972,West,558.4,2,0.2,41.88,0.07500000000000001
CA-2016-143910,2016-08-12,2016-08-16,BC-11125,FUR-CH-10000225,East,145.764,2,0.1,-8.098,-0.05555555555555556
CA-2014-146885,2014-05-30,2014-06-05,EB-13840,OFF-PA-10001622,South,13.62,3,0.0,6.129,0.45
CA-2016-139556,2016-04-26,2016-05-01,DB-13360,FUR-CH-10004983,East,434.646,3,0.1,62.7822,0.14444444444444446
CA-2017-129357,2017-05-14,2017-05-19,KB-16585,OFF-PA-10003228,West,440.19,9,0.0,206.8893,0.47
CA-2017-129357,2017-05-14,2017-05-19,KB-16585,OFF-SU-10004498,West,64.4,5,0.0,1.932,0.029999999999999995
CA-2017-150987,2017-04-08,2017-04-12,AH-10120,OFF-PA-10001878,West,244.55,5,0.0,114.9385,0.47
CA-2017-150987,2017-04-08,2017-04-12,AH-10120,OFF-PA-10002923,West,195.76,4,0.0,97.88,0.5
CA-2017-132647,2017-02-17,2017-02-23,GH-14410,OFF-PA-10001838,East,11.76,2,0.0,5.7624,0.49000000000000005
CA-2017-132647,2017-02-17,2017-02-23,GH-14410,OFF-ST-10003123,East,166.45,5,0.0,39.948,0.24000000000000002
CA-2017-159107,2017-06-24,2017-06-26,KT-16480,OFF-FA-10001332,West,2.88,1,0.0,1.3536,0.47
CA-2014-160738,2014-05-05,2014-05-10,KH-16330,OFF-ST-10003442,Central,45.248,2,0.2,3.9592,0.08750000000000001
CA-2015-112130,2015-05-03,2015-05-07,SV-20785,OFF-AR-10001468,East,59.904,2,0.2,14.2272,0.2375
CA-2015-112130,2015-05-03,2015-05-07,SV-20785,OFF-AP-10003266,East,23.696,2,0.2,6.5164,0.27499999999999997
CA-2015-112130,2015-05-03,2015-05-07,SV-20785,OFF-PA-10002230,East,7.968,2,0.2,2.8884,0.3625
CA-2015-112130,2015-05-03,2015-05-07,SV-20785,OFF-AP-10003622,East,18.2,7,0.2,2.0475,0.1125
CA-2015-112130,2015-05-03,2015-05-07,SV-20785,TEC-AC-10001542,East,27.552,3,0.2,-0.3444,-0.012499999999999999
CA-2015-112130,2015-05-03,2015-05-07,SV-20785,FUR-CH-10002965,East,844.116,6,0.3,-36.1764,-0.04285714285714286
CA-2015-112130,2015-05-03,2015-05-07,SV-20785,OFF-ST-10000563,East,76.752,3,0.2,-9.594,-0.125
CA-2016-111409,2016-09-18,2016-09-22,PO-18850,OFF-LA-10002787,South,3.0,1,0.2,1.05,0.35000000000000003
CA-2016-116232,2016-09-22,2016-09-26,AC-10450,OFF-BI-10004022,South,7.506,9,0.7,-6.0048,-0.8
CA-2016-116232,2016-09-22,2016-09-26,AC-10450,OFF-LA-10001158,South,16.56,2,0.2,5.796,0.35000000000000003
CA-2016-116547,2016-01-10,2016-01-17,KB-16585,FUR-FU-10000076,West,79.92,4,0.0,34.3656,0.43
CA-2016-116547,2016-01-10,2016-01-17,KB-16585,TEC-AC-10002335,West,69.98,2,0.0,13.2962,0.19
US-2017-133200,2017-05-06,2017-05-11,DB-13555,OFF-BI-10002827,Central,11.06,10,0.8,-18.802,-1.7
US-2017-133200,2017-05-06,2017-05-11,DB-13555,FUR-BO-10001601,Central,623.4648,7,0.32,-119.1918,-0.1911764705882353
US-2017-133200,2017-05-06,2017-05-11,DB-13555,OFF-ST-10001932,Central,772.68,5,0.2,-57.951,-0.07500000000000001
CA-2016-133550,2016-07-31,2016-08-06,KL-16645,OFF-AP-10001005,Central,283.14,4,0.1,72.358,0.2555555555555556
CA-2016-133550,2016-07-31,2016-08-06,KL-16645,TEC-PH-10004042,Central,635.96,4,0.0,165.3496,0.26
CA-2016-133550,2016-07-31,2016-08-06,KL-16645,TEC-PH-10001079,Central,118.99,1,0.0,33.3172,0.28
CA-2016-133550,2016-07-31,2016-08-06,KL-16645,FUR-FU-10002918,Central,272.94,3,0.0,30.0234,0.11
CA-2017-139416,2017-03-27,2017-03-29,AG-10270,FUR-FU-10003832,East,15.008,2,0.2,1.5008,0.1
CA-2014-114510,2014-03-14,2014-03-19,JF-15295,OFF-BI-10001617,West,33.088,4,0.2,11.1672,0.33749999999999997
CA-2014-114510,2014-03-14,2014-03-19,JF-15295,OFF-ST-10000736,West,80.98,1,0.0,3.2392,0.039999999999999994
CA-2014-114510,2014-03-14,2014-03-19,JF-15295,TEC-AC-10004877,West,82.8,12,0.0,6.624,0.08
CA-2014-114510,2014-03-14,2014-03-19,JF-15295,OFF-ST-10003221,West,21.36,2,0.0,5.7672,0.27
CA-2014-114510,2014-03-14,2014-03-19,JF-15295,OFF-BI-10003007,West,62.048,2,0.2,20.1656,0.325
CA-2016-169215,2016-07-14,2016-07-18,RE-19450,OFF-FA-10000936,East,29.61,9,0.0,13.3245,0.45
CA-2016-127698,2016-12-01,2016-12-01,MV-18190,TEC-PH-10003811,South,863.928,9,0.2,86.3928,0.09999999999999999
CA-2016-159912,2016-08-29,2016-09-03,GB-14530,FUR-TA-10004152,East,241.92,4,0.4,-56.448,-0.23333333333333334
CA-2016-159912,2016-08-29,2016-09-03,GB-14530,FUR-BO-10002853,East,163.88,4,0.5,-81.94,-0.5
CA-2016-159912,2016-08-29,2016-09-03,GB-14530,OFF-BI-10002071,East,3.486,2,0.7,-2.7888,-0.8
CA-2016-159912,2016-08-29,2016-09-03,GB-14530,OFF-FA-10000053,East,10.584,7,0.2,-2.3814,-0.22500000000000003
CA-2016-101987,2016-06-24,2016-06-30,HL-15040,TEC-PH-10001305,Central,440.91,9,0.0,123.4548,0.27999999999999997
US-2017-154851,2017-03-30,2017-04-03,BP-11155,OFF-BI-10001525,East,5.715,5,0.7,-4.7625,-0.8333333333333334
CA-2014-138681,2014-12-20,2014-12-22,CT-11995,FUR-FU-10001876,West,51.968,2,0.2,10.3936,0.19999999999999998
CA-2014-138681,2014-12-20,2014-12-22,CT-11995,TEC-AC-10003628,West,71.976,3,0.2,21.5928,0.3
CA-2014-138681,2014-12-20,2014-12-22,CT-11995,FUR-CH-10004860,West,242.352,3,0.2,-42.4116,-0.175
CA-2014-138681,2014-12-20,2014-12-22,CT-11995,OFF-PA-10000357,West,221.92,5,0.2,77.672,0.35000000000000003
CA-2014-138681,2014-12-20,2014-12-22,CT-11995,OFF-PA-10003270,West,8.448,2,0.2,2.64,0.3125
US-2015-138121,2015-12-17,2015-12-17,JL-15835,OFF-BI-10000320,Central,29.52,4,0.0,14.4648,0.49
US-2015-138121,2015-12-17,2015-12-17,JL-15835,FUR-CH-10003846,Central,302.94,3,0.0,48.4704,0.16
US-2015-138121,2015-12-17,2015-12-17,JL-15835,FUR-CH-10004875,Central,142.36,2,0.0,38.4372,0.26999999999999996
US-2015-138121,2015-12-17,2015-12-17,JL-15835,FUR-CH-10003817,Central,546.66,9,0.0,136.665,0.25
US-2015-138121,2015-12-17,2015-12-17,JL-15835,FUR-FU-10002116,Central,212.13,3,0.0,14.8491,0.07
CA-2017-140298,2017-05-11,2017-05-17,JK-16120,OFF-AR-10003481,Central,5.248,2,0.2,0.5904,0.1125
CA-2017-140298,2017-05-11,2017-05-17,JK-16120,OFF-ST-10004180,Central,74.416,2,0.2,-14.8832,-0.2
CA-2017-140298,2017-05-11,2017-05-17,JK-16120,OFF-PA-10003657,Central,6.848,2,0.2,2.14,0.3125
CA-2017-140298,2017-05-11,2017-05-17,JK-16120,FUR-FU-10001967,Central,7.996,1,0.6,-6.9965,-0.875
CA-2016-166240,2016-06-24,2016-06-28,DH-13075,OFF-AP-10002082,Central,8.712,2,0.8,-19.602,-2.25
CA-2016-158435,2016-05-17,2016-05-18,AG-10900,OFF-SU-10000381,East,65.17,7,0.0,18.8993,0.29
CA-2016-158435,2016-05-17,2016-05-18,AG-10900,OFF-LA-10002475,East,14.62,2,0.0,6.8714,0.47000000000000003
CA-2016-158435,2016-05-17,2016-05-18,AG-10900,FUR-FU-10003975,East,173.24,4,0.0,17.324,0.1
CA-2017-138149,2017-06-29,2017-06-30,WB-21850,OFF-BI-10003091,West,895.92,5,0.2,302.373,0.3375
CA-2017-138149,2017-06-29,2017-06-30,WB-21850,OFF-ST-10002974,West,130.71,3,0.0,39.213,0.3
CA-2017-138149,2017-06-29,2017-06-30,WB-21850,OFF-AR-10000255,West,11.68,2,0.0,3.0368,0.26
CA-2017-138149,2017-06-29,2017-06-30,WB-21850,TEC-AC-10001284,West,62.31,3,0.0,22.4316,0.36
CA-2014-112403,2014-03-31,2014-03-31,JO-15280,OFF-BI-10003529,East,0.852,1,0.7,-0.5964,-0.7000000000000001
CA-2014-108273,2014-12-16,2014-12-21,EJ-13720,OFF-PA-10000029,Central,36.288,7,0.2,12.7008,0.35000000000000003
CA-2014-108273,2014-12-16,2014-12-21,EJ-13720,FUR-FU-10002116,Central,56.568,2,0.6,-74.9526,-1.3250000000000002
CA-2017-121643,2017-05-18,2017-05-20,AB-10105,TEC-PH-10002200,West,344.704,2,0.2,38.7792,0.1125
US-2015-122910,2015-05-12,2015-05-16,LT-16765,TEC-PH-10000441,West,201.584,2,0.2,20.1584,0.1
CA-2017-143126,2017-12-03,2017-12-07,CM-12655,FUR-TA-10002958,West,521.96,2,0.0,88.7332,0.16999999999999998
CA-2015-129042,2015-12-12,2015-12-17,EM-13960,OFF-AR-10001662,East,8.22,3,0.0,2.2194,0.26999999999999996
CA-2015-109736,2015-10-10,2015-10-11,DJ-13420,OFF-PA-10004101,West,45.36,7,0.0,21.7728,0.48
CA-2015-142601,2015-04-18,2015-04-20,DE-13255,OFF-ST-10002756,West,947.17,7,0.0,9.4717,0.01
CA-2015-142601,2015-04-18,2015-04-20,DE-13255,OFF-PA-10000483,West,61.96,2,0.0,27.882,0.45
CA-2014-106229,2014-06-07,2014-06-11,NR-18550,FUR-TA-10002041,Central,268.935,3,0.5,-209.7693,-0.7799999999999999
US-2017-135230,2017-09-01,2017-09-07,CK-12325,OFF-AR-10001166,West,7.58,1,0.0,2.9562,0.39
CA-2016-159653,2016-05-22,2016-05-22,JF-15490,OFF-LA-10004345,South,14.73,3,0.0,7.2177,0.49
CA-2016-131968,2016-11-11,2016-11-15,LB-16795,OFF-BI-10002852,South,9.888,2,0.7,-6.9216,-0.7
CA-2016-131968,2016-11-11,2016-11-15,LB-16795,OFF-AP-10001058,South,671.544,3,0.2,50.3658,0.075
CA-2014-119151,2014-11-25,2014-11-29,MP-18175,OFF-ST-10003470,East,1117.92,4,0.0,55.896,0.049999999999999996
CA-2014-119151,2014-11-25,2014-11-29,MP-18175,FUR-BO-10003159,East,275.952,3,0.2,-37.9434,-0.13749999999999998
CA-2014-123323,2014-11-07,2014-11-12,LH-16900,OFF-BI-10003684,West,123.144,7,0.2,46.179,0.375
CA-2016-124681,2016-07-18,2016-07-23,SV-20935,TEC-AC-10000487,Central,15.576,3,0.2,3.3099,0.2125
US-2015-103996,2015-03-29,2015-03-31,RB-19435,OFF-PA-10001736,West,212.64,6,0.0,99.9408,0.47000000000000003
US-2015-103996,2015-03-29,2015-03-31,RB-19435,OFF-PA-10001609,West,9.87,3,0.0,4.5402,0.46
US-2015-103996,2015-03-29,2015-03-31,RB-19435,TEC-AC-10003116,West,53.25,3,0.0,20.7675,0.38999999999999996
US-2015-103996,2015-03-29,2015-03-31,RB-19435,FUR-FU-10004586,West,19.92,3,0.0,9.5616,0.48
CA-2016-120530,2016-04-07,2016-04-12,Dl-13600,FUR-CH-10000454,East,658.746,3,0.1,146.388,0.22222222222222224
CA-2015-155054,2015-06-13,2015-06-19,PS-19045,OFF-BI-10004970,East,8.26,2,0.0,3.8822,0.47000000000000003
CA-2015-155054,2015-06-13,2015-06-19,PS-19045,OFF-BI-10002824,East,29.84,2,0.0,13.428,0.45
CA-2015-155054,2015-06-13,2015-06-19,PS-19045,TEC-AC-10003657,East,67.98,2,0.0,14.9556,0.22
CA-2015-105725,2015-02-18,2015-02-24,GT-14755,OFF-LA-10003510,West,61.06,2,0.0,28.0876,0.45999999999999996
CA-2015-105725,2015-02-18,2015-02-24,GT-14755,FUR-TA-10001676,West,35.544,1,0.2,-0.8886,-0.025
CA-2017-164364,2017-11-12,2017-11-16,CS-12355,OFF-LA-10004853,West,9.96,2,0.0,4.5816,0.45999999999999996
CA-2017-164364,2017-11-12,2017-11-16,CS-12355,OFF-AR-10000315,West,9.21,3,0.0,2.3025,0.25
CA-2017-164364,2017-11-12,2017-11-16,CS-12355,OFF-SU-10000381,West,27.93,3,0.0,8.0997,0.29000000000000004
CA-2017-168123,2017-03-05,2017-03-05,JD-16060,OFF-FA-10002763,Central,7.9,2,0.0,2.528,0.32
CA-2017-168123,2017-03-05,2017-03-05,JD-16060,OFF-ST-10000877,Central,221.16,4,0.0,57.5016,0.26
CA-2017-168123,2017-03-05,2017-03-05,JD-16060,OFF-BI-10001071,Central,127.96,2,0.0,62.7004,0.49000000000000005
CA-2017-168123,2017-03-05,2017-03-05,JD-16060,OFF-BI-10001097,Central,18.69,3,0.0,9.1581,0.48999999999999994
CA-2016-120005,2016-03-03,2016-03-03,TS-21160,OFF-SU-10004782,West,25.35,3,0.0,7.605,0.3
CA-2016-120005,2016-03-03,2016-03-03,TS-21160,FUR-FU-10000672,West,35.28,3,0.0,11.9952,0.34
CA-2016-123526,2016-12-24,2016-12-25,BV-11245,OFF-PA-10002986,West,33.4,5,0.0,16.032,0.48000000000000004
CA-2016-127649,2016-10-07,2016-10-09,DL-13495,TEC-MA-10001972,West,837.6,3,0.2,62.82,0.075
CA-2016-159989,2016-12-09,2016-12-13,EB-13870,TEC-PH-10000169,South,40.68,3,0.2,-9.153,-0.225
CA-2017-103499,2017-11-20,2017-11-24,ES-14020,FUR-CH-10001482,South,209.568,2,0.2,-23.5764,-0.11249999999999999
US-2015-167220,2015-12-12,2015-12-16,JB-15925,TEC-AC-10002018,Central,22.368,4,0.2,6.4308,0.2875
CA-2017-126354,2017-02-03,2017-02-08,SC-20380,OFF-BI-10000301,South,3.882,2,0.7,-2.588,-0.6666666666666666
CA-2017-126354,2017-02-03,2017-02-08,SC-20380,OFF-PA-10004381,South,115.296,3,0.2,40.3536,0.35
CA-2017-169817,2017-09-21,2017-09-25,EB-13870,OFF-BI-10004141,East,1.908,2,0.7,-1.5264,-0.8
US-2017-144582,2017-04-30,2017-05-05,TC-21475,OFF-BI-10001575,Central,43.372,7,0.8,-69.3952,-1.6
CA-2014-121573,2014-11-03,2014-11-07,SG-20605,TEC-PH-10000984,East,783.96,4,0.0,219.5088,0.27999999999999997
CA-2014-121573,2014-11-03,2014-11-07,SG-20605,OFF-BI-10000666,East,48.896,2,0.2,18.336,0.37499999999999994
CA-2014-121573,2014-11-03,2014-11-07,SG-20605,OFF-BI-10003712,East,7.856,2,0.2,2.8478,0.3625
CA-2016-117660,2016-12-30,2017-01-04,BM-11785,OFF-LA-10003720,East,5.904,2,0.2,1.9926,0.33749999999999997
CA-2016-117660,2016-12-30,2017-01-04,BM-11785,OFF-SU-10001664,East,13.712,2,0.2,1.0284,0.075
CA-2014-112851,2014-09-17,2014-09-21,NR-18550,OFF-EN-10001453,West,182.94,3,0.0,85.9818,0.47000000000000003
CA-2017-123701,2017-11-24,2017-11-27,PG-18820,OFF-AR-10001860,West,27.76,4,0.0,9.9936,0.36
CA-2015-118227,2015-04-24,2015-04-28,DB-13270,OFF-AR-10001044,East,25.99,1,0.0,7.5371,0.29
CA-2015-123155,2015-03-09,2015-03-12,NS-18640,TEC-AC-10002473,Central,113.52,5,0.2,29.799,0.2625
CA-2015-123155,2015-03-09,2015-03-12,NS-18640,TEC-PH-10001809,Central,359.88,3,0.2,22.4925,0.0625
CA-2017-158883,2017-06-02,2017-06-03,CS-11860,OFF-PA-10004733,South,25.344,4,0.2,9.1872,0.3625
US-2016-114888,2016-09-19,2016-09-24,CC-12430,OFF-BI-10003355,West,11.952,3,0.2,4.1832,0.35000000000000003
US-2016-114888,2016-09-19,2016-09-24,CC-12430,OFF-SU-10001212,West,6.24,3,0.0,1.872,0.3
US-2014-167262,2014-10-31,2014-11-03,AC-10450,TEC-PH-10000486,West,742.336,8,0.2,83.5128,0.1125
CA-2017-119746,2017-11-23,2017-11-27,CM-12385,FUR-FU-10004909,Central,6.464,1,0.6,-4.04,-0.625
CA-2017-119746,2017-11-23,2017-11-27,CM-12385,OFF-LA-10001613,Central,11.52,5,0.2,4.176,0.36250000000000004
CA-2017-119746,2017-11-23,2017-11-27,CM-12385,TEC-PH-10004447,Central,222.384,2,0.2,16.6788,0.075
CA-2017-108091,2017-11-16,2017-11-21,EK-13795,OFF-AR-10000255,West,23.36,4,0.0,6.0736,0.26
CA-2016-101630,2016-02-19,2016-02-23,CK-12760,OFF-LA-10004425,East,8.67,3,0.0,4.0749,0.47000000000000003
CA-2016-101630,2016-02-19,2016-02-23,CK-12760,OFF-SU-10001664,East,25.71,3,0.0,6.6846,0.25999999999999995
CA-2017-132346,2017-11-07,2017-11-11,PK-19075,OFF-AP-10000696,East,100.94,7,0.0,33.3102,0.33
CA-2014-150301,2014-07-08,2014-07-10,MH-18025,FUR-CH-10002647,East,63.882,1,0.1,10.647,0.16666666666666669
CA-2014-159310,2014-11-07,2014-11-12,SC-20725,FUR-CH-10002758,Central,683.144,4,0.3,0.0,0.0
CA-2014-159310,2014-11-07,2014-11-12,SC-20725,OFF-BI-10000201,Central,1.476,3,0.8,-2.214,-1.5
CA-2014-159310,2014-11-07,2014-11-12,SC-20725,OFF-SU-10004115,Central,40.712,7,0.2,3.5623,0.0875
US-2017-147984,2017-01-28,2017-02-01,GB-14575,OFF-PA-10000806,Central,279.9,5,0.0,137.151,0.4900000000000001
CA-2015-104346,2015-12-11,2015-12-16,IM-15070,OFF-AR-10001473,West,13.12,5,0.2,1.148,0.0875
CA-2015-104346,2015-12-11,2015-12-16,IM-15070,FUR-BO-10003450,West,69.576,4,0.7,-143.7904,-2.066666666666667
CA-2015-104346,2015-12-11,2015-12-16,IM-15070,OFF-AR-10001545,West,4.224,3,0.2,0.4752,0.1125
CA-2015-104346,2015-12-11,2015-12-16,IM-15070,TEC-AC-10004396,West,58.08,4,0.2,-6.534,-0.1125
CA-2015-104346,2015-12-11,2015-12-16,IM-15070,FUR-FU-10002456,West,52.416,9,0.2,15.0696,0.28750000000000003
CA-2015-104346,2015-12-11,2015-12-16,IM-15070,FUR-FU-10001473,West,54.92,5,0.2,10.984,0.19999999999999998
CA-2015-104346,2015-12-11,2015-12-16,IM-15070,FUR-TA-10000849,West,364.95,5,0.5,-248.166,-0.68
CA-2015-104346,2015-12-11,2015-12-16,IM-15070,OFF-PA-10001166,West,85.056,3,0.2,28.7064,0.33749999999999997
CA-2015-104346,2015-12-11,2015-12-16,IM-15070,OFF-PA-10003256,West,27.696,3,0.2,9.6936,0.35
US-2015-141684,2015-06-29,2015-07-04,MM-18055,OFF-PA-10002870,East,24.96,4,0.0,11.232,0.44999999999999996
CA-2015-144722,2015-03-16,2015-03-23,MF-18250,FUR-FU-10001215,West,43.13,1,0.0,18.1146,0.42
CA-2015-120516,2015-08-13,2015-08-17,CK-12595,OFF-BI-10004187,South,5.64,3,0.0,2.7072,0.48
US-2016-148901,2016-05-14,2016-05-19,MK-17905,OFF-BI-10001718,South,57.582,3,0.7,-44.1462,-0.7666666666666666
US-2016-148901,2016-05-14,2016-05-19,MK-17905,OFF-PA-10004983,South,31.104,6,0.2,10.8864,0.35000000000000003
US-2016-148901,2016-05-14,2016-05-19,MK-17905,FUR-FU-10002396,South,30.192,3,0.2,8.3028,0.27499999999999997
US-2016-148901,2016-05-14,2016-05-19,MK-17905,TEC-PH-10003988,South,43.6,5,0.2,4.36,0.1
US-2016-148901,2016-05-14,2016-05-19,MK-17905,OFF-AR-10002467,South,4.768,2,0.2,0.4172,0.08750000000000001
US-2016-148901,2016-05-14,2016-05-19,MK-17905,OFF-BI-10004002,South,10.38,2,0.7,-7.612,-0.7333333333333333
US-2016-148901,2016-05-14,2016-05-19,MK-17905,OFF-BI-10002309,South,13.392,8,0.7,-9.8208,-0.7333333333333334
CA-2017-136364,2017-07-13,2017-07-17,MH-17455,TEC-PH-10003885,East,39.594,1,0.4,-7.2589,-0.18333333333333332
CA-2017-136364,2017-07-13,2017-07-17,MH-17455,FUR-FU-10002501,East,91.008,9,0.2,19.3392,0.21250000000000002
CA-2015-137708,2015-11-22,2015-11-25,NG-18430,OFF-PA-10000176,West,37.94,2,0.0,18.2112,0.4800000000000001
CA-2015-137708,2015-11-22,2015-11-25,NG-18430,OFF-PA-10000327,West,42.8,10,0.0,19.26,0.45000000000000007
CA-2015-137708,2015-11-22,2015-11-25,NG-18430,OFF-ST-10004634,West,33.63,3,0.0,10.089,0.3
CA-2014-149055,2014-11-23,2014-11-28,PB-19210,OFF-EN-10003040,East,62.808,3,0.2,21.1977,0.3375
CA-2015-151589,2015-12-27,2015-12-30,RE-19450,OFF-PA-10003228,Central,195.64,4,0.0,91.9508,0.47000000000000003
CA-2015-151589,2015-12-27,2015-12-30,RE-19450,TEC-PH-10004345,Central,239.9,2,0.0,71.97,0.3
CA-2016-121370,2016-11-14,2016-11-19,EB-14110,FUR-CH-10000785,East,380.058,3,0.3,-21.7176,-0.05714285714285715
CA-2016-121370,2016-11-14,2016-11-19,EB-14110,TEC-CO-10004115,East,1199.976,4,0.4,179.9964,0.15
CA-2016-121370,2016-11-14,2016-11-19,EB-14110,FUR-FU-10002813,East,48.576,3,0.2,9.7152,0.19999999999999998
CA-2016-111696,2016-05-08,2016-05-10,TB-21625,OFF-PA-10002751,West,17.94,3,0.0,8.073,0.45
CA-2014-139598,2014-12-26,2014-12-31,MG-17695,OFF-PA-10004569,East,18.264,3,0.2,6.1641,0.3375
CA-2014-139598,2014-12-26,2014-12-31,MG-17695,OFF-AP-10002998,East,34.656,2,0.2,5.6316,0.1625
CA-2014-139598,2014-12-26,2014-12-31,MG-17695,OFF-AP-10003287,East,81.552,2,0.2,8.1552,0.1
CA-2014-139598,2014-12-26,2014-12-31,MG-17695,OFF-ST-10001370,East,227.136,4,0.2,-42.588,-0.1875
CA-2017-117436,2017-06-08,2017-06-14,LW-17125,OFF-BI-10004040,East,10.36,2,0.0,5.0764,0.49
CA-2015-140025,2015-04-07,2015-04-11,PF-19120,OFF-AP-10002651,Central,463.248,8,0.8,-1181.2824,-2.5500000000000003
CA-2015-140025,2015-04-07,2015-04-11,PF-19120,TEC-AC-10002402,Central,383.952,6,0.2,47.994,0.125
CA-2016-134222,2016-07-10,2016-07-11,NZ-18565,OFF-BI-10001658,West,44.856,6,0.7,-35.8848,-0.7999999999999999
CA-2016-140018,2016-11-21,2016-11-26,CK-12205,TEC-MA-10000752,East,30.345,7,0.7,-24.276,-0.8
CA-2016-140018,2016-11-21,2016-11-26,CK-12205,FUR-CH-10003817,East,127.554,3,0.3,-9.111,-0.07142857142857144
CA-2016-140018,2016-11-21,2016-11-26,CK-12205,FUR-FU-10001876,East,77.952,3,0.2,15.5904,0.2
US-2017-136707,2017-11-12,2017-11-15,JE-15610,OFF-BI-10003460,West,14.016,4,0.2,4.9056,0.35
CA-2014-152562,2014-11-01,2014-11-08,JO-15145,OFF-ST-10000464,South,69.52,2,0.0,19.4656,0.27999999999999997
CA-2014-152562,2014-11-01,2014-11-08,JO-15145,OFF-AR-10001919,South,5.64,3,0.0,1.6356,0.29
CA-2016-152408,2016-05-15,2016-05-21,TT-21220,OFF-BI-10002393,East,13.776,3,0.2,4.4772,0.325
CA-2014-120278,2014-11-07,2014-11-12,MS-17365,OFF-AP-10001293,Central,245.88,6,0.0,68.8464,0.28
CA-2014-120278,2014-11-07,2014-11-12,MS-17365,OFF-ST-10004258,Central,36.63,3,0.0,9.8901,0.27
CA-2014-120278,2014-11-07,2014-11-12,MS-17365,OFF-ST-10002214,Central,22.58,2,0.0,5.8708,0.26
CA-2014-120278,2014-11-07,2014-11-12,MS-17365,OFF-BI-10004970,Central,12.39,3,0.0,5.8233,0.47
CA-2017-167661,2017-10-05,2017-10-10,MP-18175,OFF-BI-10002571,West,39.92,5,0.2,13.473,0.3375
CA-2017-167661,2017-10-05,2017-10-10,MP-18175,OFF-PA-10002581,West,61.96,2,0.0,27.882,0.45
CA-2017-167661,2017-10-05,2017-10-10,MP-18175,OFF-BI-10001097,West,19.936,4,0.2,7.2268,0.3625
CA-2017-106831,2017-06-01,2017-06-03,FH-14350,OFF-BI-10003429,East,3.798,2,0.7,-2.6586,-0.7
CA-2017-106831,2017-06-01,2017-06-03,FH-14350,OFF-PA-10000682,East,27.744,6,0.2,10.0572,0.3625
CA-2017-106831,2017-06-01,2017-06-03,FH-14350,TEC-PH-10001700,East,158.376,4,0.4,-34.3148,-0.21666666666666665
CA-2017-154123,2017-11-20,2017-11-25,SC-20050,FUR-FU-10000629,South,27.58,2,0.0,11.5836,0.42000000000000004
CA-2016-136049,2016-12-23,2016-12-28,NM-18520,OFF-BI-10001267,East,5.553,3,0.7,-4.0722,-0.7333333333333333
CA-2017-118402,2017-09-29,2017-10-04,JO-15280,OFF-ST-10001418,South,243.92,5,0.2,-54.882,-0.225
US-2016-139388,2016-11-07,2016-11-09,CC-12475,OFF-FA-10004968,East,14.96,4,0.0,0.2992,0.02
US-2014-128685,2014-04-04,2014-04-05,MZ-17515,OFF-BI-10004140,West,7.184,2,0.2,2.245,0.3125
CA-2015-124044,2015-07-23,2015-07-26,MS-17830,OFF-BI-10003460,East,10.512,3,0.2,3.6792,0.35
CA-2014-164469,2014-06-25,2014-06-27,GK-14620,TEC-PH-10002115,West,263.96,5,0.2,19.797,0.07500000000000001
CA-2014-164469,2014-06-25,2014-06-27,GK-14620,OFF-AR-10003478,West,71.632,11,0.2,17.908,0.25
CA-2014-164469,2014-06-25,2014-06-27,GK-14620,OFF-AR-10000475,West,9.328,1,0.2,0.8162,0.08750000000000001
CA-2014-107818,2014-09-08,2014-09-14,MC-17275,OFF-AR-10003045,West,5.88,2,0.0,2.646,0.45
CA-2014-107818,2014-09-08,2014-09-14,MC-17275,FUR-CH-10000454,West,975.92,5,0.2,121.99,0.125
CA-2014-107818,2014-09-08,2014-09-14,MC-17275,OFF-AR-10000380,West,303.84,8,0.0,91.152,0.30000000000000004
CA-2014-107818,2014-09-08,2014-09-14,MC-17275,OFF-ST-10000736,West,485.88,6,0.0,19.4352,0.039999999999999994
CA-2014-113320,2014-12-12,2014-12-15,LH-17155,FUR-FU-10004270,West,12.54,3,0.0,4.5144,0.36000000000000004
CA-2014-113320,2014-12-12,2014-12-15,LH-17155,OFF-ST-10000617,West,8.94,3,0.0,0.6258,0.07
CA-2014-113320,2014-12-12,2014-12-15,LH-17155,FUR-FU-10001706,West,9.24,3,0.0,4.4352,0.48
CA-2015-137526,2015-01-13,2015-01-17,PB-19150,OFF-BI-10003364,West,70.008,3,0.2,24.5028,0.35000000000000003
CA-2015-137526,2015-01-13,2015-01-17,PB-19150,FUR-FU-10001861,West,77.6,4,0.0,38.024,0.49000000000000005
CA-2015-137526,2015-01-13,2015-01-17,PB-19150,FUR-FU-10004845,West,464.85,9,0.0,92.97,0.19999999999999998
CA-2017-136063,2017-12-15,2017-12-19,SS-20140,OFF-AR-10000823,Central,10.192,7,0.2,1.0192,0.1
CA-2016-101546,2016-12-18,2016-12-24,GK-14620,OFF-BI-10001359,East,1793.98,2,0.0,843.1706,0.47000000000000003
CA-2014-138940,2014-04-11,2014-04-16,GM-14455,TEC-PH-10001835,Central,758.352,6,0.2,265.4232,0.35000000000000003
CA-2016-125164,2016-11-10,2016-11-14,SH-19975,OFF-BI-10001191,East,20.368,1,0.2,7.3834,0.36250000000000004
CA-2016-125164,2016-11-10,2016-11-14,SH-19975,OFF-BI-10003982,East,49.848,3,0.2,16.8237,0.33749999999999997
CA-2017-163531,2017-06-26,2017-06-30,SC-20725,TEC-PH-10001425,East,239.97,3,0.0,67.1916,0.27999999999999997
CA-2017-122490,2017-11-13,2017-11-18,TT-21070,FUR-CH-10001215,West,2404.704,6,0.2,150.294,0.0625
CA-2017-122490,2017-11-13,2017-11-18,TT-21070,OFF-BI-10001718,West,563.024,11,0.2,190.0206,0.3375
CA-2017-122490,2017-11-13,2017-11-18,TT-21070,OFF-ST-10000991,West,344.91,3,0.0,10.3473,0.03
CA-2017-122490,2017-11-13,2017-11-18,TT-21070,OFF-LA-10001613,West,8.64,3,0.0,4.2336,0.49
CA-2017-131366,2017-11-24,2017-11-29,SC-20440,TEC-PH-10003437,East,89.988,2,0.4,-14.998,-0.16666666666666666
CA-2017-131366,2017-11-24,2017-11-29,SC-20440,OFF-PA-10000675,East,229.544,7,0.2,83.2097,0.3625
CA-2017-164042,2017-05-23,2017-05-27,KL-16645,OFF-FA-10000840,Central,1.824,2,0.2,0.6156,0.3375
CA-2017-164042,2017-05-23,2017-05-27,KL-16645,OFF-AP-10001947,Central,18.32,5,0.8,-46.716,-2.55
CA-2017-164042,2017-05-23,2017-05-27,KL-16645,OFF-ST-10002301,Central,48.816,3,0.2,-11.5938,-0.2375
CA-2017-164042,2017-05-23,2017-05-27,KL-16645,OFF-BI-10001922,Central,1.188,1,0.8,-1.9602,-1.6500000000000001
CA-2014-132864,2014-12-02,2014-12-07,KN-16390,TEC-AC-10001267,East,119.8,5,0.2,29.95,0.25
US-2014-155817,2014-10-03,2014-10-09,SL-20155,OFF-ST-10000532,South,61.568,2,0.2,4.6176,0.07500000000000001
US-2014-155817,2014-10-03,2014-10-09,SL-20155,OFF-AR-10002335,South,6.192,3,0.2,0.4644,0.075
US-2016-131891,2016-07-29,2016-07-31,PW-19240,OFF-BI-10000201,South,2.214,3,0.7,-1.476,-0.6666666666666666
CA-2017-143567,2017-11-02,2017-11-05,TB-21175,OFF-EN-10004846,South,5.32,2,0.0,2.6068,0.48999999999999994
CA-2017-143567,2017-11-02,2017-11-05,TB-21175,FUR-CH-10000454,South,975.92,4,0.0,292.776,0.30000000000000004
CA-2017-143567,2017-11-02,2017-11-05,TB-21175,TEC-AC-10004145,South,2249.91,9,0.0,517.4793,0.23
CA-2017-143567,2017-11-02,2017-11-05,TB-21175,OFF-ST-10001580,South,59.92,4,0.0,16.7776,0.27999999999999997
CA-2017-104080,2017-03-08,2017-03-15,AH-10210,OFF-BI-10003876,West,171.2,5,0.2,64.2,0.37500000000000006
CA-2017-104080,2017-03-08,2017-03-15,AH-10210,OFF-AR-10001972,West,3.36,2,0.0,0.8736,0.26
CA-2014-151379,2014-12-16,2014-12-20,SC-20695,OFF-PA-10000595,Central,114.2,5,0.0,52.532,0.45999999999999996
CA-2016-163167,2016-11-28,2016-12-01,RF-19345,FUR-CH-10004477,South,182.67,3,0.0,52.9743,0.29000000000000004
CA-2016-163167,2016-11-28,2016-12-01,RF-19345,TEC-AC-10003441,South,101.7,6,0.0,6.102,0.060000000000000005
CA-2016-163167,2016-11-28,2016-12-01,RF-19345,OFF-ST-10004459,South,1126.02,3,0.0,56.301,0.05
CA-2016-163167,2016-11-28,2016-12-01,RF-19345,OFF-ST-10003805,South,1263.3,6,0.0,315.825,0.25
CA-2016-135776,2016-12-23,2016-12-30,EH-13765,OFF-AR-10001246,West,8.82,3,0.0,2.5578,0.29
CA-2016-135776,2016-12-23,2016-12-30,EH-13765,OFF-PA-10001295,West,37.94,2,0.0,18.2112,0.4800000000000001
CA-2016-135776,2016-12-23,2016-12-30,EH-13765,OFF-AR-10001231,West,4.2,2,0.0,1.176,0.27999999999999997
CA-2016-135776,2016-12-23,2016-12-30,EH-13765,OFF-ST-10002743,West,227.28,2,0.0,2.2728,0.01
CA-2016-135776,2016-12-23,2016-12-30,EH-13765,OFF-PA-10004327,West,47.9,1,0.0,22.992,0.48000000000000004
CA-2016-135776,2016-12-23,2016-12-30,EH-13765,OFF-EN-10004773,West,61.96,2,0.0,30.3604,0.49
CA-2016-135776,2016-12-23,2016-12-30,EH-13765,OFF-ST-10003470,West,1117.92,4,0.0,55.896,0.049999999999999996
US-2014-122021,2014-10-15,2014-10-17,AC-10660,FUR-CH-10003761,East,183.372,2,0.3,-7.8588,-0.04285714285714285
US-2014-122021,2014-10-15,2014-10-17,AC-10660,OFF-PA-10002230,East,7.968,2,0.2,2.8884,0.3625
CA-2016-130484,2016-08-22,2016-08-27,SG-20470,OFF-BI-10000088,West,26.352,8,0.7,-18.4464,-0.7000000000000001
CA-2017-120936,2017-12-17,2017-12-21,CA-12310,OFF-ST-10001526,West,481.32,4,0.0,125.1432,0.26
CA-2017-120936,2017-12-17,2017-12-21,CA-12310,OFF-SU-10002557,West,13.98,1,0.0,3.6348,0.25999999999999995
CA-2017-110884,2017-03-07,2017-03-12,SH-20395,OFF-BI-10003669,East,25.92,6,0.2,9.072,0.3499999999999999
CA-2017-110884,2017-03-07,2017-03-12,SH-20395,OFF-LA-10003510,East,91.59,3,0.0,42.1314,0.45999999999999996
US-2014-161613,2014-12-01,2014-12-03,MC-17605,FUR-CH-10003746,Central,674.058,3,0.3,-19.2588,-0.028571428571428574
US-2014-146353,2014-10-14,2014-10-16,JE-15610,OFF-BI-10003476,East,22.92,4,0.0,11.0016,0.48
US-2014-146353,2014-10-14,2014-10-16,JE-15610,OFF-ST-10001469,East,269.9,5,0.0,16.194,0.060000000000000005
CA-2014-133809,2014-11-18,2014-11-23,MS-17530,OFF-BI-10001757,East,11.808,8,0.7,-8.6592,-0.7333333333333334
CA-2014-133809,2014-11-18,2014-11-23,MS-17530,TEC-PH-10004875,East,9.588,2,0.4,-2.0774,-0.21666666666666667
CA-2017-127306,2017-01-14,2017-01-18,BH-11710,OFF-EN-10001219,South,18.336,3,0.2,6.6468,0.36250000000000004
CA-2017-127306,2017-01-14,2017-01-18,BH-11710,OFF-PA-10000019,South,36.288,7,0.2,12.7008,0.35000000000000003
CA-2017-127306,2017-01-14,2017-01-18,BH-11710,TEC-PH-10001924,South,111.984,2,0.2,6.999,0.0625
CA-2017-127306,2017-01-14,2017-01-18,BH-11710,OFF-BI-10002003,South,5.97,5,0.7,-4.577,-0.7666666666666667
CA-2017-127306,2017-01-14,2017-01-18,BH-11710,OFF-BI-10003727,South,2.508,2,0.7,-1.8392,-0.7333333333333333
CA-2015-161830,2015-09-24,2015-09-26,ME-17725,OFF-AR-10004042,West,35.96,2,0.0,10.4284,0.29
CA-2015-161830,2015-09-24,2015-09-26,ME-17725,OFF-BI-10001097,West,14.952,3,0.2,5.4201,0.3625
CA-2017-163125,2017-10-09,2017-10-11,MB-17305,OFF-AR-10004344,Central,67.144,7,0.2,5.8751,0.0875
CA-2017-163125,2017-10-09,2017-10-11,MB-17305,FUR-CH-10001802,Central,254.058,3,0.3,-32.6646,-0.1285714285714286
CA-2016-160304,2016-01-02,2016-01-07,BM-11575,FUR-BO-10004709,East,173.94,3,0.0,38.2668,0.22000000000000003
CA-2016-160304,2016-01-02,2016-01-07,BM-11575,TEC-PH-10000455,East,231.98,2,0.0,67.2742,0.29
CA-2017-101728,2017-08-19,2017-08-23,SC-20575,OFF-BI-10002393,Central,2.296,2,0.8,-3.9032,-1.7000000000000002
CA-2017-114055,2017-12-25,2017-12-29,MH-18115,OFF-PA-10004381,South,96.08,2,0.0,46.1184,0.48000000000000004
CA-2017-114055,2017-12-25,2017-12-29,MH-18115,OFF-FA-10003059,South,3.62,2,0.0,1.1946,0.33
CA-2017-114055,2017-12-25,2017-12-29,MH-18115,OFF-PA-10000994,South,629.1,6,0.0,301.968,0.48000000000000004
CA-2017-114055,2017-12-25,2017-12-29,MH-18115,TEC-PH-10002890,South,90.48,2,0.0,23.5248,0.25999999999999995
CA-2017-126438,2017-09-10,2017-09-13,AR-10345,OFF-AR-10003338,East,14.88,2,0.0,3.72,0.25
CA-2017-117653,2017-10-19,2017-10-23,MO-17500,FUR-TA-10003008,Central,91.275,1,0.5,-67.5435,-0.7399999999999999
CA-2017-143245,2017-12-01,2017-12-06,AD-10180,OFF-PA-10001972,East,19.44,3,0.0,9.3312,0.48000000000000004
CA-2017-143245,2017-12-01,2017-12-06,AD-10180,FUR-CH-10000155,East,897.15,3,0.0,251.202,0.28
US-2014-138828,2014-09-02,2014-09-03,KD-16345,OFF-AR-10000658,East,57.75,5,0.0,16.17,0.28
US-2014-138828,2014-09-02,2014-09-03,KD-16345,OFF-PA-10000349,East,14.94,3,0.0,7.0218,0.47000000000000003
CA-2017-143651,2017-03-25,2017-03-30,FM-14215,OFF-AR-10001446,West,23.1,2,0.0,6.93,0.3
CA-2015-106978,2015-09-28,2015-10-04,ZC-21910,OFF-EN-10004483,West,12.536,1,0.2,4.2309,0.3375
CA-2015-106978,2015-09-28,2015-10-04,ZC-21910,OFF-BI-10002012,West,1.08,2,0.7,-0.792,-0.7333333333333333
CA-2015-106978,2015-09-28,2015-10-04,ZC-21910,OFF-FA-10003021,West,4.512,3,0.2,0.846,0.1875
CA-2015-155124,2015-03-15,2015-03-21,KS-16300,TEC-PH-10003356,West,16.776,3,0.2,1.6776,0.1
CA-2017-150931,2017-01-06,2017-01-13,DP-13390,OFF-BI-10004728,South,33.74,7,0.0,15.5204,0.45999999999999996
CA-2014-157147,2014-01-13,2014-01-18,BD-11605,OFF-ST-10000078,West,1325.85,5,0.0,238.653,0.18
CA-2014-157147,2014-01-13,2014-01-18,BD-11605,FUR-BO-10003034,West,333.999,3,0.15,3.9294,0.01176470588235294
CA-2014-157147,2014-01-13,2014-01-18,BD-11605,OFF-AR-10003514,West,19.9,5,0.0,6.567,0.33
CA-2015-156482,2015-02-06,2015-02-13,IL-15100,FUR-CH-10001708,East,1268.82,9,0.0,266.4522,0.21000000000000002
CA-2015-156482,2015-02-06,2015-02-13,IL-15100,FUR-BO-10002598,East,283.92,4,0.0,82.3368,0.29
CA-2015-156482,2015-02-06,2015-02-13,IL-15100,OFF-AR-10001022,East,5.68,2,0.0,1.7608,0.31
CA-2017-106782,2017-12-21,2017-12-27,LP-17095,OFF-ST-10004459,Central,375.34,1,0.0,18.767,0.05
CA-2016-151372,2016-09-05,2016-09-06,JH-15985,OFF-PA-10004381,West,96.08,2,0.0,46.1184,0.48000000000000004
CA-2016-151372,2016-09-05,2016-09-06,JH-15985,OFF-BI-10000050,West,11.68,2,0.2,3.942,0.3375
CA-2016-151372,2016-09-05,2016-09-06,JH-15985,OFF-FA-10000304,West,4.36,2,0.0,1.7876,0.41
CA-2014-102085,2014-10-04,2014-10-09,JD-16015,OFF-LA-10002475,West,29.24,4,0.0,13.7428,0.47000000000000003
CA-2017-107125,2017-11-27,2017-12-02,BD-11320,OFF-BI-10001989,West,117.488,7,0.2,41.1208,0.35000000000000003
CA-2017-107125,2017-11-27,2017-12-02,BD-11320,FUR-FU-10000732,West,18.84,3,0.0,6.0288,0.32
CA-2016-125815,2016-10-28,2016-11-01,DL-13330,OFF-AR-10004441,East,12.42,3,0.0,5.2164,0.42000000000000004
CA-2015-144190,2015-06-09,2015-06-13,NC-18415,OFF-PA-10000304,Central,12.96,2,0.0,6.2208,0.4799999999999999
CA-2017-117926,2017-12-08,2017-12-12,AS-10225,OFF-AP-10002670,West,69.48,1,0.0,20.844,0.3
CA-2015-153906,2015-03-16,2015-03-20,MS-17980,TEC-PH-10001527,East,85.9,2,0.0,2.577,0.03
CA-2014-160262,2014-06-09,2014-06-13,TS-21205,OFF-AR-10002335,West,18.06,7,0.0,4.6956,0.26
CA-2014-160262,2014-06-09,2014-06-13,TS-21205,OFF-PA-10003641,West,79.14,3,0.0,36.4044,0.46
CA-2014-160262,2014-06-09,2014-06-13,TS-21205,FUR-FU-10002685,West,37.4,2,0.0,14.212,0.38
CA-2015-127607,2015-03-20,2015-03-26,JK-15730,OFF-BI-10001308,Central,2.512,2,0.8,-4.396,-1.75
CA-2015-127607,2015-03-20,2015-03-26,JK-15730,OFF-FA-10003485,Central,18.864,9,0.2,6.1308,0.32499999999999996
CA-2016-166226,2016-11-18,2016-11-22,TC-21535,TEC-PH-10003357,West,61.192,1,0.2,6.1192,0.1
CA-2016-166226,2016-11-18,2016-11-22,TC-21535,OFF-AP-10002867,West,67.84,1,0.0,18.3168,0.27
CA-2014-156587,2014-03-07,2014-03-08,AB-10015,FUR-CH-10004477,West,48.712,1,0.2,5.4801,0.1125
CA-2014-156587,2014-03-07,2014-03-08,AB-10015,OFF-AR-10001427,West,17.94,3,0.0,4.6644,0.25999999999999995
CA-2014-156587,2014-03-07,2014-03-08,AB-10015,OFF-ST-10002344,West,242.94,3,0.0,4.8588,0.019999999999999997
CA-2016-141180,2016-05-15,2016-05-19,DP-13000,OFF-BI-10000301,South,7.764,4,0.7,-5.176,-0.6666666666666666
CA-2015-109708,2015-05-25,2015-05-28,CY-12745,TEC-PH-10001944,South,467.04,4,0.2,58.38,0.125
CA-2015-122406,2015-08-02,2015-08-05,BE-11455,TEC-PH-10001527,East,128.85,3,0.0,3.8655,0.030000000000000002
CA-2015-122406,2015-08-02,2015-08-05,BE-11455,OFF-PA-10001307,East,8.4,2,0.0,4.116,0.48999999999999994
CA-2015-122406,2015-08-02,2015-08-05,BE-11455,TEC-AC-10004571,East,199.98,2,0.0,83.9916,0.42000000000000004
CA-2015-122406,2015-08-02,2015-08-05,BE-11455,FUR-CH-10001973,East,110.98,1,0.0,15.5372,0.13999999999999999
US-2016-153815,2016-11-06,2016-11-09,KL-16555,FUR-CH-10000513,South,207.984,2,0.2,-28.5978,-0.13749999999999998
US-2016-153815,2016-11-06,2016-11-09,KL-16555,OFF-PA-10002421,South,36.112,2,0.2,12.6392,0.35
US-2016-153815,2016-11-06,2016-11-09,KL-16555,FUR-FU-10004090,South,35.568,2,0.2,5.7798,0.1625
US-2016-153815,2016-11-06,2016-11-09,KL-16555,OFF-PA-10004071,South,88.768,2,0.2,31.0688,0.35
CA-2016-164896,2016-11-07,2016-11-12,PS-19045,OFF-PA-10002246,West,12.9,2,0.0,6.321,0.49
CA-2015-142202,2015-09-18,2015-09-23,JR-16210,TEC-AC-10003198,South,717.12,9,0.2,152.388,0.2125
CA-2015-165050,2015-12-07,2015-12-09,AH-10210,OFF-BI-10001031,East,21.36,5,0.2,7.209,0.33749999999999997
CA-2015-165050,2015-12-07,2015-12-09,AH-10210,OFF-BI-10003727,East,6.688,2,0.2,2.3408,0.35000000000000003
CA-2015-165050,2015-12-07,2015-12-09,AH-10210,TEC-PH-10001336,East,773.94,6,0.0,224.4426,0.29
US-2016-131114,2016-12-09,2016-12-13,RW-19630,OFF-SU-10001664,Central,20.568,3,0.2,1.5426,0.075
US-2016-131114,2016-12-09,2016-12-13,RW-19630,OFF-AP-10003971,Central,4.356,2,0.8,-11.7612,-2.7
US-2016-131114,2016-12-09,2016-12-13,RW-19630,TEC-AC-10000199,Central,19.04,4,0.2,-1.428,-0.075
CA-2014-160066,2014-11-16,2014-11-22,AH-10075,OFF-LA-10001045,West,5.22,2,0.0,2.4012,0.45999999999999996
CA-2016-109925,2016-11-06,2016-11-10,IM-15070,OFF-ST-10003442,West,84.84,3,0.0,22.9068,0.27
CA-2015-160696,2015-09-06,2015-09-10,CK-12760,OFF-FA-10003059,South,7.24,5,0.2,1.1765,0.1625
CA-2014-125171,2014-09-03,2014-09-03,AG-10390,OFF-LA-10001175,East,14.4,5,0.0,7.056,0.49
CA-2016-149279,2016-04-24,2016-04-28,CL-12700,OFF-PA-10003441,West,15.552,3,0.2,5.4432,0.35000000000000003
CA-2016-149279,2016-04-24,2016-04-28,CL-12700,FUR-CH-10004287,West,1325.76,6,0.2,149.148,0.1125
CA-2016-149279,2016-04-24,2016-04-28,CL-12700,OFF-BI-10004040,West,3.108,2,0.7,-2.1756,-0.7000000000000001
CA-2017-107321,2017-08-31,2017-09-04,AW-10930,OFF-BI-10004022,West,6.672,3,0.2,2.1684,0.325
CA-2017-107321,2017-08-31,2017-09-04,AW-10930,TEC-PH-10002200,West,689.408,4,0.2,77.5584,0.1125
US-2017-122714,2017-12-07,2017-12-13,HG-14965,OFF-BI-10001120,Central,1889.99,5,0.8,-2929.4845,-1.55
CA-2015-153038,2015-12-18,2015-12-25,RB-19645,OFF-EN-10000461,South,55.936,8,0.2,18.8784,0.33749999999999997
CA-2015-153038,2015-12-18,2015-12-25,RB-19645,OFF-LA-10004008,South,18.432,8,0.2,5.9904,0.325
CA-2015-153038,2015-12-18,2015-12-25,RB-19645,FUR-FU-10000221,South,20.32,5,0.2,3.556,0.175
CA-2014-132227,2014-11-04,2014-11-10,SZ-20035,OFF-BI-10000962,East,52.064,4,0.2,18.8732,0.3625
CA-2017-155824,2017-03-10,2017-03-15,KS-16300,OFF-AP-10000390,South,48.784,1,0.2,3.6588,0.075
CA-2017-155824,2017-03-10,2017-03-15,KS-16300,OFF-BI-10000014,South,13.092,4,0.7,-10.0372,-0.7666666666666666
CA-2016-129238,2016-01-31,2016-02-04,SC-20050,TEC-PH-10004120,West,109.592,1,0.2,8.2194,0.075
CA-2016-129238,2016-01-31,2016-02-04,SC-20050,OFF-PA-10002764,West,56.7,5,0.0,27.783,0.49
CA-2017-159688,2017-05-07,2017-05-12,AB-10060,TEC-AC-10000736,West,79.99,1,0.0,28.7964,0.36
CA-2016-136126,2016-05-24,2016-05-24,EH-14125,OFF-SU-10000898,South,69.5,5,0.0,20.155,0.29000000000000004
CA-2016-136126,2016-05-24,2016-05-24,EH-14125,OFF-PA-10004327,South,191.6,4,0.0,91.968,0.48000000000000004
CA-2016-155033,2016-10-07,2016-10-12,CC-12475,OFF-PA-10000143,West,10.56,2,0.0,5.0688,0.48000000000000004
CA-2014-156006,2014-04-30,2014-05-02,TM-21010,TEC-AC-10002550,South,47.79,3,0.0,16.2486,0.34
CA-2015-158659,2015-11-10,2015-11-14,SC-20695,OFF-ST-10003306,Central,714.3,5,0.0,207.147,0.29
CA-2015-169796,2015-11-09,2015-11-14,Dp-13240,TEC-MA-10000045,East,2321.9,2,0.0,1114.512,0.48
CA-2015-169796,2015-11-09,2015-11-14,Dp-13240,OFF-ST-10001505,East,17.94,3,0.0,3.0498,0.16999999999999998
CA-2015-102876,2015-09-07,2015-09-14,LR-17035,OFF-BI-10004781,East,9.522,1,0.7,-6.9828,-0.7333333333333333
CA-2015-102876,2015-09-07,2015-09-14,LR-17035,TEC-PH-10002680,East,791.964,6,0.4,-131.994,-0.16666666666666666
CA-2015-102876,2015-09-07,2015-09-14,LR-17035,OFF-BI-10000848,East,4.923,3,0.7,-3.9384,-0.8
US-2017-139647,2017-05-11,2017-05-13,TS-21370,FUR-BO-10004467,West,209.979,7,0.7,-356.9643,-1.6999999999999997
US-2017-160465,2017-07-21,2017-07-26,SW-20350,OFF-BI-10001670,East,33.93,3,0.7,-22.62,-0.6666666666666667
US-2017-160465,2017-07-21,2017-07-26,SW-20350,OFF-ST-10000136,East,222.32,7,0.2,25.011,0.1125
US-2017-160465,2017-07-21,2017-07-26,SW-20350,TEC-PH-10004522,East,210.564,6,0.4,-52.641,-0.25
CA-2014-153850,2014-11-24,2014-11-29,TH-21100,FUR-FU-10002960,East,35.168,7,0.2,9.6712,0.275
CA-2014-153850,2014-11-24,2014-11-29,TH-21100,TEC-PH-10002584,East,1502.376,4,0.4,-250.396,-0.16666666666666666
CA-2014-127558,2014-11-15,2014-11-18,SS-20410,FUR-FU-10002505,West,10.11,3,0.0,3.2352,0.32
CA-2014-127558,2014-11-15,2014-11-18,SS-20410,TEC-AC-10003832,West,772.47,3,0.0,146.7693,0.18999999999999997
CA-2014-127558,2014-11-15,2014-11-18,SS-20410,OFF-SU-10002537,West,20.46,2,0.0,5.3196,0.26
CA-2017-136511,2017-03-23,2017-03-25,MZ-17515,OFF-SU-10003505,East,347.58,3,0.0,17.379,0.05
CA-2016-133795,2016-12-18,2016-12-24,JE-15475,TEC-AC-10001465,West,72.64,2,0.0,21.792,0.30000000000000004
CA-2016-133795,2016-12-18,2016-12-24,JE-15475,TEC-AC-10003832,West,772.47,3,0.0,146.7693,0.18999999999999997
CA-2016-133795,2016-12-18,2016-12-24,JE-15475,FUR-FU-10003731,West,39.92,4,0.0,11.1776,0.27999999999999997
US-2017-130953,2017-07-29,2017-08-03,RF-19735,OFF-BI-10004828,Central,33.48,2,0.0,16.4052,0.49000000000000005
US-2017-130953,2017-07-29,2017-08-03,RF-19735,TEC-PH-10003012,Central,461.97,3,0.0,133.9713,0.29000000000000004
US-2017-130953,2017-07-29,2017-08-03,RF-19735,OFF-AP-10002311,Central,137.62,2,0.0,60.5528,0.43999999999999995
US-2017-130953,2017-07-29,2017-08-03,RF-19735,FUR-CH-10004626,Central,302.67,3,0.0,72.6408,0.24
CA-2014-151792,2014-09-02,2014-09-07,CV-12295,TEC-AC-10001606,Central,239.976,3,0.2,53.9946,0.225
CA-2017-139304,2017-01-29,2017-02-02,VG-21790,OFF-AR-10001216,West,8.34,3,0.0,2.1684,0.26
CA-2017-139304,2017-01-29,2017-02-02,VG-21790,OFF-SU-10001664,West,8.57,1,0.0,2.2282,0.26
CA-2017-139304,2017-01-29,2017-02-02,VG-21790,OFF-BI-10002498,West,119.616,8,0.2,40.3704,0.33749999999999997
CA-2016-155166,2016-12-26,2017-01-02,BB-11545,FUR-CH-10003968,East,212.94,3,0.0,25.5528,0.12000000000000001
CA-2016-155166,2016-12-26,2017-01-02,BB-11545,OFF-AP-10002765,East,26.49,1,0.0,7.4172,0.28
CA-2015-103954,2015-08-09,2015-08-13,HR-14770,FUR-BO-10004690,Central,687.4,5,0.0,48.118,0.07
CA-2014-169803,2014-04-06,2014-04-12,SC-20260,FUR-TA-10000688,West,653.55,3,0.0,111.1035,0.17
CA-2014-169803,2014-04-06,2014-04-12,SC-20260,TEC-AC-10003441,West,33.9,2,0.0,2.034,0.06
CA-2017-141719,2017-11-17,2017-11-21,EG-13900,TEC-AC-10003610,Central,239.96,5,0.2,83.986,0.35000000000000003
CA-2015-136469,2015-07-11,2015-07-12,TS-21370,FUR-TA-10001520,East,199.836,4,0.3,-37.1124,-0.18571428571428572
CA-2015-136469,2015-07-11,2015-07-12,TS-21370,TEC-PH-10001817,East,716.0,2,0.0,193.32,0.27
CA-2015-136469,2015-07-11,2015-07-12,TS-21370,OFF-BI-10004492,East,221.06,7,0.0,103.8982,0.47000000000000003
CA-2016-158694,2016-11-10,2016-11-13,AI-10855,OFF-PA-10002421,West,67.71,3,0.0,32.5008,0.48000000000000004
CA-2016-158694,2016-11-10,2016-11-13,AI-10855,OFF-AP-10000055,West,129.92,4,0.0,38.976,0.30000000000000004
CA-2016-158694,2016-11-10,2016-11-13,AI-10855,FUR-FU-10000965,West,467.46,9,0.0,191.6586,0.41000000000000003
CA-2016-158694,2016-11-10,2016-11-13,AI-10855,OFF-PA-10001363,West,61.4,5,0.0,28.858,0.47000000000000003
CA-2016-158694,2016-11-10,2016-11-13,AI-10855,OFF-ST-10001496,West,720.76,4,0.0,187.3976,0.26
CA-2016-158694,2016-11-10,2016-11-13,AI-10855,OFF-BI-10004656,West,5.184,3,0.2,1.8144,0.35
CA-2016-158694,2016-11-10,2016-11-13,AI-10855,OFF-AR-10001227,West,14.7,5,0.0,3.969,0.27
US-2014-104759,2014-03-31,2014-04-04,DD-13570,OFF-BI-10002071,Central,8.134,7,0.8,-13.8278,-1.7
US-2014-104759,2014-03-31,2014-04-04,DD-13570,TEC-AC-10004901,Central,79.984,2,0.2,13.9972,0.17500000000000002
CA-2015-150511,2015-09-18,2015-09-24,AB-10060,OFF-PA-10001776,West,18.54,2,0.0,8.7138,0.4700000000000001
CA-2015-134922,2015-11-07,2015-11-11,KB-16240,OFF-EN-10000483,East,24.4,2,0.2,7.93,0.325
US-2017-120607,2017-05-19,2017-05-19,JC-15775,OFF-PA-10003129,South,195.64,4,0.0,91.9508,0.47000000000000003
CA-2015-141243,2015-01-03,2015-01-08,AH-10465,TEC-AC-10003198,Central,398.4,5,0.2,84.66,0.2125
CA-2015-141243,2015-01-03,2015-01-08,AH-10465,OFF-AR-10001246,Central,7.056,3,0.2,0.7938,0.11249999999999999
CA-2015-141243,2015-01-03,2015-01-08,AH-10465,FUR-BO-10003272,Central,1352.3976,9,0.32,-437.5404,-0.32352941176470584
CA-2015-162166,2015-09-08,2015-09-11,NM-18520,OFF-PA-10002606,West,26.4,5,0.0,11.88,0.45000000000000007
CA-2015-162166,2015-09-08,2015-09-11,NM-18520,OFF-ST-10002486,West,41.88,6,0.0,0.8376,0.02
CA-2016-120796,2016-04-03,2016-04-07,CS-11950,OFF-BI-10004330,East,99.846,9,0.7,-83.205,-0.8333333333333333
CA-2016-109722,2016-12-05,2016-12-07,TP-21130,TEC-PH-10000560,South,699.98,2,0.0,195.9944,0.28
CA-2016-109722,2016-12-05,2016-12-07,TP-21130,OFF-ST-10000060,South,584.82,9,0.0,70.1784,0.11999999999999998
CA-2015-136798,2015-05-08,2015-05-12,DL-12925,OFF-BI-10003684,Central,43.98,2,0.0,21.99,0.5
CA-2015-136798,2015-05-08,2015-05-12,DL-12925,TEC-PH-10000441,Central,377.97,3,0.0,105.8316,0.27999999999999997
CA-2015-136798,2015-05-08,2015-05-12,DL-12925,FUR-FU-10000723,Central,123.96,3,0.0,11.1564,0.09
CA-2017-122196,2017-09-22,2017-09-24,CA-12265,TEC-PH-10004977,East,391.98,2,0.0,113.6742,0.29
CA-2017-142090,2017-11-30,2017-12-07,SC-20380,TEC-AC-10002001,South,383.976,3,0.2,81.5949,0.2125
CA-2017-142090,2017-11-30,2017-12-07,SC-20380,FUR-TA-10001889,South,1781.682,7,0.4,-653.2834,-0.3666666666666667
CA-2017-160934,2017-01-15,2017-01-19,TT-21460,OFF-AR-10003504,West,21.4,5,0.0,6.206,0.29000000000000004
CA-2014-124478,2014-08-08,2014-08-12,MA-17560,TEC-CO-10001571,Central,549.99,1,0.0,274.995,0.5
CA-2014-124478,2014-08-08,2014-08-12,MA-17560,OFF-AP-10002495,Central,167.535,3,0.1,37.23,0.2222222222222222
CA-2014-124478,2014-08-08,2014-08-12,MA-17560,OFF-EN-10002500,Central,38.34,3,0.0,17.253,0.44999999999999996
CA-2014-124478,2014-08-08,2014-08-12,MA-17560,FUR-FU-10002088,Central,53.88,6,0.0,22.6296,0.42
CA-2014-124478,2014-08-08,2014-08-12,MA-17560,TEC-PH-10001128,Central,299.98,2,0.0,83.9944,0.27999999999999997
CA-2015-145485,2015-11-05,2015-11-05,JM-16195,OFF-ST-10000649,West,62.8,4,0.0,15.7,0.25
CA-2017-151071,2017-04-25,2017-04-29,MB-18085,OFF-BI-10002103,West,13.904,2,0.2,4.5188,0.32499999999999996
CA-2014-134572,2014-04-20,2014-04-22,SV-20365,FUR-TA-10001705,Central,744.1,5,0.3,-95.67,-0.12857142857142856
CA-2014-134572,2014-04-20,2014-04-22,SV-20365,OFF-ST-10004634,Central,44.84,5,0.2,5.605,0.125
CA-2014-134572,2014-04-20,2014-04-22,SV-20365,FUR-TA-10004442,Central,401.59,2,0.3,-131.951,-0.32857142857142857
CA-2017-143217,2017-11-11,2017-11-17,CG-12040,OFF-BI-10002949,Central,18.24,3,0.0,8.5728,0.4700000000000001
US-2017-133312,2017-11-25,2017-11-29,BD-11500,FUR-BO-10002213,West,359.499,3,0.15,-29.6058,-0.08235294117647057
US-2017-133312,2017-11-25,2017-11-29,BD-11500,OFF-ST-10001325,West,10.48,1,0.0,2.8296,0.27
US-2015-137533,2015-12-18,2015-12-18,JK-15640,OFF-PA-10003441,East,20.736,4,0.2,7.2576,0.35
CA-2016-155138,2016-09-08,2016-09-12,JM-15580,TEC-AC-10004209,South,35.168,4,0.2,8.3524,0.2375
CA-2016-155138,2016-09-08,2016-09-12,JM-15580,OFF-PA-10000501,South,64.704,3,0.2,23.4552,0.36250000000000004
CA-2016-108350,2016-06-06,2016-06-09,SC-20230,OFF-PA-10003656,East,105.52,4,0.0,48.5392,0.46
CA-2015-144302,2015-06-19,2015-06-23,ME-17320,OFF-BI-10001107,Central,5.792,2,0.8,-9.5568,-1.6500000000000001
CA-2015-109001,2015-03-05,2015-03-09,KN-16390,TEC-PH-10000562,East,466.158,7,0.4,-93.2316,-0.19999999999999998
CA-2015-109001,2015-03-05,2015-03-09,KN-16390,TEC-AC-10001101,East,10.312,1,0.2,-1.289,-0.125
CA-2015-109001,2015-03-05,2015-03-09,KN-16390,OFF-BI-10003529,East,2.556,3,0.7,-1.7892,-0.7
CA-2017-132738,2017-08-04,2017-08-07,HM-14860,OFF-PA-10001752,West,7.968,2,0.2,2.8884,0.3625
CA-2017-132738,2017-08-04,2017-08-07,HM-14860,OFF-EN-10001141,West,8.784,1,0.2,3.1842,0.3625
CA-2017-156720,2017-12-30,2018-01-03,JM-15580,OFF-FA-10003472,West,3.024,3,0.2,-0.6048,-0.2
CA-2015-119102,2015-05-23,2015-05-27,KH-16690,OFF-ST-10004507,East,51.45,3,0.0,13.8915,0.27
US-2014-140452,2014-12-06,2014-12-10,BK-11260,OFF-AP-10004036,Central,14.016,4,0.8,-31.536,-2.25
US-2014-140452,2014-12-06,2014-12-10,BK-11260,FUR-TA-10004086,Central,214.95,5,0.5,-120.372,-0.56
US-2014-140452,2014-12-06,2014-12-10,BK-11260,TEC-PH-10000307,Central,35.04,4,0.2,-7.008,-0.2
US-2014-140452,2014-12-06,2014-12-10,BK-11260,FUR-FU-10002088,Central,10.776,3,0.6,-4.8492,-0.45
US-2014-140452,2014-12-06,2014-12-10,BK-11260,OFF-BI-10004965,Central,4.6,2,0.8,-8.05,-1.7500000000000002
US-2014-140452,2014-12-06,2014-12-10,BK-11260,OFF-ST-10002485,Central,35.168,2,0.2,-8.3524,-0.2375
CA-2015-141936,2015-08-07,2015-08-12,PN-18775,OFF-BI-10002194,West,19.152,3,0.2,6.4638,0.33749999999999997
CA-2014-158442,2014-03-17,2014-03-17,AZ-10750,OFF-AR-10003732,Central,4.448,2,0.2,0.3336,0.075
CA-2014-158442,2014-03-17,2014-03-17,AZ-10750,OFF-PA-10002195,Central,5.184,1,0.2,1.8792,0.3625
CA-2014-158442,2014-03-17,2014-03-17,AZ-10750,OFF-PA-10002365,Central,15.552,3,0.2,5.4432,0.35000000000000003
CA-2015-167374,2015-03-26,2015-03-30,GM-14500,OFF-PA-10001950,East,40.032,6,0.2,12.51,0.3125
CA-2015-167374,2015-03-26,2015-03-30,GM-14500,TEC-AC-10004633,East,16.776,3,0.2,5.0328,0.3
CA-2014-116568,2014-12-14,2014-12-20,BM-11785,FUR-CH-10002439,South,186.304,4,0.2,13.9728,0.075
CA-2015-147102,2015-09-19,2015-09-26,NH-18610,TEC-AC-10000682,South,66.36,4,0.0,23.226,0.35
CA-2017-132213,2017-04-25,2017-04-26,PN-18775,OFF-AR-10004078,South,42.048,9,0.2,5.256,0.125
CA-2017-132213,2017-04-25,2017-04-26,PN-18775,OFF-AR-10001958,South,67.92,5,0.2,6.792,0.09999999999999999
CA-2014-138450,2014-10-18,2014-10-22,EH-13765,OFF-EN-10001335,East,52.512,6,0.2,19.692,0.375
CA-2014-138450,2014-10-18,2014-10-22,EH-13765,OFF-ST-10003479,East,186.912,6,0.2,-35.046,-0.1875
CA-2014-138450,2014-10-18,2014-10-22,EH-13765,OFF-PA-10003016,East,10.048,4,0.2,3.14,0.3125
CA-2015-153073,2015-11-13,2015-11-13,HA-14905,FUR-FU-10001025,Central,17.496,9,0.6,-7.4358,-0.42500000000000004
CA-2016-147970,2016-01-31,2016-02-02,AB-10150,OFF-PA-10003936,Central,15.552,3,0.2,5.4432,0.35000000000000003
CA-2016-150658,2016-11-17,2016-11-22,MS-17365,OFF-BI-10004140,West,10.776,3,0.2,3.3675,0.3125
CA-2017-125640,2017-07-25,2017-07-29,DD-13570,OFF-LA-10004178,East,3.304,1,0.2,1.0738,0.32500000000000007
CA-2017-154137,2017-11-11,2017-11-17,MT-17815,OFF-ST-10003324,East,35.48,1,0.0,0.0,0.0
CA-2015-127173,2015-09-26,2015-10-03,GM-14500,OFF-FA-10004854,East,34.44,3,0.0,16.1868,0.4700000000000001
CA-2015-127173,2015-09-26,2015-10-03,GM-14500,TEC-MA-10002859,East,629.93,7,0.0,296.0671,0.47000000000000003
CA-2015-127173,2015-09-26,2015-10-03,GM-14500,OFF-BI-10000088,East,79.056,9,0.2,28.6578,0.36250000000000004
CA-2014-149538,2014-04-04,2014-04-08,KB-16585,OFF-ST-10004180,South,232.55,5,0.0,9.302,0.039999999999999994
CA-2014-149538,2014-04-04,2014-04-08,KB-16585,TEC-AC-10002926,South,99.98,2,0.0,42.9914,0.43
CA-2014-149538,2014-04-04,2014-04-08,KB-16585,OFF-PA-10003797,South,19.44,3,0.0,9.3312,0.48000000000000004
CA-2014-149538,2014-04-04,2014-04-08,KB-16585,OFF-PA-10002195,South,12.96,2,0.0,6.3504,0.48999999999999994
CA-2014-160766,2014-09-14,2014-09-14,DM-13015,FUR-TA-10001039,East,464.292,9,0.4,-108.3348,-0.23333333333333334
CA-2014-160766,2014-09-14,2014-09-14,DM-13015,OFF-EN-10001099,East,68.46,7,0.0,31.4916,0.46
CA-2014-160766,2014-09-14,2014-09-14,DM-13015,TEC-MA-10003979,East,2799.96,4,0.0,1371.9804,0.49
CA-2014-160766,2014-09-14,2014-09-14,DM-13015,OFF-AP-10002945,East,601.3,2,0.0,198.429,0.33
CA-2014-160766,2014-09-14,2014-09-14,DM-13015,TEC-PH-10001536,East,16.99,1,0.0,4.4174,0.26
CA-2014-160766,2014-09-14,2014-09-14,DM-13015,TEC-PH-10000526,East,287.97,3,0.0,80.6316,0.27999999999999997
CA-2014-160766,2014-09-14,2014-09-14,DM-13015,OFF-PA-10000213,East,44.82,9,0.0,21.0654,0.47000000000000003
CA-2017-146626,2017-12-29,2018-01-05,BP-11185,FUR-FU-10002501,West,101.12,8,0.0,37.4144,0.37
CA-2015-123330,2015-06-21,2015-06-27,EP-13915,TEC-PH-10001819,South,107.976,3,0.2,37.7916,0.35000000000000003
CA-2017-155607,2017-11-26,2017-11-30,FG-14260,OFF-AP-10001962,East,58.73,7,0.0,14.6825,0.25
CA-2017-155607,2017-11-26,2017-11-30,FG-14260,OFF-BI-10003364,East,93.344,4,0.2,32.6704,0.35000000000000003
CA-2016-151323,2016-10-23,2016-10-28,AB-10255,OFF-FA-10002983,West,17.05,5,0.0,8.184,0.4799999999999999
CA-2015-146696,2015-12-14,2015-12-19,RD-19480,OFF-BI-10002432,West,8.096,2,0.2,2.7324,0.3375
CA-2016-128972,2016-11-13,2016-11-17,TS-21430,FUR-FU-10003096,Central,30.36,4,0.0,13.0548,0.43
CA-2017-128335,2017-09-29,2017-10-05,JA-15970,OFF-EN-10001539,East,23.34,3,0.0,10.9698,0.47
CA-2017-128335,2017-09-29,2017-10-05,JA-15970,OFF-PA-10004996,East,51.55,5,0.0,24.2285,0.47000000000000003
CA-2015-154886,2015-11-08,2015-11-12,SW-20455,TEC-AC-10001956,West,119.9,2,0.0,43.164,0.36
CA-2016-111213,2016-04-01,2016-04-05,FP-14320,FUR-CH-10000454,East,1317.492,6,0.1,292.776,0.22222222222222224
CA-2016-111213,2016-04-01,2016-04-05,FP-14320,OFF-SU-10000946,East,63.84,8,0.0,18.5136,0.29
CA-2016-111213,2016-04-01,2016-04-05,FP-14320,OFF-BI-10004140,East,3.592,1,0.2,1.1225,0.3125
CA-2017-161333,2017-02-02,2017-02-07,JL-15835,FUR-FU-10003039,West,86.26,2,0.0,29.3284,0.33999999999999997
CA-2017-161333,2017-02-02,2017-02-07,JL-15835,OFF-ST-10000464,West,139.04,4,0.0,38.9312,0.27999999999999997
CA-2017-161333,2017-02-02,2017-02-07,JL-15835,OFF-AP-10000252,West,46.8,4,0.0,16.38,0.35
CA-2017-128734,2017-12-24,2017-12-31,JL-15175,FUR-FU-10001731,West,8.544,4,0.2,1.9224,0.225
CA-2017-128734,2017-12-24,2017-12-31,JL-15175,FUR-CH-10001394,West,842.376,3,0.2,105.297,0.125
CA-2014-141796,2014-06-21,2014-06-21,JG-15160,TEC-PH-10001578,East,1214.85,3,0.0,352.3065,0.29000000000000004
CA-2017-125101,2017-03-06,2017-03-10,SH-19975,OFF-ST-10000675,West,67.78,2,0.0,16.945,0.25
CA-2017-169929,2017-09-25,2017-09-28,LS-17200,OFF-ST-10002352,West,39.9,5,0.0,10.374,0.26
US-2014-121566,2014-06-30,2014-07-06,CS-11860,OFF-BI-10004528,East,2.688,1,0.2,0.84,0.31249999999999994
US-2014-121566,2014-06-30,2014-07-06,CS-11860,OFF-AR-10001026,East,6.6,3,0.0,2.904,0.44
US-2015-124219,2015-08-07,2015-08-08,KW-16570,OFF-BI-10002215,Central,28.4,4,0.0,13.064,0.46
US-2015-124219,2015-08-07,2015-08-08,KW-16570,FUR-FU-10000305,Central,212.94,3,0.0,34.0704,0.16
CA-2017-163006,2017-06-30,2017-07-04,GH-14410,TEC-PH-10002584,Central,1001.584,2,0.2,125.198,0.125
CA-2017-163006,2017-06-30,2017-07-04,GH-14410,FUR-CH-10000229,Central,569.058,3,0.3,-178.8468,-0.3142857142857143
CA-2017-163006,2017-06-30,2017-07-04,GH-14410,FUR-FU-10003799,Central,14.224,2,0.6,-10.3124,-0.725
CA-2015-156146,2015-10-26,2015-10-30,AG-10495,TEC-PH-10001700,West,105.584,2,0.2,9.2386,0.0875
CA-2015-156146,2015-10-26,2015-10-30,AG-10495,TEC-PH-10001527,West,68.72,2,0.2,-14.603,-0.2125
CA-2014-111192,2014-07-30,2014-08-05,TS-21430,FUR-BO-10002916,West,1367.84,8,0.0,259.8896,0.19
CA-2016-115378,2016-11-18,2016-11-23,AJ-10945,FUR-CH-10000863,Central,301.96,2,0.0,33.2156,0.11000000000000001
CA-2015-161627,2015-07-06,2015-07-11,SJ-20215,FUR-CH-10003968,West,170.352,3,0.2,-17.0352,-0.09999999999999999
CA-2014-121006,2014-11-10,2014-11-16,SC-20020,OFF-AR-10001149,Central,3.9,2,0.0,1.521,0.38999999999999996
CA-2014-121006,2014-11-10,2014-11-16,SC-20020,OFF-PA-10000130,Central,12.84,3,0.0,5.778,0.44999999999999996
CA-2014-121006,2014-11-10,2014-11-16,SC-20020,OFF-PA-10002479,Central,15.84,3,0.0,7.128,0.45
CA-2014-121006,2014-11-10,2014-11-16,SC-20020,FUR-CH-10004997,Central,563.94,3,0.0,112.788,0.19999999999999998
CA-2014-121006,2014-11-10,2014-11-16,SC-20020,OFF-ST-10004950,Central,62.94,3,0.0,11.9586,0.19
CA-2014-121006,2014-11-10,2014-11-16,SC-20020,OFF-ST-10001490,Central,535.41,3,0.0,160.623,0.3
CA-2016-122903,2016-05-27,2016-05-29,LA-16780,FUR-CH-10002024,Central,3504.9,5,0.0,700.98,0.2
CA-2016-122903,2016-05-27,2016-05-29,LA-16780,OFF-PA-10001790,Central,144.12,3,0.0,69.1776,0.48
CA-2016-122903,2016-05-27,2016-05-29,LA-16780,OFF-PA-10000994,Central,314.55,3,0.0,150.984,0.48000000000000004
CA-2015-107741,2015-03-08,2015-03-10,FC-14335,OFF-AR-10002399,West,3.408,1,0.2,0.8946,0.2625
CA-2017-106432,2017-10-19,2017-10-24,CA-12265,OFF-BI-10002799,Central,2.072,2,0.8,-3.5224,-1.7
CA-2017-106432,2017-10-19,2017-10-24,CA-12265,FUR-BO-10004360,Central,328.3992,3,0.32,-91.7586,-0.27941176470588236
CA-2016-148908,2016-11-05,2016-11-08,JH-15985,OFF-BI-10002082,West,53.248,2,0.2,19.968,0.375
CA-2016-123015,2016-12-26,2016-12-30,AJ-10795,OFF-BI-10004967,East,4.992,3,0.2,1.6848,0.3375
US-2015-120502,2015-04-13,2015-04-19,BT-11395,FUR-FU-10004973,West,37.68,2,0.0,15.8256,0.42
US-2015-120502,2015-04-13,2015-04-19,BT-11395,TEC-PH-10003645,West,258.576,2,0.2,19.3932,0.075
US-2015-120502,2015-04-13,2015-04-19,BT-11395,OFF-AP-10004980,West,75.84,2,0.0,29.5776,0.39
CA-2017-108749,2017-09-12,2017-09-15,DJ-13510,OFF-PA-10003797,East,45.36,7,0.0,21.7728,0.48
CA-2017-108749,2017-09-12,2017-09-15,DJ-13510,OFF-BI-10003707,East,45.78,3,0.0,22.89,0.5
CA-2017-163335,2017-09-24,2017-09-27,AG-10675,OFF-ST-10000885,South,40.29,3,0.0,10.0725,0.25
CA-2017-163335,2017-09-24,2017-09-27,AG-10675,OFF-BI-10002827,South,38.71,7,0.0,17.8066,0.45999999999999996
CA-2015-134719,2015-10-10,2015-10-15,JD-15790,OFF-ST-10004459,South,1801.632,6,0.2,-337.806,-0.18749999999999997
US-2015-154389,2015-11-27,2015-12-03,EH-14125,TEC-PH-10002789,East,748.752,8,0.4,-162.2296,-0.21666666666666667
CA-2015-115567,2015-09-13,2015-09-18,ZC-21910,TEC-AC-10001314,Central,199.96,4,0.0,15.9968,0.08
CA-2015-115567,2015-09-13,2015-09-18,ZC-21910,FUR-CH-10000015,Central,1516.2,7,0.0,394.212,0.26
US-2017-136679,2017-11-14,2017-11-18,XP-21865,TEC-AC-10004855,Central,167.952,6,0.2,-27.2922,-0.1625
US-2017-136679,2017-11-14,2017-11-18,XP-21865,OFF-AR-10003582,Central,45.04,2,0.2,4.504,0.09999999999999999
US-2017-141943,2017-05-05,2017-05-09,DK-12985,OFF-EN-10003448,West,23.16,2,0.0,11.58,0.5
CA-2014-101560,2014-11-28,2014-12-01,CS-12250,FUR-FU-10003773,South,397.6,5,0.0,43.736,0.10999999999999999
CA-2014-101560,2014-11-28,2014-12-01,CS-12250,OFF-PA-10001363,South,85.96,7,0.0,40.4012,0.4700000000000001
CA-2014-101560,2014-11-28,2014-12-01,CS-12250,OFF-AR-10004757,South,13.12,4,0.0,4.3296,0.33
CA-2014-101560,2014-11-28,2014-12-01,CS-12250,OFF-BI-10000309,South,45.66,3,0.0,22.3734,0.49000000000000005
CA-2014-159709,2014-05-10,2014-05-15,AI-10855,OFF-EN-10001434,West,158.13,3,0.0,77.4837,0.49
CA-2014-159709,2014-05-10,2014-05-15,AI-10855,TEC-PH-10003988,West,43.6,5,0.2,4.36,0.1
CA-2016-103982,2016-03-03,2016-03-08,AA-10315,OFF-SU-10000151,Central,3930.072,3,0.2,-786.0144,-0.2
CA-2016-103982,2016-03-03,2016-03-08,AA-10315,OFF-FA-10001332,Central,2.304,1,0.2,0.7776,0.3375
CA-2016-103982,2016-03-03,2016-03-08,AA-10315,TEC-PH-10000895,Central,431.976,3,0.2,32.3982,0.07500000000000001
CA-2016-103982,2016-03-03,2016-03-08,AA-10315,TEC-AC-10002857,Central,41.72,7,0.2,5.7365,0.1375
CA-2015-142454,2015-08-15,2015-08-19,RE-19450,FUR-FU-10004018,West,104.23,7,0.0,28.1421,0.26999999999999996
CA-2015-142454,2015-08-15,2015-08-19,RE-19450,OFF-ST-10003638,West,70.26,3,0.0,18.9702,0.26999999999999996
CA-2015-102015,2015-09-12,2015-09-18,TM-21010,OFF-AR-10004685,East,9.26,2,0.0,3.0558,0.33
CA-2015-102015,2015-09-12,2015-09-18,TM-21010,OFF-ST-10001713,East,105.98,2,0.0,4.2392,0.04
CA-2015-102015,2015-09-12,2015-09-18,TM-21010,OFF-FA-10000490,East,1.24,1,0.0,0.5828,0.47
CA-2015-102015,2015-09-12,2015-09-18,TM-21010,OFF-LA-10002043,East,20.7,2,0.0,9.936,0.48000000000000004
CA-2015-102015,2015-09-12,2015-09-18,TM-21010,OFF-PA-10002464,East,28.9,5,0.0,14.161,0.49
CA-2015-102015,2015-09-12,2015-09-18,TM-21010,OFF-EN-10002504,East,27.18,1,0.0,12.7746,0.47
CA-2015-156755,2015-01-12,2015-01-18,YS-21880,OFF-ST-10002615,East,465.18,3,0.0,120.9468,0.26
CA-2015-130876,2015-05-12,2015-05-16,AZ-10750,OFF-ST-10004258,East,36.63,3,0.0,9.8901,0.27
CA-2016-145898,2016-09-26,2016-09-26,CM-12445,OFF-ST-10004507,West,51.45,3,0.0,13.8915,0.27
CA-2016-145898,2016-09-26,2016-09-26,CM-12445,OFF-LA-10000262,West,7.83,3,0.0,3.6018,0.45999999999999996
CA-2016-145898,2016-09-26,2016-09-26,CM-12445,OFF-AR-10002445,West,35.4,5,0.0,13.452,0.38
CA-2016-145898,2016-09-26,2016-09-26,CM-12445,OFF-PA-10001667,West,29.9,5,0.0,13.455,0.45
US-2017-159562,2017-09-09,2017-09-15,JB-16000,OFF-EN-10000461,Central,17.48,2,0.0,8.2156,0.47000000000000003
CA-2017-134635,2017-04-15,2017-04-17,NS-18640,OFF-PA-10002254,West,79.14,3,0.0,36.4044,0.46
CA-2017-167080,2017-06-10,2017-06-14,LC-16930,OFF-AR-10001868,East,8.4,5,0.0,4.2,0.5
CA-2017-145653,2017-09-01,2017-09-01,CA-12775,FUR-CH-10004875,Central,498.26,7,0.0,134.5302,0.27
CA-2014-140487,2014-06-14,2014-06-20,SR-20425,FUR-BO-10000711,Central,212.94,3,0.0,57.4938,0.27
CA-2017-117401,2017-05-18,2017-05-22,PP-18955,OFF-AP-10000938,Central,706.86,7,0.0,197.9208,0.28
CA-2017-117401,2017-05-18,2017-05-22,PP-18955,TEC-PH-10003555,Central,114.95,5,0.0,2.299,0.02
CA-2017-117401,2017-05-18,2017-05-22,PP-18955,OFF-BI-10001267,Central,43.19,7,0.0,20.7312,0.48000000000000004
US-2017-109582,2017-09-12,2017-09-17,JM-15865,OFF-PA-10004071,West,166.44,3,0.0,79.8912,0.48
CA-2016-119865,2016-06-21,2016-06-26,AS-10090,OFF-BI-10001553,East,36.56,5,0.2,12.796,0.35
CA-2016-119865,2016-06-21,2016-06-26,AS-10090,OFF-BI-10003007,East,186.144,6,0.2,60.4968,0.325
CA-2016-119865,2016-06-21,2016-06-26,AS-10090,FUR-BO-10003272,East,353.568,2,0.2,-44.196,-0.125
US-2014-147648,2014-11-26,2014-12-01,LS-16975,OFF-PA-10001033,West,81.98,2,0.0,40.1702,0.49
CA-2017-124436,2017-03-19,2017-03-22,SA-20830,OFF-BI-10001553,West,14.624,2,0.2,5.1184,0.35000000000000003
CA-2017-124436,2017-03-19,2017-03-22,SA-20830,FUR-TA-10001095,West,697.16,5,0.2,8.7145,0.012499999999999999
CA-2017-124436,2017-03-19,2017-03-22,SA-20830,FUR-FU-10001185,West,30.93,1,0.0,12.6813,0.41000000000000003
CA-2017-124436,2017-03-19,2017-03-22,SA-20830,OFF-BI-10000343,West,27.496,7,0.2,9.2799,0.3375
CA-2014-115084,2014-10-18,2014-10-22,LS-17200,FUR-CH-10004626,South,605.34,6,0.0,145.2816,0.24
CA-2017-131037,2017-08-22,2017-08-23,TM-21490,FUR-TA-10001768,West,210.008,1,0.2,2.6251,0.0125
CA-2016-111143,2016-11-19,2016-11-22,TT-21265,OFF-AP-10001947,Central,54.96,3,0.0,15.9384,0.29
CA-2014-166744,2014-09-20,2014-09-24,DN-13690,FUR-FU-10004952,East,164.22,3,0.0,50.9082,0.31
CA-2014-166744,2014-09-20,2014-09-24,DN-13690,FUR-BO-10001337,East,362.94,3,0.0,36.294,0.09999999999999999
CA-2014-166744,2014-09-20,2014-09-24,DN-13690,TEC-AC-10003628,East,59.98,2,0.0,26.3912,0.44000000000000006
CA-2016-116561,2016-09-11,2016-09-17,EB-14110,OFF-ST-10004186,West,332.94,3,0.0,6.6588,0.02
CA-2016-116561,2016-09-11,2016-09-17,EB-14110,OFF-BI-10001658,West,39.872,2,0.2,12.9584,0.32499999999999996
CA-2016-110730,2016-09-23,2016-09-26,CM-11815,OFF-SU-10004737,West,13.68,2,0.0,3.6936,0.27
CA-2017-146367,2017-08-04,2017-08-08,HM-14860,OFF-BI-10002827,Central,3.318,3,0.8,-5.6406,-1.7
CA-2016-149454,2016-07-25,2016-07-26,KM-16375,OFF-BI-10003694,South,10.44,1,0.0,4.8024,0.45999999999999996
CA-2016-156265,2016-08-02,2016-08-04,BF-11020,FUR-TA-10001691,West,136.464,2,0.2,15.3522,0.1125
CA-2016-156265,2016-08-02,2016-08-04,BF-11020,TEC-PH-10001918,West,333.576,3,0.2,33.3576,0.09999999999999999
CA-2016-156265,2016-08-02,2016-08-04,BF-11020,OFF-BI-10000285,West,12.544,2,0.2,4.704,0.37499999999999994
US-2015-168914,2015-05-21,2015-05-27,JE-15745,OFF-AP-10000358,Central,20.768,8,0.8,-52.9584,-2.55
US-2017-110989,2017-11-03,2017-11-05,EJ-14155,TEC-AC-10002345,West,43.5,3,0.0,10.875,0.25
CA-2015-106215,2015-04-16,2015-04-21,BN-11470,OFF-FA-10001229,East,12.576,4,0.2,4.0872,0.325
US-2016-169369,2016-12-12,2016-12-18,EC-14050,TEC-AC-10001314,South,249.95,5,0.0,19.996,0.08
US-2016-169369,2016-12-12,2016-12-18,EC-14050,OFF-PA-10004438,South,49.12,4,0.0,23.0864,0.47000000000000003
CA-2015-132318,2015-10-30,2015-11-02,TT-21220,OFF-AP-10000026,South,182.91,3,0.0,53.0439,0.29000000000000004
US-2014-131982,2014-03-07,2014-03-11,NP-18685,OFF-BI-10004224,West,107.648,2,0.2,33.64,0.3125
CA-2015-125185,2015-03-05,2015-03-07,AH-10195,FUR-CH-10002647,East,99.372,2,0.3,-7.098,-0.07142857142857142
CA-2015-125185,2015-03-05,2015-03-07,AH-10195,FUR-FU-10003247,East,33.568,2,0.2,-5.4548,-0.1625
CA-2016-130078,2016-08-08,2016-08-14,CC-12145,OFF-PA-10003270,Central,10.56,2,0.0,4.752,0.44999999999999996
US-2017-114034,2017-01-03,2017-01-08,DL-13315,OFF-PA-10004735,West,38.88,6,0.0,18.6624,0.48000000000000004
US-2017-115595,2017-10-09,2017-10-11,XP-21865,OFF-PA-10001745,West,35.2,5,0.0,16.544,0.47
CA-2017-158722,2017-10-20,2017-10-26,MA-17560,OFF-PA-10000176,East,45.528,3,0.2,15.9348,0.35
CA-2014-105165,2014-09-07,2014-09-10,SZ-20035,TEC-PH-10000675,Central,196.776,3,0.2,14.7582,0.075
CA-2014-105165,2014-09-07,2014-09-10,SZ-20035,OFF-BI-10000050,Central,2.92,2,0.8,-4.818,-1.65
CA-2014-105165,2014-09-07,2014-09-10,SZ-20035,FUR-TA-10004154,Central,200.795,1,0.3,-22.948,-0.1142857142857143
CA-2014-105165,2014-09-07,2014-09-10,SZ-20035,TEC-AC-10002718,Central,46.688,4,0.2,-2.918,-0.0625
CA-2014-105165,2014-09-07,2014-09-10,SZ-20035,OFF-AR-10003179,Central,21.864,3,0.2,3.5529,0.1625
CA-2017-147452,2017-09-30,2017-10-03,CS-11845,OFF-PA-10001838,West,11.76,2,0.0,5.7624,0.49000000000000005
CA-2017-147452,2017-09-30,2017-10-03,CS-11845,OFF-PA-10004039,West,167.94,3,0.0,82.2906,0.49
CA-2017-147452,2017-09-30,2017-10-03,CS-11845,OFF-AP-10001626,West,3.89,1,0.0,1.0114,0.26
US-2017-114657,2017-11-16,2017-11-21,MH-18115,TEC-MA-10003173,East,52.44,4,0.0,24.1224,0.46
CA-2017-144484,2017-09-11,2017-09-11,CB-12025,FUR-FU-10000260,West,32.36,4,0.0,11.6496,0.36
CA-2017-144484,2017-09-11,2017-09-11,CB-12025,OFF-AP-10004487,West,406.6,5,0.0,113.848,0.27999999999999997
CA-2017-125913,2017-01-16,2017-01-16,JO-15145,FUR-FU-10001487,West,27.92,4,0.0,8.0968,0.29
CA-2017-125913,2017-01-16,2017-01-16,JO-15145,FUR-TA-10001520,West,399.672,7,0.2,-14.9877,-0.0375
US-2016-158309,2016-11-26,2016-11-29,PA-19060,OFF-BI-10000145,South,3.744,4,0.7,-2.6208,-0.7
CA-2015-162887,2015-11-07,2015-11-09,SV-20785,FUR-CH-10000595,East,715.2,3,0.0,178.8,0.25
CA-2017-147333,2017-12-14,2017-12-20,KL-16555,TEC-AC-10004469,South,159.8,4,0.0,70.312,0.43999999999999995
CA-2017-147333,2017-12-14,2017-12-20,KL-16555,TEC-AC-10003038,South,44.75,5,0.0,8.5025,0.19
CA-2014-113859,2014-09-13,2014-09-17,BC-11125,FUR-CH-10004698,Central,340.116,6,0.3,-9.7176,-0.02857142857142857
CA-2014-159681,2014-12-07,2014-12-13,PO-18850,OFF-PA-10003641,South,105.52,4,0.0,48.5392,0.46
US-2017-104094,2017-09-07,2017-09-11,AG-10675,TEC-AC-10002134,Central,13.48,1,0.0,1.8872,0.13999999999999999
CA-2017-152709,2017-10-07,2017-10-12,DB-13210,OFF-ST-10001837,Central,85.52,2,0.0,22.2352,0.26
CA-2015-105158,2015-09-05,2015-09-10,SP-20860,FUR-FU-10001706,Central,6.16,2,0.0,2.9568,0.48
CA-2015-105158,2015-09-05,2015-09-10,SP-20860,OFF-PA-10001970,Central,36.84,3,0.0,17.3148,0.47000000000000003
CA-2014-133424,2014-03-30,2014-04-04,Dl-13600,OFF-ST-10002957,West,15.84,3,0.0,0.0,0.0
CA-2014-133424,2014-03-30,2014-04-04,Dl-13600,OFF-LA-10002312,West,44.4,3,0.0,22.2,0.5
CA-2017-105991,2017-05-05,2017-05-06,LH-17020,OFF-EN-10002600,West,21.24,9,0.2,7.434,0.35000000000000003
CA-2017-105991,2017-05-05,2017-05-06,LH-17020,OFF-BI-10003274,West,9.552,8,0.7,-7.3232,-0.7666666666666667
CA-2017-105991,2017-05-05,2017-05-06,LH-17020,FUR-BO-10004467,West,89.991,3,0.7,-152.9847,-1.7
US-2017-136784,2017-04-30,2017-05-05,AD-10180,OFF-PA-10000675,West,163.96,4,0.0,80.3404,0.49
CA-2014-146283,2014-09-08,2014-09-15,KT-16465,OFF-PA-10002259,Central,17.904,2,0.2,6.2664,0.35
CA-2014-146283,2014-09-08,2014-09-15,KT-16465,FUR-CH-10004287,Central,966.7,5,0.3,-13.81,-0.014285714285714285
CA-2014-146283,2014-09-08,2014-09-15,KT-16465,OFF-PA-10000482,Central,182.112,6,0.2,61.4628,0.3375
CA-2017-151218,2017-06-20,2017-06-23,PJ-19015,OFF-ST-10004835,South,4.464,1,0.2,0.3348,0.07499999999999998
CA-2015-111073,2015-12-26,2015-12-30,MC-18100,FUR-TA-10004086,East,51.588,1,0.4,-15.4764,-0.3
CA-2017-144883,2017-08-15,2017-08-19,BO-11350,OFF-LA-10000305,Central,50.4,8,0.0,23.184,0.46
CA-2017-142174,2017-03-04,2017-03-09,DP-13000,OFF-PA-10000806,Central,89.568,2,0.2,32.4684,0.36250000000000004
CA-2017-108791,2017-07-27,2017-07-31,TM-21490,FUR-FU-10004018,East,14.89,1,0.0,4.0203,0.26999999999999996
CA-2017-108791,2017-07-27,2017-07-31,TM-21490,TEC-PH-10002660,East,543.92,8,0.0,135.98,0.25
CA-2016-106656,2016-09-23,2016-09-26,DV-13045,OFF-EN-10001509,West,4.08,2,0.0,1.9176,0.47
CA-2016-106656,2016-09-23,2016-09-26,DV-13045,OFF-LA-10003148,West,18.9,3,0.0,8.694,0.4600000000000001
CA-2016-113831,2016-05-30,2016-06-03,AH-10690,FUR-TA-10002645,South,2275.5,10,0.0,386.835,0.16999999999999998
CA-2016-113831,2016-05-30,2016-06-03,AH-10690,TEC-AC-10003033,South,1979.7,6,0.0,653.301,0.33
CA-2016-113831,2016-05-30,2016-06-03,AH-10690,OFF-LA-10001297,South,62.1,6,0.0,29.808,0.48
US-2014-139500,2014-11-16,2014-11-20,AB-10165,FUR-CH-10002017,Central,37.296,2,0.3,-1.0656,-0.028571428571428574
US-2014-166310,2014-09-21,2014-09-23,JS-15940,FUR-FU-10001546,Central,8.544,2,0.6,-7.476,-0.875
US-2016-168410,2016-02-21,2016-02-26,BV-11245,FUR-FU-10000629,East,68.95,5,0.0,28.959,0.42
US-2016-168410,2016-02-21,2016-02-26,BV-11245,OFF-ST-10000036,East,296.37,3,0.0,80.0199,0.27
US-2016-168410,2016-02-21,2016-02-26,BV-11245,TEC-PH-10002583,East,39.98,2,0.0,1.999,0.05000000000000001
CA-2017-131254,2017-11-19,2017-11-21,NC-18415,FUR-CH-10003774,Central,191.058,3,0.3,-46.3998,-0.24285714285714285
CA-2017-131254,2017-11-19,2017-11-21,NC-18415,OFF-AR-10003876,Central,13.04,5,0.2,3.912,0.3
CA-2017-131254,2017-11-19,2017-11-21,NC-18415,OFF-BI-10003527,Central,1525.188,6,0.8,-2287.782,-1.5
CA-2016-123414,2016-08-21,2016-08-27,SU-20665,OFF-LA-10004559,South,9.216,4,0.2,3.3408,0.36250000000000004
CA-2016-123414,2016-08-21,2016-08-27,SU-20665,OFF-SU-10002573,South,28.048,2,0.2,3.506,0.125
CA-2017-137876,2017-04-30,2017-05-05,DJ-13510,FUR-FU-10000222,West,64.96,2,0.0,21.4368,0.33000000000000007
CA-2017-137876,2017-04-30,2017-05-05,DJ-13510,OFF-EN-10001219,West,30.56,4,0.0,14.9744,0.49
CA-2016-154060,2016-05-02,2016-05-08,DL-12865,FUR-CH-10002304,South,187.056,9,0.2,11.691,0.0625
US-2017-162558,2017-10-02,2017-10-05,Dp-13240,FUR-FU-10002364,South,11.808,2,0.2,1.3284,0.1125
US-2017-162558,2017-10-02,2017-10-05,Dp-13240,FUR-FU-10004864,South,9.656,1,0.2,1.5691,0.16249999999999998
US-2017-162558,2017-10-02,2017-10-05,Dp-13240,OFF-PA-10003172,South,20.736,4,0.2,7.2576,0.35
US-2017-162558,2017-10-02,2017-10-05,Dp-13240,OFF-BI-10000977,South,27.36,3,0.7,-21.888,-0.8
US-2017-162558,2017-10-02,2017-10-05,Dp-13240,FUR-TA-10000198,South,2314.116,7,0.4,-1002.7836,-0.43333333333333335
US-2017-162558,2017-10-02,2017-10-05,Dp-13240,OFF-BI-10003984,South,34.236,4,0.7,-26.2476,-0.7666666666666667
US-2017-162558,2017-10-02,2017-10-05,Dp-13240,FUR-FU-10003691,South,19.76,2,0.2,5.928,0.3
CA-2017-134439,2017-09-18,2017-09-23,TM-21010,OFF-PA-10004082,Central,15.96,2,0.0,7.98,0.5
CA-2015-119508,2015-12-04,2015-12-09,TZ-21580,OFF-AR-10003723,West,16.9,5,0.0,6.253,0.37000000000000005
CA-2015-119508,2015-12-04,2015-12-09,TZ-21580,FUR-FU-10004270,West,25.08,6,0.0,9.0288,0.36000000000000004
CA-2015-152681,2015-01-17,2015-01-22,SC-20260,OFF-AR-10003183,East,6.68,2,0.0,2.004,0.3
CA-2014-130813,2014-01-06,2014-01-08,LS-17230,OFF-PA-10002005,West,19.44,3,0.0,9.3312,0.48000000000000004
CA-2015-120320,2015-03-05,2015-03-09,MV-18190,TEC-PH-10000149,Central,31.92,2,0.2,2.394,0.075
CA-2016-111941,2016-12-25,2016-12-28,BD-11620,OFF-BI-10001524,East,33.568,2,0.2,11.7488,0.35
CA-2016-123120,2016-09-04,2016-09-08,CV-12295,FUR-FU-10004748,East,63.94,1,0.0,24.9366,0.39
CA-2016-123120,2016-09-04,2016-09-08,CV-12295,OFF-BI-10001460,East,60.6,5,0.2,20.4525,0.3375
CA-2016-123120,2016-09-04,2016-09-08,CV-12295,OFF-SU-10002503,East,22.72,4,0.0,6.5888,0.29000000000000004
CA-2014-103331,2014-08-26,2014-09-01,KB-16315,FUR-FU-10001731,East,10.68,4,0.0,4.0584,0.38
CA-2014-103331,2014-08-26,2014-09-01,KB-16315,OFF-PA-10002160,East,17.34,3,0.0,8.4966,0.49000000000000005
CA-2014-103331,2014-08-26,2014-09-01,KB-16315,OFF-PA-10002659,East,3.38,1,0.0,1.5548,0.46
CA-2015-169278,2015-05-21,2015-05-25,ME-18010,OFF-BI-10001636,West,26.976,4,0.2,8.7672,0.32500000000000007
CA-2017-111577,2017-10-16,2017-10-21,AJ-10780,OFF-PA-10000062,West,307.776,7,0.2,111.5688,0.3625
CA-2015-146486,2015-11-09,2015-11-14,DV-13465,OFF-ST-10002554,East,244.55,5,0.0,4.891,0.02
CA-2015-146486,2015-11-09,2015-11-14,DV-13465,OFF-EN-10001509,East,12.24,6,0.0,5.7528,0.47
CA-2015-146486,2015-11-09,2015-11-14,DV-13465,TEC-AC-10002018,East,13.98,2,0.0,6.0114,0.43
CA-2015-146486,2015-11-09,2015-11-14,DV-13465,TEC-AC-10002637,East,899.95,5,0.0,53.997,0.06
US-2014-168501,2014-11-21,2014-11-27,JK-15325,OFF-EN-10001509,Central,1.632,1,0.2,0.5508,0.3375
US-2014-168501,2014-11-21,2014-11-27,JK-15325,TEC-PH-10004922,Central,267.96,5,0.2,16.7475,0.0625
CA-2015-112053,2015-10-11,2015-10-13,SH-20395,TEC-AC-10002550,East,31.95,1,0.0,2.2365,0.06999999999999999
CA-2017-108539,2017-03-21,2017-03-23,SC-20725,OFF-ST-10003208,West,725.84,4,0.0,210.4936,0.29
CA-2017-108539,2017-03-21,2017-03-23,SC-20725,OFF-BI-10003981,West,10.896,3,0.2,3.9498,0.3625
CA-2017-108539,2017-03-21,2017-03-23,SC-20725,OFF-BI-10001031,West,8.544,2,0.2,2.8836,0.33749999999999997
CA-2015-149811,2015-01-04,2015-01-10,CS-12250,OFF-BI-10003676,Central,32.34,3,0.0,15.5232,0.4799999999999999
CA-2015-149811,2015-01-04,2015-01-10,CS-12250,OFF-PA-10004082,Central,39.9,5,0.0,19.95,0.5
US-2017-103814,2017-12-09,2017-12-16,LH-16900,OFF-PA-10001019,Central,143.856,9,0.2,48.5514,0.3375
CA-2016-123932,2016-09-06,2016-09-12,YC-21895,OFF-PA-10004665,Central,41.92,4,0.2,15.196,0.3625
CA-2016-123932,2016-09-06,2016-09-12,YC-21895,TEC-PH-10002447,Central,329.584,2,0.2,37.0782,0.1125
US-2016-101616,2016-09-03,2016-09-06,CY-12745,OFF-BI-10000014,South,87.28,8,0.0,41.0216,0.47
CA-2014-113768,2014-05-13,2014-05-19,AH-10030,FUR-CH-10002439,West,279.456,6,0.2,20.9592,0.075
CA-2014-113768,2014-05-13,2014-05-19,AH-10030,OFF-PA-10003063,West,8.0,2,0.0,3.84,0.48
CA-2016-138037,2016-09-29,2016-10-03,AR-10540,OFF-BI-10002982,West,27.24,5,0.2,9.534,0.35000000000000003
CA-2014-150490,2014-08-05,2014-08-11,SS-20590,TEC-AC-10004510,West,16.36,1,0.0,1.636,0.09999999999999999
CA-2014-150490,2014-08-05,2014-08-11,SS-20590,OFF-ST-10000321,West,15.78,2,0.0,0.6312,0.04
CA-2014-150490,2014-08-05,2014-08-11,SS-20590,OFF-AR-10004602,West,45.98,2,0.0,12.8744,0.28
US-2017-126060,2017-04-14,2017-04-18,DW-13585,FUR-BO-10003433,South,198.272,8,0.2,-32.2192,-0.1625
CA-2017-100951,2017-06-09,2017-06-10,NC-18625,OFF-ST-10001496,Central,720.76,5,0.2,54.057,0.075
CA-2016-122017,2016-12-29,2017-01-02,CD-11920,FUR-FU-10000672,Central,70.56,6,0.0,23.9904,0.34
CA-2016-122017,2016-12-29,2017-01-02,CD-11920,OFF-AP-10001293,Central,81.96,2,0.0,22.9488,0.28
CA-2014-123477,2014-01-18,2014-01-21,DW-13195,OFF-AP-10000692,West,64.864,4,0.2,6.4864,0.09999999999999999
CA-2016-107790,2016-11-20,2016-11-24,EH-13990,TEC-PH-10004539,Central,151.192,1,0.2,13.2293,0.0875
CA-2017-158071,2017-06-10,2017-06-15,BD-11320,TEC-PH-10002923,West,88.776,3,0.2,7.7679,0.08750000000000001
CA-2017-158071,2017-06-10,2017-06-15,BD-11320,OFF-LA-10004689,West,11.56,4,0.0,5.4332,0.47000000000000003
CA-2017-158071,2017-06-10,2017-06-15,BD-11320,OFF-ST-10001228,West,15.58,1,0.0,3.895,0.25
CA-2017-147403,2017-09-10,2017-09-13,KH-16630,OFF-PA-10003302,East,85.056,3,0.2,28.7064,0.33749999999999997
US-2017-136721,2017-04-08,2017-04-12,NH-18610,FUR-FU-10004665,Central,273.96,2,0.0,71.2296,0.26000000000000006
US-2017-136721,2017-04-08,2017-04-12,NH-18610,FUR-FU-10004188,Central,306.9,3,0.0,79.794,0.26
CA-2015-118738,2015-10-24,2015-10-30,AG-10495,OFF-PA-10003177,Central,15.552,3,0.2,5.4432,0.35000000000000003
CA-2015-118738,2015-10-24,2015-10-30,AG-10495,FUR-TA-10002607,Central,347.361,7,0.3,-69.4722,-0.2
CA-2015-118738,2015-10-24,2015-10-30,AG-10495,OFF-PA-10001166,Central,10.368,2,0.2,3.6288,0.35
CA-2017-134152,2017-05-27,2017-05-31,RP-19855,TEC-AC-10004510,West,98.16,6,0.0,9.816,0.1
CA-2017-134152,2017-05-27,2017-05-31,RP-19855,OFF-AR-10004062,West,31.44,3,0.0,7.86,0.25
CA-2014-125542,2014-12-05,2014-12-07,NB-18655,OFF-EN-10000056,East,348.488,7,0.2,117.6147,0.3375
CA-2014-125542,2014-12-05,2014-12-07,NB-18655,OFF-ST-10001469,East,172.736,4,0.2,-30.2288,-0.17500000000000002
CA-2016-136021,2016-08-14,2016-08-18,JM-15580,OFF-PA-10000551,West,15.54,3,0.0,7.6146,0.49000000000000005
CA-2016-136021,2016-08-14,2016-08-18,JM-15580,TEC-MA-10000423,West,105.552,6,0.2,35.6238,0.3375
CA-2016-149195,2016-09-05,2016-09-07,DM-13525,OFF-PA-10001870,Central,25.92,5,0.2,9.072,0.3499999999999999
CA-2016-149195,2016-09-05,2016-09-07,DM-13525,OFF-FA-10001843,Central,15.808,8,0.2,5.3352,0.3375
CA-2016-149195,2016-09-05,2016-09-07,DM-13525,OFF-PA-10002036,Central,10.368,2,0.2,3.7584,0.3625
CA-2017-161410,2017-06-26,2017-07-03,CC-12220,TEC-PH-10001760,East,358.2,3,0.4,41.79,0.11666666666666667
CA-2017-161410,2017-06-26,2017-07-03,CC-12220,TEC-PH-10000673,East,545.916,14,0.4,72.7888,0.1333333333333333
CA-2017-152786,2017-03-12,2017-03-17,GA-14725,OFF-BI-10000829,South,40.41,9,0.0,18.5886,0.46
CA-2017-164707,2017-02-18,2017-02-21,CV-12805,TEC-PH-10001924,West,167.976,3,0.2,10.4985,0.0625
CA-2017-164707,2017-02-18,2017-02-21,CV-12805,TEC-AC-10004864,West,109.53,3,0.0,47.0979,0.43
CA-2017-164707,2017-02-18,2017-02-21,CV-12805,OFF-LA-10004345,West,9.82,2,0.0,4.8118,0.49
CA-2017-163874,2017-11-10,2017-11-12,NC-18535,OFF-BI-10000088,West,26.352,3,0.2,9.5526,0.3625
US-2014-123183,2014-11-19,2014-11-25,GR-14560,OFF-LA-10002787,East,22.5,6,0.0,10.8,0.48000000000000004
US-2014-123183,2014-11-19,2014-11-25,GR-14560,OFF-LA-10001569,East,9.96,2,0.0,4.5816,0.45999999999999996
US-2014-123183,2014-11-19,2014-11-25,GR-14560,OFF-BI-10002429,East,213.08,7,0.0,102.2784,0.48
US-2014-123183,2014-11-19,2014-11-25,GR-14560,FUR-BO-10000362,East,1025.88,6,0.0,235.9524,0.22999999999999998
CA-2014-104829,2014-11-18,2014-11-21,JG-15805,OFF-PA-10003016,West,21.98,7,0.0,9.891,0.45
US-2016-147340,2016-09-24,2016-09-24,EB-13750,FUR-FU-10002501,West,63.2,5,0.0,23.384,0.37
CA-2016-145492,2016-11-20,2016-11-27,MC-17605,OFF-AP-10003622,West,39.0,12,0.0,11.31,0.29000000000000004
CA-2016-163202,2016-09-27,2016-10-02,BM-11650,OFF-BI-10002764,East,2.907,3,0.7,-2.0349,-0.7
CA-2016-117681,2016-04-09,2016-04-14,HF-14995,FUR-BO-10001798,West,556.665,5,0.15,6.549,0.011764705882352943
CA-2017-132262,2017-09-21,2017-09-23,ML-18265,TEC-AC-10000158,West,71.98,2,0.0,15.1158,0.21
CA-2017-132262,2017-09-21,2017-09-23,ML-18265,TEC-AC-10000303,West,79.98,2,0.0,26.3934,0.32999999999999996
CA-2017-123043,2017-08-24,2017-08-29,AH-10195,OFF-BI-10003910,East,24.672,4,0.2,7.71,0.3125
CA-2017-123043,2017-08-24,2017-08-29,AH-10195,OFF-BI-10000138,East,3.744,1,0.2,1.3104,0.35
US-2016-143280,2016-02-22,2016-02-26,TZ-21580,TEC-PH-10002398,West,445.96,5,0.2,55.745,0.125
US-2016-143280,2016-02-22,2016-02-26,TZ-21580,TEC-AC-10003399,West,36.24,1,0.0,15.2208,0.42
US-2016-143280,2016-02-22,2016-02-26,TZ-21580,OFF-FA-10000992,West,10.65,3,0.0,5.0055,0.47
CA-2017-108854,2017-12-08,2017-12-14,DM-13345,OFF-PA-10003022,West,87.92,4,0.0,40.4432,0.45999999999999996
CA-2017-108854,2017-12-08,2017-12-14,DM-13345,OFF-BI-10002854,West,22.424,1,0.2,8.409,0.37500000000000006
CA-2017-108854,2017-12-08,2017-12-14,DM-13345,OFF-BI-10001670,West,90.48,3,0.2,33.93,0.375
CA-2017-108854,2017-12-08,2017-12-14,DM-13345,OFF-ST-10001837,West,42.76,1,0.0,11.1176,0.26
CA-2017-166856,2017-09-18,2017-09-22,TS-21505,OFF-BI-10002012,West,10.08,7,0.2,3.528,0.35
CA-2017-166856,2017-09-18,2017-09-22,TS-21505,TEC-AC-10004992,West,101.34,3,0.0,8.1072,0.08
CA-2016-153157,2016-09-11,2016-09-14,TB-21625,TEC-PH-10003171,Central,224.75,5,0.0,62.93,0.27999999999999997
US-2017-125647,2017-09-23,2017-09-28,LC-16870,OFF-AP-10000390,Central,73.176,6,0.8,-197.5752,-2.6999999999999997
US-2017-125647,2017-09-23,2017-09-28,LC-16870,OFF-PA-10004888,Central,20.736,4,0.2,7.2576,0.35
US-2017-125647,2017-09-23,2017-09-28,LC-16870,TEC-PH-10004188,Central,39.984,2,0.2,-8.9964,-0.22499999999999998
CA-2014-132542,2014-10-06,2014-10-08,AM-10360,OFF-BI-10004099,Central,15.36,2,0.0,7.68,0.5
CA-2015-110877,2015-10-23,2015-10-26,JE-15715,OFF-PA-10004621,Central,36.288,7,0.2,12.7008,0.35000000000000003
CA-2015-110877,2015-10-23,2015-10-26,JE-15715,TEC-PH-10002103,Central,150.384,2,0.2,15.0384,0.1
US-2016-151827,2016-03-31,2016-04-02,CS-11950,TEC-PH-10002789,East,280.782,3,0.4,-60.8361,-0.21666666666666667
US-2016-151827,2016-03-31,2016-04-02,CS-11950,TEC-AC-10003289,East,31.984,2,0.2,1.1994,0.0375
US-2016-163258,2016-12-29,2017-01-02,PF-19225,OFF-BI-10000138,West,11.232,3,0.2,3.9312,0.35000000000000003
CA-2017-103009,2017-11-03,2017-11-05,PJ-18835,OFF-PA-10001215,South,26.4,5,0.0,11.88,0.45000000000000007
US-2017-120649,2017-01-20,2017-01-26,JF-15490,OFF-AR-10001545,East,3.52,2,0.0,1.0208,0.29
CA-2016-153598,2016-12-03,2016-12-06,NM-18520,TEC-AC-10003870,West,1649.95,5,0.0,659.98,0.4
CA-2016-153598,2016-12-03,2016-12-06,NM-18520,FUR-FU-10001085,West,111.9,6,0.0,51.474,0.45999999999999996
US-2016-108497,2016-06-14,2016-06-14,MH-17290,FUR-BO-10004218,West,599.165,5,0.15,35.245,0.058823529411764705
CA-2016-113096,2016-09-02,2016-09-04,SZ-20035,OFF-ST-10003455,West,46.53,3,0.0,12.0978,0.26
CA-2014-136861,2014-09-05,2014-09-07,PR-18880,FUR-FU-10001967,South,31.984,2,0.2,1.999,0.0625
CA-2017-117422,2017-10-21,2017-10-25,FC-14245,OFF-AP-10000938,East,161.568,2,0.2,16.1568,0.09999999999999999
CA-2017-117422,2017-10-21,2017-10-25,FC-14245,OFF-PA-10002195,East,4.064,1,0.2,1.3716,0.33749999999999997
CA-2017-117422,2017-10-21,2017-10-25,FC-14245,OFF-BI-10002799,East,6.216,4,0.7,-4.9728,-0.8
CA-2017-129707,2017-04-25,2017-04-29,LH-16750,OFF-AR-10000246,West,8.896,4,0.2,0.6672,0.075
CA-2015-160171,2015-10-19,2015-10-24,RM-19675,OFF-AP-10000275,West,1640.7,5,0.0,459.396,0.28
CA-2015-160171,2015-10-19,2015-10-24,RM-19675,TEC-AC-10000892,West,270.0,3,0.0,97.2,0.36
CA-2014-103317,2014-07-05,2014-07-08,DM-13525,FUR-FU-10001591,South,19.52,2,0.2,5.368,0.275
CA-2014-103317,2014-07-05,2014-07-08,DM-13525,OFF-BI-10001787,South,9.81,5,0.7,-6.867,-0.7
CA-2014-103317,2014-07-05,2014-07-08,DM-13525,FUR-FU-10003192,South,213.216,3,0.2,15.9912,0.075
CA-2016-167115,2016-04-04,2016-04-09,EH-14185,OFF-BI-10004600,East,588.784,2,0.2,183.995,0.3125
US-2017-153633,2017-11-13,2017-11-18,TC-21295,OFF-AR-10002335,South,2.064,1,0.2,0.1548,0.075
CA-2017-155929,2017-09-09,2017-09-13,AI-10855,OFF-PA-10000859,West,6.368,2,0.2,2.388,0.37499999999999994
CA-2015-148712,2015-04-17,2015-04-23,JM-15535,TEC-AC-10003198,East,99.6,1,0.0,36.852,0.37
CA-2015-148712,2015-04-17,2015-04-23,JM-15535,OFF-BI-10001900,East,62.296,13,0.2,21.0249,0.33749999999999997
CA-2015-148712,2015-04-17,2015-04-23,JM-15535,OFF-AR-10000614,East,10.71,3,0.0,2.7846,0.26
CA-2016-128307,2016-07-25,2016-07-29,BE-11335,OFF-EN-10003040,Central,20.936,1,0.2,7.0659,0.3375
US-2016-127425,2016-08-26,2016-08-31,DR-12880,TEC-PH-10003442,East,33.0,6,0.0,8.25,0.25
US-2016-127425,2016-08-26,2016-08-31,DR-12880,TEC-AC-10002800,East,249.95,5,0.0,87.4825,0.35000000000000003
US-2014-119081,2014-09-12,2014-09-19,TA-21385,OFF-SU-10000157,Central,357.93,3,0.0,7.1586,0.02
US-2014-119081,2014-09-12,2014-09-19,TA-21385,TEC-AC-10001542,Central,57.4,5,0.0,10.906,0.19
US-2014-119081,2014-09-12,2014-09-19,TA-21385,OFF-BI-10004519,Central,331.96,2,0.0,149.382,0.45000000000000007
US-2014-119081,2014-09-12,2014-09-19,TA-21385,FUR-FU-10003464,Central,40.56,2,0.0,12.9792,0.32
CA-2016-140613,2016-07-22,2016-07-29,KN-16705,OFF-SU-10004261,West,86.2,5,0.0,24.998,0.29
US-2017-108700,2017-05-19,2017-05-23,PJ-18835,OFF-PA-10004733,Central,38.016,6,0.2,13.7808,0.3625
CA-2017-160962,2017-04-28,2017-05-02,MC-17605,OFF-ST-10001325,East,8.384,1,0.2,0.7336,0.0875
CA-2017-160962,2017-04-28,2017-05-02,MC-17605,OFF-AR-10003056,East,6.848,2,0.2,0.7704,0.1125
CA-2017-130631,2017-12-29,2018-01-02,BS-11755,OFF-FA-10000089,West,19.6,5,0.0,9.604,0.48999999999999994
CA-2017-130631,2017-12-29,2018-01-02,BS-11755,FUR-FU-10004093,West,68.46,2,0.0,20.538,0.30000000000000004
CA-2017-116680,2017-09-04,2017-09-06,PK-19075,OFF-BI-10004022,West,13.344,6,0.2,4.3368,0.325
CA-2017-116680,2017-09-04,2017-09-06,PK-19075,FUR-TA-10001771,West,1478.272,8,0.2,92.392,0.0625
US-2014-107405,2014-03-21,2014-03-25,TS-21205,OFF-ST-10002301,South,16.272,1,0.2,-3.8646,-0.23750000000000002
CA-2017-101574,2017-09-28,2017-10-04,BD-11725,FUR-FU-10001706,West,9.24,3,0.0,4.4352,0.48
CA-2014-146591,2014-01-19,2014-01-20,TS-21340,OFF-BI-10003676,West,32.34,10,0.7,-23.716,-0.7333333333333333
CA-2014-146591,2014-01-19,2014-01-20,TS-21340,OFF-PA-10000659,West,56.064,4,0.2,19.6224,0.35
CA-2014-146591,2014-01-19,2014-01-20,TS-21340,OFF-EN-10002504,West,108.72,5,0.2,36.693,0.33749999999999997
CA-2014-146591,2014-01-19,2014-01-20,TS-21340,FUR-BO-10001972,West,181.47,5,0.7,-320.597,-1.7666666666666666
CA-2014-107706,2014-02-14,2014-02-19,ST-20530,OFF-PA-10000466,Central,16.176,3,0.2,6.066,0.375
CA-2016-122448,2016-06-09,2016-06-14,DB-13210,FUR-CH-10002774,West,122.352,3,0.2,13.7646,0.11249999999999999
CA-2014-132451,2014-09-26,2014-09-27,KF-16285,FUR-CH-10000454,West,585.552,3,0.2,73.194,0.125
CA-2014-132451,2014-09-26,2014-09-27,KF-16285,OFF-PA-10004888,West,19.44,3,0.0,9.3312,0.48000000000000004
CA-2016-158547,2016-05-30,2016-06-04,JM-16195,OFF-AP-10003842,East,123.92,5,0.2,9.294,0.075
CA-2017-116946,2017-12-19,2017-12-23,TS-21505,FUR-FU-10000320,West,13.36,5,0.2,4.008,0.3
CA-2017-116946,2017-12-19,2017-12-23,TS-21505,OFF-ST-10002554,West,78.256,2,0.2,-17.6076,-0.225
CA-2017-116946,2017-12-19,2017-12-23,TS-21505,FUR-BO-10000468,West,102.018,7,0.7,-183.6324,-1.7999999999999998
CA-2017-121741,2017-12-26,2017-12-26,YC-21895,OFF-ST-10004459,Central,750.68,2,0.0,37.534,0.05
CA-2017-169691,2017-06-15,2017-06-18,Dp-13240,OFF-LA-10002312,Central,44.4,3,0.0,22.2,0.5
CA-2017-169691,2017-06-15,2017-06-18,Dp-13240,OFF-ST-10001291,Central,84.55,5,0.0,22.8285,0.26999999999999996
CA-2017-169691,2017-06-15,2017-06-18,Dp-13240,OFF-PA-10003022,Central,17.94,3,0.0,8.7906,0.48999999999999994
CA-2016-121356,2016-11-20,2016-11-24,SJ-20500,OFF-BI-10002133,East,128.4,3,0.0,62.916,0.48999999999999994
CA-2014-101770,2014-03-31,2014-04-04,KB-16240,OFF-BI-10001097,South,1.869,1,0.7,-1.3083,-0.7000000000000001
CA-2017-105487,2017-10-08,2017-10-14,CS-12250,TEC-PH-10001336,West,103.192,1,0.2,11.6091,0.1125
CA-2017-105487,2017-10-08,2017-10-14,CS-12250,TEC-AC-10002305,West,36.0,2,0.0,6.48,0.18000000000000002
CA-2017-105487,2017-10-08,2017-10-14,CS-12250,TEC-AC-10003610,West,239.96,4,0.0,115.1808,0.48
CA-2017-105487,2017-10-08,2017-10-14,CS-12250,OFF-ST-10002301,West,40.68,2,0.0,0.4068,0.01
CA-2017-148999,2017-01-30,2017-02-04,EB-13870,FUR-CH-10002044,South,419.136,4,0.2,-68.1096,-0.16249999999999998
CA-2014-107573,2014-12-12,2014-12-17,PB-19150,OFF-EN-10001099,South,23.472,3,0.2,7.6284,0.325
CA-2015-156608,2015-10-24,2015-10-29,MT-18070,OFF-BI-10004140,Central,3.592,4,0.8,-6.286,-1.7499999999999998
CA-2017-134495,2017-04-01,2017-04-04,BF-11020,TEC-PH-10004897,South,23.976,3,0.2,-5.6943,-0.23750000000000002
CA-2017-134495,2017-04-01,2017-04-04,BF-11020,OFF-LA-10000262,South,6.264,3,0.2,2.0358,0.325
CA-2017-134495,2017-04-01,2017-04-04,BF-11020,OFF-AP-10002222,South,20.808,3,0.2,1.8207,0.0875
CA-2017-134495,2017-04-01,2017-04-04,BF-11020,FUR-CH-10003774,South,218.352,3,0.2,-19.1058,-0.0875
CA-2017-164098,2017-01-26,2017-01-27,CG-12520,OFF-ST-10000615,Central,18.16,2,0.2,1.816,0.1
CA-2014-105249,2014-11-28,2014-11-28,DH-13675,OFF-SU-10001225,West,7.36,2,0.0,0.1472,0.02
CA-2014-105249,2014-11-28,2014-11-28,DH-13675,OFF-LA-10002043,West,41.4,4,0.0,19.872,0.48000000000000004
CA-2014-105249,2014-11-28,2014-11-28,DH-13675,FUR-BO-10000330,West,411.332,4,0.15,-4.8392,-0.011764705882352941
CA-2015-113523,2015-09-04,2015-09-08,SC-20440,OFF-BI-10001249,East,7.656,4,0.7,-6.1248,-0.7999999999999999
CA-2017-117821,2017-06-12,2017-06-16,HG-15025,TEC-AC-10004469,East,63.92,2,0.2,19.176,0.3
CA-2017-164378,2017-07-15,2017-07-18,MM-18055,OFF-AR-10001177,East,6.56,2,0.0,1.9024,0.29000000000000004
CA-2017-164378,2017-07-15,2017-07-18,MM-18055,OFF-LA-10000634,East,7.83,3,0.0,3.6018,0.45999999999999996
CA-2017-164378,2017-07-15,2017-07-18,MM-18055,TEC-AC-10004708,East,41.9,2,0.0,8.799,0.21
CA-2017-164378,2017-07-15,2017-07-18,MM-18055,FUR-CH-10002084,East,664.146,6,0.1,88.5528,0.13333333333333336
CA-2017-164378,2017-07-15,2017-07-18,MM-18055,OFF-PA-10004519,East,8.96,2,0.0,4.3904,0.48999999999999994
CA-2017-127782,2017-11-02,2017-11-06,TH-21115,FUR-FU-10001847,East,3.312,1,0.2,0.6624,0.2
CA-2017-127782,2017-11-02,2017-11-06,TH-21115,OFF-AP-10001962,East,20.136,3,0.2,1.2585,0.0625
CA-2017-127782,2017-11-02,2017-11-06,TH-21115,OFF-EN-10003845,East,8.856,3,0.2,2.8782,0.325
CA-2017-127782,2017-11-02,2017-11-06,TH-21115,TEC-PH-10001817,East,859.2,4,0.4,-186.16,-0.21666666666666665
US-2016-162026,2016-10-08,2016-10-08,JE-15745,OFF-PA-10000167,West,61.96,2,0.0,27.882,0.45
CA-2016-150000,2016-04-08,2016-04-14,PG-18820,OFF-EN-10002973,South,17.92,4,0.0,8.6016,0.4799999999999999
CA-2015-168529,2015-10-08,2015-10-12,MB-17305,FUR-FU-10001588,West,145.9,5,0.0,62.737,0.43
US-2017-152569,2017-05-15,2017-05-20,JD-16015,OFF-PA-10001736,Central,56.704,2,0.2,19.1376,0.33749999999999997
US-2017-152569,2017-05-15,2017-05-20,JD-16015,TEC-PH-10002185,Central,11.12,2,0.2,3.475,0.31250000000000006
US-2014-137680,2014-02-24,2014-03-02,JH-15430,OFF-PA-10000174,West,32.896,4,0.2,11.1024,0.33749999999999997
US-2014-137680,2014-02-24,2014-03-02,JH-15430,OFF-PA-10000069,West,22.776,3,0.2,7.6869,0.33749999999999997
CA-2015-103177,2015-05-30,2015-06-01,EN-13780,TEC-PH-10001795,East,239.97,3,0.0,2.3997,0.01
CA-2015-103177,2015-05-30,2015-06-01,EN-13780,OFF-AP-10004540,East,160.32,2,0.0,44.8896,0.28
CA-2015-103177,2015-05-30,2015-06-01,EN-13780,TEC-PH-10001527,East,128.85,3,0.0,3.8655,0.030000000000000002
US-2016-138408,2016-11-18,2016-11-21,KC-16255,TEC-AC-10003870,South,1319.96,4,0.0,527.984,0.4
CA-2017-117667,2017-12-04,2017-12-09,MS-17980,FUR-CH-10004540,East,239.96,10,0.3,-10.284,-0.04285714285714286
CA-2017-117667,2017-12-04,2017-12-09,MS-17980,FUR-FU-10004093,East,54.768,2,0.2,6.846,0.125
CA-2017-117667,2017-12-04,2017-12-09,MS-17980,OFF-AR-10000716,East,13.392,3,0.2,3.1806,0.23750000000000002
CA-2017-117667,2017-12-04,2017-12-09,MS-17980,OFF-PA-10002709,East,23.92,5,0.2,8.671,0.36249999999999993
CA-2017-117667,2017-12-04,2017-12-09,MS-17980,TEC-AC-10000580,East,255.968,4,0.2,-28.7964,-0.1125
CA-2016-110982,2016-06-05,2016-06-07,CK-12205,OFF-BI-10000829,West,21.552,6,0.2,7.0044,0.325
CA-2016-110982,2016-06-05,2016-06-07,CK-12205,OFF-AP-10004859,West,58.24,4,0.0,15.7248,0.27
CA-2016-147123,2016-12-10,2016-12-12,SJ-20125,OFF-PA-10000575,West,80.28,12,0.0,36.9288,0.46
CA-2017-154501,2017-04-30,2017-05-05,EA-14035,OFF-AR-10002804,West,9.78,2,0.0,4.0098,0.41000000000000003
CA-2017-166933,2017-04-24,2017-04-28,MG-17890,OFF-FA-10002676,West,1.81,1,0.0,0.6516,0.36
CA-2015-142055,2015-05-08,2015-05-10,AB-10255,OFF-PA-10003465,East,37.94,2,0.0,18.2112,0.4800000000000001
CA-2015-137106,2015-03-31,2015-04-04,SC-20260,TEC-PH-10000011,South,79.96,5,0.2,27.986,0.35000000000000003
CA-2017-136609,2017-08-06,2017-08-11,TB-21355,OFF-PA-10004381,Central,115.296,3,0.2,40.3536,0.35
CA-2017-160885,2017-12-02,2017-12-06,JK-16090,TEC-PH-10001795,Central,2479.96,4,0.0,743.988,0.30000000000000004
US-2016-167472,2016-06-06,2016-06-07,CK-12595,TEC-AC-10001109,South,179.94,6,0.0,75.5748,0.42
US-2016-167472,2016-06-06,2016-06-07,CK-12595,TEC-AC-10003038,South,26.85,3,0.0,5.1015,0.18999999999999997
US-2016-167472,2016-06-06,2016-06-07,CK-12595,TEC-AC-10003174,South,323.37,3,0.0,129.348,0.4
US-2016-167472,2016-06-06,2016-06-07,CK-12595,OFF-PA-10000157,South,59.94,3,0.0,28.1718,0.47000000000000003
US-2016-167472,2016-06-06,2016-06-07,CK-12595,OFF-BI-10001721,South,64.14,3,0.0,30.7872,0.48
US-2016-167472,2016-06-06,2016-06-07,CK-12595,OFF-BI-10000591,South,11.67,3,0.0,5.6016,0.48000000000000004
US-2016-167472,2016-06-06,2016-06-07,CK-12595,OFF-PA-10001534,South,12.96,2,0.0,6.2208,0.4799999999999999
CA-2015-120551,2015-04-13,2015-04-20,SS-20590,OFF-BI-10002071,Central,17.43,3,0.0,8.0178,0.45999999999999996
US-2017-150595,2017-05-22,2017-05-26,LE-16810,FUR-CH-10000513,Central,181.986,2,0.3,-54.5958,-0.3
US-2017-150595,2017-05-22,2017-05-26,LE-16810,OFF-BI-10003274,Central,1.592,2,0.8,-2.6268,-1.6499999999999997
US-2017-150595,2017-05-22,2017-05-26,LE-16810,OFF-SU-10000381,Central,22.344,3,0.2,2.5137,0.1125
CA-2016-134936,2016-12-19,2016-12-25,ES-14080,FUR-TA-10001086,West,455.97,6,0.5,-218.8656,-0.48
CA-2016-134936,2016-12-19,2016-12-25,ES-14080,OFF-BI-10000174,West,10.44,6,0.7,-7.656,-0.7333333333333334
CA-2016-134936,2016-12-19,2016-12-25,ES-14080,OFF-BI-10002103,West,5.214,2,0.7,-4.1712,-0.7999999999999999
CA-2017-102967,2017-09-22,2017-09-26,MG-17890,OFF-ST-10001590,East,67.4,5,0.0,17.524,0.26
CA-2017-151008,2017-09-07,2017-09-08,JM-16195,FUR-FU-10002396,West,25.16,2,0.0,10.5672,0.42
CA-2017-151008,2017-09-07,2017-09-08,JM-16195,TEC-PH-10002807,West,126.56,4,0.2,47.46,0.375
CA-2014-159800,2014-11-28,2014-12-01,SG-20470,OFF-AP-10004859,West,43.68,3,0.0,11.7936,0.27
CA-2014-159800,2014-11-28,2014-12-01,SG-20470,TEC-AC-10003447,West,139.93,7,0.0,34.9825,0.25
US-2014-159618,2014-11-12,2014-11-16,DB-12970,OFF-AR-10003183,Central,2.672,1,0.2,0.334,0.125
US-2014-159618,2014-11-12,2014-11-16,DB-12970,OFF-SU-10000432,Central,16.656,6,0.2,-3.123,-0.18750000000000003
US-2014-159618,2014-11-12,2014-11-16,DB-12970,TEC-AC-10003832,Central,79.512,3,0.2,20.8719,0.2625
US-2014-159618,2014-11-12,2014-11-16,DB-12970,OFF-PA-10004100,Central,36.288,7,0.2,12.7008,0.35000000000000003
US-2014-159618,2014-11-12,2014-11-16,DB-12970,FUR-BO-10004467,Central,67.9932,1,0.32,-12.9987,-0.19117647058823528
CA-2017-116113,2017-10-02,2017-10-06,JW-15220,FUR-FU-10002963,South,10.16,2,0.0,3.4544,0.34
CA-2015-125066,2015-12-14,2015-12-18,KD-16495,FUR-FU-10003829,South,6.16,2,0.0,1.9712,0.32
CA-2015-125066,2015-12-14,2015-12-18,KD-16495,OFF-AR-10003582,South,56.3,2,0.0,15.764,0.28
US-2015-114741,2015-12-06,2015-12-10,IL-15100,OFF-PA-10000048,West,6.48,1,0.0,3.1104,0.4799999999999999
US-2015-114741,2015-12-06,2015-12-10,IL-15100,OFF-ST-10000078,West,1325.85,5,0.0,238.653,0.18
US-2015-114741,2015-12-06,2015-12-10,IL-15100,OFF-LA-10004853,West,14.94,3,0.0,6.8724,0.46
CA-2017-133263,2017-03-31,2017-04-02,JE-15610,OFF-BI-10001153,South,34.54,1,0.0,17.27,0.5
CA-2017-133263,2017-03-31,2017-04-02,JE-15610,TEC-CO-10001449,South,2999.95,5,0.0,1439.976,0.4800000000000001
CA-2017-133263,2017-03-31,2017-04-02,JE-15610,OFF-BI-10000474,South,64.12,4,0.0,30.7776,0.48
CA-2017-157966,2017-03-13,2017-03-13,SU-20665,OFF-AR-10000799,Central,19.456,4,0.2,2.1888,0.1125
CA-2017-157966,2017-03-13,2017-03-13,SU-20665,TEC-MA-10002109,Central,209.986,2,0.3,8.9994,0.04285714285714286
CA-2017-157966,2017-03-13,2017-03-13,SU-20665,OFF-AR-10003338,Central,29.76,5,0.2,1.86,0.0625
CA-2017-157966,2017-03-13,2017-03-13,SU-20665,FUR-CH-10003606,Central,89.768,1,0.3,-2.5648,-0.02857142857142857
CA-2017-157966,2017-03-13,2017-03-13,SU-20665,TEC-CO-10001449,Central,959.984,2,0.2,335.9944,0.35
CA-2017-157966,2017-03-13,2017-03-13,SU-20665,OFF-PA-10001934,Central,15.552,3,0.2,5.6376,0.3625
CA-2017-157966,2017-03-13,2017-03-13,SU-20665,TEC-PH-10001527,Central,34.36,1,0.2,-7.3015,-0.2125
CA-2014-151162,2014-12-05,2014-12-09,EA-14035,OFF-PA-10001033,East,98.376,3,0.2,35.6613,0.36249999999999993
CA-2014-151162,2014-12-05,2014-12-09,EA-14035,OFF-BI-10003719,East,29.94,4,0.7,-23.952,-0.8
CA-2014-151162,2014-12-05,2014-12-09,EA-14035,OFF-PA-10003036,East,17.472,3,0.2,5.6784,0.32499999999999996
CA-2014-151162,2014-12-05,2014-12-09,EA-14035,TEC-PH-10001870,East,36.738,1,0.4,-9.1845,-0.25
CA-2014-151162,2014-12-05,2014-12-09,EA-14035,TEC-PH-10001809,East,179.94,2,0.4,-44.985,-0.25
CA-2016-136686,2016-12-12,2016-12-16,RF-19840,FUR-FU-10004864,West,383.64,6,0.0,122.7648,0.32
CA-2016-136686,2016-12-12,2016-12-16,RF-19840,OFF-AP-10002350,West,56.52,3,0.0,15.8256,0.27999999999999997
CA-2017-137498,2017-09-09,2017-09-14,LC-17050,OFF-AR-10003829,West,6.56,2,0.0,1.9024,0.29000000000000004
CA-2017-137498,2017-09-09,2017-09-14,LC-17050,FUR-CH-10003833,West,243.92,5,0.2,-15.245,-0.0625
CA-2017-137498,2017-09-09,2017-09-14,LC-17050,OFF-PA-10000143,West,47.52,9,0.0,22.8096,0.48
CA-2017-163818,2017-10-04,2017-10-08,PS-18970,FUR-FU-10000076,East,19.98,1,0.0,8.5914,0.43
CA-2016-161158,2016-05-09,2016-05-13,PS-18970,OFF-AR-10000462,East,8.0,5,0.0,3.44,0.43
CA-2014-116673,2014-12-15,2014-12-19,JO-15280,FUR-FU-10003829,West,6.16,2,0.0,1.9712,0.32
CA-2017-105333,2017-11-30,2017-12-04,VP-21730,OFF-ST-10002182,East,83.56,4,0.0,1.6712,0.02
CA-2017-105333,2017-11-30,2017-12-04,VP-21730,TEC-PH-10001468,East,546.06,3,0.0,163.818,0.30000000000000004
CA-2017-105333,2017-11-30,2017-12-04,VP-21730,OFF-ST-10001809,East,269.49,3,0.0,5.3898,0.02
CA-2015-149993,2015-03-19,2015-03-20,GA-14725,OFF-FA-10001561,West,10.9,5,0.0,3.597,0.32999999999999996
CA-2014-168158,2014-07-19,2014-07-24,EM-14140,OFF-BI-10001759,West,6.096,2,0.2,2.2098,0.3625
CA-2016-115224,2016-12-08,2016-12-11,DB-13615,OFF-ST-10000615,West,34.05,3,0.0,9.534,0.28
CA-2016-115224,2016-12-08,2016-12-11,DB-13615,OFF-ST-10003816,West,352.38,2,0.0,81.0474,0.22999999999999998
CA-2014-164742,2014-10-13,2014-10-18,ML-17395,FUR-CH-10002880,East,245.98,2,0.0,27.0578,0.11
CA-2014-164742,2014-10-13,2014-10-18,ML-17395,OFF-BI-10004738,East,18.94,1,0.0,9.47,0.5
US-2017-108014,2017-11-19,2017-11-25,JH-15430,OFF-BI-10003984,East,59.913,7,0.7,-45.9333,-0.7666666666666667
CA-2017-160325,2017-09-24,2017-09-24,BP-11095,TEC-PH-10000984,East,391.98,2,0.0,109.7544,0.27999999999999997
CA-2017-160325,2017-09-24,2017-09-24,BP-11095,TEC-PH-10001944,East,437.85,3,0.0,131.355,0.29999999999999993
CA-2015-159779,2015-09-25,2015-09-29,SB-20185,OFF-BI-10002735,East,68.62,2,0.0,32.2514,0.4699999999999999
CA-2017-151176,2017-02-13,2017-02-20,SV-20785,OFF-SU-10001165,East,25.02,3,0.0,6.5052,0.26
CA-2017-151176,2017-02-13,2017-02-20,SV-20785,OFF-AR-10000614,East,10.71,3,0.0,2.7846,0.26
CA-2014-108903,2014-10-03,2014-10-03,DO-13435,OFF-AR-10004010,East,55.984,2,0.2,4.1988,0.075
CA-2014-108903,2014-10-03,2014-10-03,DO-13435,OFF-EN-10004030,East,14.48,5,0.2,4.887,0.33749999999999997
CA-2014-108903,2014-10-03,2014-10-03,DO-13435,TEC-AC-10003023,East,142.488,3,0.2,-3.5622,-0.024999999999999998
CA-2016-117919,2016-08-27,2016-08-29,TB-21355,OFF-ST-10003572,Central,14.16,1,0.2,1.062,0.075
CA-2016-117919,2016-08-27,2016-08-29,TB-21355,OFF-PA-10004353,Central,79.92,5,0.2,27.972,0.35000000000000003
CA-2015-142475,2015-12-03,2015-12-07,BS-11380,OFF-BI-10003718,East,590.352,6,0.2,206.6232,0.35000000000000003
CA-2016-134516,2016-09-20,2016-09-25,FM-14215,FUR-FU-10001546,South,17.088,2,0.2,1.068,0.0625
CA-2016-134516,2016-09-20,2016-09-25,FM-14215,FUR-CH-10002880,South,98.392,1,0.2,-11.0691,-0.11250000000000002
CA-2017-105193,2017-03-25,2017-03-31,JL-15835,OFF-AR-10001547,East,11.05,5,0.0,2.9835,0.26999999999999996
CA-2015-168634,2015-12-06,2015-12-11,AF-10870,OFF-AP-10001626,West,7.78,2,0.0,2.0228,0.26
CA-2017-117198,2017-08-31,2017-09-05,BG-11035,TEC-AC-10003033,South,659.9,2,0.0,217.767,0.33
CA-2015-145828,2015-10-05,2015-10-07,MB-17305,TEC-AC-10002323,East,53.04,3,0.2,-4.641,-0.08750000000000001
CA-2017-121027,2017-08-18,2017-08-22,HW-14935,TEC-AC-10002049,West,843.9,2,0.0,371.316,0.44
CA-2017-121027,2017-08-18,2017-08-22,HW-14935,TEC-AC-10002253,West,1496.16,9,0.0,224.424,0.15
CA-2016-147431,2016-02-02,2016-02-07,AB-10105,OFF-ST-10003994,East,117.96,2,0.0,5.898,0.05
CA-2016-158001,2016-08-23,2016-08-27,JP-15460,OFF-AR-10002399,East,21.3,5,0.0,8.733,0.41000000000000003
CA-2016-158001,2016-08-23,2016-08-27,JP-15460,OFF-AP-10002118,East,1040.8,5,0.0,281.016,0.27
CA-2016-158001,2016-08-23,2016-08-27,JP-15460,OFF-AR-10001954,East,29.34,6,0.0,7.9218,0.27
CA-2017-125745,2017-06-30,2017-07-04,DV-13045,FUR-FU-10001591,South,19.52,2,0.2,5.368,0.275
CA-2015-101154,2015-09-18,2015-09-21,CM-12190,OFF-ST-10004186,West,443.92,4,0.0,8.8784,0.019999999999999997
US-2016-124163,2016-09-25,2016-09-30,SC-20695,TEC-AC-10001908,Central,499.95,5,0.0,174.9825,0.35
US-2016-124163,2016-09-25,2016-09-30,SC-20695,OFF-AR-10000817,Central,3.04,1,0.0,1.0336,0.34
US-2016-124163,2016-09-25,2016-09-30,SC-20695,FUR-CH-10004218,Central,201.96,2,0.0,50.49,0.25
US-2016-124163,2016-09-25,2016-09-30,SC-20695,FUR-FU-10000755,Central,68.64,11,0.0,17.16,0.25
CA-2016-121748,2016-10-24,2016-10-28,VW-21775,TEC-AC-10003063,West,100.0,4,0.0,21.0,0.21
CA-2016-121748,2016-10-24,2016-10-28,VW-21775,TEC-AC-10002637,West,359.98,2,0.0,21.5988,0.06
CA-2014-126683,2014-09-29,2014-10-01,PP-18955,FUR-FU-10001706,West,6.16,2,0.0,2.9568,0.48
CA-2014-126683,2014-09-29,2014-10-01,PP-18955,FUR-TA-10002958,West,2348.82,9,0.0,399.2994,0.16999999999999998
CA-2017-148810,2017-06-26,2017-07-01,DR-12880,OFF-LA-10004689,South,13.872,6,0.2,4.6818,0.3375
CA-2017-148810,2017-06-26,2017-07-01,DR-12880,FUR-CH-10001545,South,273.552,3,0.2,-13.6776,-0.049999999999999996
US-2016-146066,2016-08-21,2016-08-23,RB-19465,FUR-TA-10002530,East,815.292,9,0.4,-339.705,-0.41666666666666663
CA-2014-127614,2014-02-11,2014-02-15,NF-18385,TEC-AC-10001432,South,234.45,3,0.0,103.158,0.44
CA-2014-127614,2014-02-11,2014-02-15,NF-18385,FUR-TA-10003715,South,1256.22,6,0.0,75.3732,0.06
CA-2014-127614,2014-02-11,2014-02-15,NF-18385,OFF-BI-10003291,South,17.46,2,0.0,8.2062,0.47000000000000003
CA-2016-101742,2016-09-23,2016-09-28,CR-12580,OFF-BI-10004187,East,10.528,7,0.2,3.6848,0.35
CA-2015-134943,2015-12-05,2015-12-06,SU-20665,OFF-BI-10000666,Central,152.8,5,0.0,76.4,0.5
CA-2017-123022,2017-09-03,2017-09-08,SC-20050,OFF-BI-10002225,West,82.56,5,0.2,28.896,0.35
CA-2017-123022,2017-09-03,2017-09-08,SC-20050,TEC-AC-10000474,West,284.97,3,0.0,85.491,0.3
CA-2017-113208,2017-03-26,2017-04-02,ML-18040,FUR-FU-10004245,Central,60.84,3,0.0,23.1192,0.37999999999999995
CA-2014-154893,2014-12-21,2014-12-27,GM-14440,FUR-CH-10004287,West,1325.76,6,0.2,149.148,0.1125
CA-2014-154893,2014-12-21,2014-12-27,GM-14440,FUR-CH-10000595,West,572.16,3,0.2,35.76,0.0625
CA-2014-147900,2014-09-23,2014-09-28,JK-15640,OFF-PA-10003063,East,28.8,9,0.2,10.08,0.35
CA-2017-106355,2017-04-02,2017-04-05,AT-10435,OFF-AR-10000246,East,11.12,4,0.0,2.8912,0.26
CA-2016-127985,2016-04-01,2016-04-05,DB-12910,FUR-FU-10003274,South,7.04,4,0.0,3.0976,0.44
CA-2015-166604,2015-05-15,2015-05-20,AH-10690,OFF-EN-10004147,South,17.94,3,0.0,8.7906,0.48999999999999994
CA-2017-120719,2017-03-23,2017-03-26,SJ-20125,OFF-BI-10002103,West,34.76,5,0.2,11.297,0.325
CA-2017-127117,2017-04-14,2017-04-19,HM-14860,FUR-FU-10004018,East,74.45,5,0.0,20.1015,0.27
CA-2015-104241,2015-01-04,2015-01-09,AG-10495,FUR-FU-10001473,South,192.22,14,0.0,69.1992,0.36000000000000004
CA-2017-168179,2017-11-02,2017-11-07,JB-16000,OFF-PA-10001800,West,19.44,3,0.0,9.3312,0.48000000000000004
CA-2017-142342,2017-07-17,2017-07-19,AJ-10795,OFF-PA-10004609,West,32.4,5,0.0,15.552,0.48
CA-2017-142342,2017-07-17,2017-07-19,AJ-10795,OFF-EN-10002592,West,57.9,5,0.0,28.95,0.5
CA-2017-142342,2017-07-17,2017-07-19,AJ-10795,OFF-ST-10002957,West,10.56,2,0.0,0.0,0.0
CA-2017-142342,2017-07-17,2017-07-19,AJ-10795,FUR-BO-10002613,West,1194.165,5,0.15,210.735,0.17647058823529413
CA-2017-109099,2017-10-06,2017-10-11,MM-18280,OFF-PA-10001033,East,40.99,1,0.0,20.0851,0.49
US-2014-134187,2014-11-04,2014-11-11,TH-21235,OFF-AR-10000940,West,2.94,1,0.0,0.7938,0.26999999999999996
CA-2016-145261,2016-12-18,2016-12-21,AH-10120,OFF-BI-10001670,West,45.24,4,0.7,-30.16,-0.6666666666666666
CA-2016-145261,2016-12-18,2016-12-21,AH-10120,OFF-AR-10004078,West,18.688,4,0.2,2.336,0.125
CA-2016-145261,2016-12-18,2016-12-21,AH-10120,OFF-PA-10003036,West,11.648,2,0.2,3.7856,0.325
CA-2016-145261,2016-12-18,2016-12-21,AH-10120,TEC-AC-10000991,West,112.776,3,0.2,-8.4582,-0.075
CA-2016-145261,2016-12-18,2016-12-21,AH-10120,FUR-TA-10002530,West,377.45,5,0.5,-264.215,-0.7
CA-2016-145261,2016-12-18,2016-12-21,AH-10120,OFF-LA-10000407,West,15.936,4,0.2,5.1792,0.325
CA-2016-145261,2016-12-18,2016-12-21,AH-10120,TEC-PH-10004833,West,28.68,3,0.2,-7.17,-0.25
CA-2016-108875,2016-09-24,2016-10-01,CL-12700,FUR-FU-10002671,West,21.44,2,0.2,7.504,0.35
CA-2016-108875,2016-09-24,2016-10-01,CL-12700,OFF-ST-10001370,West,511.056,9,0.2,-95.823,-0.1875
CA-2016-141957,2016-07-21,2016-07-21,JG-15310,OFF-AR-10000914,East,18.656,2,0.2,1.3992,0.07500000000000001
CA-2016-141957,2016-07-21,2016-07-21,JG-15310,OFF-BI-10001116,East,11.088,7,0.7,-8.1312,-0.7333333333333334
CA-2016-141957,2016-07-21,2016-07-21,JG-15310,OFF-ST-10002276,East,66.688,1,0.2,4.168,0.0625
CA-2016-141957,2016-07-21,2016-07-21,JG-15310,OFF-ST-10004340,East,99.488,2,0.2,8.7052,0.0875
CA-2016-142405,2016-06-11,2016-06-15,SE-20110,OFF-LA-10004093,West,14.62,2,0.0,6.8714,0.47000000000000003
CA-2016-142405,2016-06-11,2016-06-15,SE-20110,OFF-BI-10004728,West,53.984,14,0.2,17.5448,0.32499999999999996
CA-2016-142405,2016-06-11,2016-06-15,SE-20110,TEC-AC-10003095,West,389.97,3,0.0,132.5898,0.33999999999999997
CA-2015-141012,2015-06-09,2015-06-11,TG-21640,FUR-FU-10003192,West,355.36,4,0.0,92.3936,0.26
CA-2015-141012,2015-06-09,2015-06-11,TG-21640,TEC-PH-10004522,West,140.376,3,0.2,8.7735,0.0625
CA-2017-127922,2017-10-27,2017-11-03,SH-19975,OFF-EN-10003068,Central,15.84,2,0.2,5.544,0.35
CA-2017-127922,2017-10-27,2017-11-03,SH-19975,OFF-PA-10001204,Central,8.448,2,0.2,2.64,0.3125
CA-2016-146318,2016-01-22,2016-01-27,MC-17275,OFF-PA-10003953,West,12.96,2,0.0,6.2208,0.4799999999999999
CA-2014-135993,2014-05-28,2014-06-02,PJ-18835,TEC-PH-10001552,West,57.408,6,0.2,5.7408,0.1
CA-2014-135993,2014-05-28,2014-06-02,PJ-18835,TEC-AC-10004877,West,27.6,4,0.0,2.208,0.08
CA-2014-126802,2014-12-29,2015-01-05,ZC-21910,FUR-FU-10000193,Central,38.976,3,0.6,-50.6688,-1.3
CA-2016-143924,2016-07-28,2016-08-03,SC-20680,OFF-FA-10000735,Central,20.44,7,0.0,9.198,0.45
CA-2016-143924,2016-07-28,2016-08-03,SC-20680,OFF-PA-10002120,Central,109.92,2,0.0,53.8608,0.49
CA-2016-141551,2016-09-24,2016-09-30,BP-11230,OFF-BI-10001249,Central,6.38,1,0.0,2.9348,0.46
CA-2016-141551,2016-09-24,2016-09-30,BP-11230,OFF-PA-10001569,Central,6.48,1,0.0,3.1104,0.4799999999999999
CA-2014-164315,2014-04-02,2014-04-08,RD-19585,OFF-PA-10004248,South,15.84,3,0.0,7.128,0.45
CA-2014-164315,2014-04-02,2014-04-08,RD-19585,TEC-PH-10001128,South,1049.93,7,0.0,293.9804,0.27999999999999997
CA-2014-164315,2014-04-02,2014-04-08,RD-19585,OFF-AP-10003842,South,154.9,5,0.0,40.274,0.26
CA-2015-131072,2015-11-05,2015-11-05,KL-16645,OFF-BI-10002794,West,98.352,3,0.2,35.6526,0.3625
CA-2014-131541,2014-07-28,2014-07-28,CK-12205,OFF-FA-10000621,South,14.32,5,0.2,5.191,0.3625
CA-2014-131541,2014-07-28,2014-07-28,CK-12205,FUR-FU-10003623,South,129.888,6,0.2,12.9888,0.09999999999999999
CA-2014-131541,2014-07-28,2014-07-28,CK-12205,OFF-EN-10000781,South,48.944,7,0.2,16.5186,0.33749999999999997
CA-2015-119550,2015-12-26,2015-12-31,RB-19705,FUR-CH-10002044,Central,275.058,3,0.3,-90.3762,-0.32857142857142857
US-2015-138093,2015-12-10,2015-12-16,KM-16225,OFF-AR-10000817,East,27.36,9,0.0,9.3024,0.34
US-2015-138093,2015-12-10,2015-12-16,KM-16225,OFF-PA-10001509,East,44.75,5,0.0,20.585,0.46
US-2015-138093,2015-12-10,2015-12-16,KM-16225,TEC-PH-10004667,East,134.99,1,0.0,36.4473,0.26999999999999996
US-2015-138093,2015-12-10,2015-12-16,KM-16225,OFF-PA-10000143,East,26.4,5,0.0,12.672,0.48000000000000004
US-2015-138093,2015-12-10,2015-12-16,KM-16225,FUR-CH-10000785,East,542.94,3,0.0,141.1644,0.25999999999999995
CA-2016-126165,2016-05-05,2016-05-07,AH-10465,FUR-TA-10001676,West,71.088,2,0.2,-1.7772,-0.025
CA-2017-126123,2017-10-14,2017-10-18,AG-10765,OFF-BI-10000309,Central,27.396,9,0.8,-42.4638,-1.5499999999999998
CA-2017-126123,2017-10-14,2017-10-18,AG-10765,OFF-BI-10004224,Central,13.456,1,0.8,-23.548,-1.75
CA-2016-143441,2016-11-05,2016-11-05,EB-14170,OFF-LA-10002312,Central,11.84,1,0.2,4.44,0.37500000000000006
CA-2017-148320,2017-11-03,2017-11-08,PG-18895,OFF-PA-10003022,West,35.88,6,0.0,17.5812,0.48999999999999994
CA-2016-125661,2016-11-24,2016-11-26,CA-12055,OFF-EN-10001532,East,40.752,3,0.2,15.282,0.375
CA-2016-125661,2016-11-24,2016-11-26,CA-12055,TEC-AC-10004855,East,139.96,5,0.2,-22.7435,-0.1625
US-2014-123519,2014-12-14,2014-12-21,SS-20875,OFF-AR-10003829,East,2.624,1,0.2,0.2952,0.1125
US-2014-123519,2014-12-14,2014-12-21,SS-20875,FUR-TA-10002645,East,136.53,1,0.4,-52.3365,-0.38333333333333336
US-2014-123519,2014-12-14,2014-12-21,SS-20875,TEC-AC-10003033,East,263.96,1,0.2,42.8935,0.16250000000000003
CA-2014-155593,2014-11-03,2014-11-08,RP-19390,OFF-SU-10002522,East,11.64,3,0.0,3.3756,0.29
CA-2017-136000,2017-09-22,2017-09-25,SC-20440,OFF-BI-10004828,East,40.176,3,0.2,14.5638,0.3625
US-2015-160857,2015-05-08,2015-05-15,NW-18400,FUR-FU-10001095,East,79.44,3,0.0,30.1872,0.38
US-2015-160857,2015-05-08,2015-05-15,NW-18400,OFF-SU-10000157,East,357.93,3,0.0,7.1586,0.02
US-2015-160857,2015-05-08,2015-05-15,NW-18400,FUR-CH-10002647,East,127.764,2,0.1,21.294,0.16666666666666669
US-2015-160857,2015-05-08,2015-05-15,NW-18400,TEC-CO-10004115,East,2799.944,7,0.2,1014.9797,0.3625
US-2015-160857,2015-05-08,2015-05-15,NW-18400,OFF-PA-10003363,East,19.44,3,0.0,9.3312,0.48000000000000004
CA-2017-115805,2017-07-31,2017-07-31,KW-16435,TEC-PH-10003092,Central,36.792,1,0.2,4.1391,0.11249999999999999
US-2014-143707,2014-03-01,2014-03-05,HR-14770,TEC-PH-10003655,East,5.94,3,0.0,1.6038,0.26999999999999996
CA-2017-116939,2017-09-25,2017-09-29,AG-10900,OFF-ST-10001476,South,177.55,5,0.0,47.9385,0.26999999999999996
CA-2015-124107,2015-10-09,2015-10-12,BM-11650,TEC-AC-10002049,Central,619.95,5,0.0,111.591,0.17999999999999997
CA-2015-124107,2015-10-09,2015-10-12,BM-11650,TEC-PH-10003875,Central,29.16,3,0.0,8.4564,0.29000000000000004
CA-2015-124107,2015-10-09,2015-10-12,BM-11650,OFF-EN-10003286,Central,57.96,7,0.0,27.2412,0.47
CA-2015-124107,2015-10-09,2015-10-12,BM-11650,OFF-AP-10003971,Central,29.403,3,0.1,5.2272,0.17777777777777778
CA-2017-126550,2017-03-29,2017-04-02,RD-19720,OFF-ST-10001031,Central,81.4,5,0.0,21.164,0.26
CA-2015-138674,2015-11-14,2015-11-17,KB-16585,OFF-FA-10000304,West,8.72,5,0.2,2.289,0.2625
CA-2015-138674,2015-11-14,2015-11-17,KB-16585,TEC-AC-10000358,West,91.176,3,0.2,4.5588,0.049999999999999996
CA-2015-138674,2015-11-14,2015-11-17,KB-16585,TEC-AC-10002800,West,159.968,4,0.2,29.994,0.1875
CA-2016-165820,2016-09-26,2016-09-30,DW-13585,OFF-PA-10004735,West,12.96,2,0.0,6.2208,0.4799999999999999
CA-2014-103191,2014-09-22,2014-09-27,VG-21805,OFF-ST-10002574,Central,331.536,3,0.2,-82.884,-0.25
CA-2015-103933,2015-09-25,2015-09-27,DR-12880,TEC-AC-10004171,East,899.91,9,0.0,395.9604,0.44
CA-2015-110548,2015-05-04,2015-05-08,AH-10690,TEC-PH-10002922,Central,946.344,7,0.2,118.293,0.125
CA-2017-117324,2017-12-08,2017-12-13,JP-15520,TEC-AC-10003023,Central,178.11,3,0.0,32.0598,0.18
CA-2017-117324,2017-12-08,2017-12-13,JP-15520,OFF-AP-10003590,Central,1089.75,3,0.0,305.13,0.27999999999999997
CA-2017-117324,2017-12-08,2017-12-13,JP-15520,OFF-LA-10003510,Central,61.06,2,0.0,28.0876,0.45999999999999996
CA-2017-117324,2017-12-08,2017-12-13,JP-15520,FUR-BO-10003159,Central,459.92,4,0.0,41.3928,0.09
CA-2017-117324,2017-12-08,2017-12-13,JP-15520,OFF-PA-10002713,Central,27.52,4,0.0,12.6592,0.46
CA-2017-143574,2017-06-29,2017-07-02,DR-12880,FUR-BO-10002598,East,638.82,9,0.0,185.2578,0.29
CA-2017-143574,2017-06-29,2017-07-02,DR-12880,OFF-SU-10002537,East,30.69,3,0.0,7.9794,0.26
CA-2017-143574,2017-06-29,2017-07-02,DR-12880,FUR-FU-10003976,East,25.16,2,0.0,8.5544,0.33999999999999997
CA-2014-111773,2014-06-29,2014-07-03,JK-15625,OFF-BI-10000174,East,13.92,3,0.2,4.872,0.35
CA-2014-148614,2014-01-20,2014-01-25,MV-17485,OFF-PA-10002893,West,19.36,2,0.0,9.2928,0.48
CA-2014-148614,2014-01-20,2014-01-25,MV-17485,FUR-FU-10003194,West,19.3,2,0.0,5.79,0.3
CA-2017-156139,2016-12-31,2017-01-06,BP-11155,OFF-BI-10004233,West,38.376,3,0.2,13.4316,0.35000000000000003
US-2017-147886,2017-03-28,2017-03-31,DH-13075,OFF-PA-10000232,West,12.96,2,0.0,6.3504,0.48999999999999994
US-2017-147886,2017-03-28,2017-03-31,DH-13075,FUR-FU-10001095,West,26.48,1,0.0,10.0624,0.38
US-2017-147886,2017-03-28,2017-03-31,DH-13075,TEC-MA-10004679,West,532.72,2,0.2,53.272,0.09999999999999999
US-2017-147886,2017-03-28,2017-03-31,DH-13075,OFF-PA-10003651,West,26.72,4,0.0,12.8256,0.48
US-2017-147886,2017-03-28,2017-03-31,DH-13075,OFF-PA-10000743,West,20.04,3,0.0,9.6192,0.48
US-2017-147886,2017-03-28,2017-03-31,DH-13075,OFF-ST-10002743,West,795.48,7,0.0,7.9548,0.009999999999999998
US-2017-147886,2017-03-28,2017-03-31,DH-13075,FUR-FU-10003829,West,21.56,7,0.0,6.8992,0.32000000000000006
CA-2016-113733,2016-12-08,2016-12-12,LH-16900,TEC-PH-10002496,South,249.584,2,0.2,31.198,0.125
CA-2016-113733,2016-12-08,2016-12-12,LH-16900,TEC-AC-10002473,South,68.112,3,0.2,17.8794,0.2625
CA-2016-113733,2016-12-08,2016-12-12,LH-16900,TEC-AC-10004877,South,16.56,3,0.2,-2.484,-0.15000000000000002
CA-2017-104913,2017-11-18,2017-11-22,DK-13090,TEC-PH-10000923,East,74.95,5,0.0,36.7255,0.48999999999999994
CA-2014-145800,2014-05-30,2014-06-05,SS-20410,FUR-TA-10001539,Central,355.455,3,0.5,-184.8366,-0.52
CA-2016-125850,2016-01-22,2016-01-28,FP-14320,OFF-LA-10003498,West,44.4,3,0.0,22.2,0.5
CA-2016-125850,2016-01-22,2016-01-28,FP-14320,OFF-LA-10004484,West,20.65,5,0.0,9.499,0.4600000000000001
CA-2016-118514,2016-02-03,2016-02-10,LC-17050,FUR-CH-10000015,South,866.4,4,0.0,225.264,0.26
CA-2015-150749,2015-03-29,2015-04-03,AS-10240,OFF-AR-10003732,South,5.56,2,0.0,1.4456,0.26
CA-2014-163748,2014-10-14,2014-10-18,HG-15025,OFF-AP-10004052,Central,3.16,4,0.8,-8.532,-2.6999999999999997
CA-2014-163748,2014-10-14,2014-10-18,HG-15025,TEC-CO-10002095,Central,1999.96,5,0.2,624.9875,0.31249999999999994
CA-2015-119634,2015-08-11,2015-08-16,BW-11065,FUR-FU-10004270,South,46.152,3,0.2,12.1149,0.2625
CA-2015-149300,2015-11-22,2015-11-23,BH-11710,TEC-MA-10000423,South,32.985,3,0.5,-1.9791,-0.060000000000000005
US-2016-111528,2016-12-30,2016-12-30,JP-16135,OFF-ST-10001526,West,481.32,4,0.0,125.1432,0.26
US-2016-111528,2016-12-30,2016-12-30,JP-16135,OFF-BI-10002194,West,6.384,1,0.2,2.1546,0.33749999999999997
CA-2017-158169,2017-08-12,2017-08-15,JM-16195,OFF-AP-10000828,West,542.94,3,0.0,152.0232,0.27999999999999997
CA-2017-158169,2017-08-12,2017-08-15,JM-16195,FUR-FU-10001473,West,54.92,4,0.0,19.7712,0.36
CA-2015-162047,2015-11-03,2015-11-05,FH-14365,FUR-CH-10004983,East,1448.82,10,0.1,209.274,0.14444444444444446
CA-2015-117772,2015-09-10,2015-09-12,MC-17575,OFF-ST-10003994,West,353.88,6,0.0,17.694,0.049999999999999996
US-2014-126340,2014-11-08,2014-11-14,EB-13870,TEC-PH-10004447,West,333.576,3,0.2,25.0182,0.075
CA-2016-149685,2016-10-08,2016-10-15,PM-19135,OFF-LA-10004545,Central,60.144,6,0.2,20.2986,0.3375
CA-2017-126396,2017-09-08,2017-09-12,AR-10345,TEC-AC-10003116,Central,85.2,6,0.2,20.235,0.2375
CA-2015-154900,2015-02-25,2015-03-01,SS-20875,OFF-LA-10001641,East,3.15,1,0.0,1.512,0.48000000000000004
CA-2015-154900,2015-02-25,2015-03-01,SS-20875,OFF-PA-10002377,East,22.72,4,0.0,10.224,0.45
CA-2015-103835,2015-09-24,2015-09-28,SC-20440,FUR-FU-10000010,West,14.91,3,0.0,4.6221,0.31
CA-2015-103835,2015-09-24,2015-09-28,SC-20440,OFF-AP-10002651,West,1158.12,4,0.0,335.8548,0.29000000000000004
CA-2015-158939,2015-11-26,2015-12-01,EA-14035,TEC-CO-10002313,Central,599.99,1,0.0,233.9961,0.39
CA-2016-117408,2016-08-31,2016-09-06,TP-21130,OFF-ST-10001580,Central,23.968,2,0.2,2.3968,0.09999999999999999
CA-2016-142398,2016-04-12,2016-04-16,BP-11290,FUR-CH-10001545,West,638.288,7,0.2,-31.9144,-0.05
CA-2016-142398,2016-04-12,2016-04-16,BP-11290,OFF-BI-10004826,West,13.208,1,0.2,4.6228,0.35
CA-2016-105277,2016-12-04,2016-12-08,LM-17065,OFF-BI-10000301,East,15.528,3,0.2,5.823,0.375
CA-2016-112060,2016-12-04,2016-12-09,KT-16465,OFF-PA-10000994,West,104.85,1,0.0,50.328,0.48000000000000004
CA-2014-105270,2014-11-11,2014-11-18,AP-10915,OFF-AR-10003156,West,30.48,3,0.0,7.9248,0.26
CA-2014-105270,2014-11-11,2014-11-18,AP-10915,FUR-CH-10000988,West,112.648,1,0.2,11.2648,0.09999999999999999
US-2015-159513,2015-04-02,2015-04-09,JD-15790,TEC-MA-10003329,West,71.976,3,0.2,24.2919,0.33749999999999997
CA-2015-155586,2015-12-12,2015-12-16,XP-21865,OFF-AR-10001547,West,2.21,1,0.0,0.5967,0.27
CA-2015-155586,2015-12-12,2015-12-16,XP-21865,OFF-EN-10003072,West,15.52,4,0.0,7.4496,0.48000000000000004
CA-2015-155586,2015-12-12,2015-12-16,XP-21865,OFF-PA-10000726,West,36.44,4,0.0,16.398,0.45
CA-2017-141117,2017-10-02,2017-10-08,JK-16090,FUR-BO-10001972,West,217.764,6,0.7,-384.7164,-1.7666666666666666
CA-2017-141117,2017-10-02,2017-10-08,JK-16090,OFF-SU-10004664,West,39.072,6,0.2,4.3956,0.11249999999999999
CA-2017-141117,2017-10-02,2017-10-08,JK-16090,OFF-BI-10003676,West,22.638,7,0.7,-16.6012,-0.7333333333333332
CA-2017-141117,2017-10-02,2017-10-08,JK-16090,OFF-AR-10003727,West,95.144,7,0.2,10.7037,0.11249999999999999
CA-2017-115070,2017-04-10,2017-04-14,MG-18205,FUR-FU-10003829,South,12.32,5,0.2,1.848,0.15
CA-2017-115070,2017-04-10,2017-04-14,MG-18205,OFF-BI-10003712,South,4.419,3,0.7,-3.0933,-0.7000000000000001
CA-2017-140186,2017-09-29,2017-10-02,PG-18820,OFF-FA-10002280,West,35.0,7,0.0,16.8,0.48000000000000004
CA-2017-140186,2017-09-29,2017-10-02,PG-18820,FUR-CH-10002961,West,72.784,1,0.2,0.0,0.0
CA-2017-140186,2017-09-29,2017-10-02,PG-18820,OFF-AP-10002578,West,97.84,2,0.0,25.4384,0.26
CA-2017-140186,2017-09-29,2017-10-02,PG-18820,FUR-FU-10004848,West,51.75,1,0.0,15.525,0.3
CA-2017-140186,2017-09-29,2017-10-02,PG-18820,OFF-BI-10003364,West,46.672,2,0.2,16.3352,0.35000000000000003
CA-2014-124856,2014-09-29,2014-10-03,LD-17005,OFF-ST-10002615,East,1395.54,9,0.0,362.8404,0.26
CA-2014-124856,2014-09-29,2014-10-03,LD-17005,FUR-FU-10000521,East,117.36,4,0.0,36.3816,0.31
CA-2014-124856,2014-09-29,2014-10-03,LD-17005,OFF-LA-10000121,East,18.9,3,0.0,8.694,0.4600000000000001
CA-2014-124856,2014-09-29,2014-10-03,LD-17005,OFF-PA-10001289,East,77.52,2,0.0,37.9848,0.49000000000000005
CA-2014-166716,2014-08-20,2014-08-25,CR-12730,FUR-CH-10004495,Central,421.372,2,0.3,-6.0196,-0.014285714285714284
CA-2014-123225,2014-07-11,2014-07-14,MN-17935,TEC-PH-10000895,Central,575.968,4,0.2,43.1976,0.07500000000000001
CA-2014-123225,2014-07-11,2014-07-14,MN-17935,OFF-PA-10000552,Central,10.368,2,0.2,3.6288,0.35
CA-2015-163440,2015-03-22,2015-03-24,RD-19900,TEC-PH-10000376,West,15.984,2,0.2,1.1988,0.07500000000000001
US-2017-106796,2017-05-12,2017-05-19,JP-16135,OFF-AR-10003504,East,10.272,3,0.2,1.1556,0.11249999999999999
CA-2017-113873,2017-11-13,2017-11-19,KE-16420,OFF-ST-10000943,Central,61.792,4,0.2,6.1792,0.09999999999999999
CA-2017-113873,2017-11-13,2017-11-19,KE-16420,FUR-BO-10003441,Central,205.9992,3,0.32,-27.2646,-0.1323529411764706
CA-2016-149783,2016-09-04,2016-09-07,DL-13315,OFF-PA-10002195,South,12.192,3,0.2,4.1148,0.33749999999999997
CA-2016-149783,2016-09-04,2016-09-07,DL-13315,OFF-AP-10001205,South,87.168,2,0.2,8.7168,0.09999999999999998
CA-2016-149783,2016-09-04,2016-09-07,DL-13315,OFF-AR-10002987,South,31.744,2,0.2,8.3328,0.2625
CA-2016-125017,2016-02-06,2016-02-11,KB-16240,FUR-FU-10000723,South,132.224,4,0.2,-18.1808,-0.1375
US-2015-163279,2015-03-22,2015-03-26,JD-16150,OFF-PA-10003127,West,105.52,4,0.0,48.5392,0.46
US-2015-163279,2015-03-22,2015-03-26,JD-16150,FUR-FU-10000747,West,91.96,2,0.0,15.6332,0.17
US-2015-163279,2015-03-22,2015-03-26,JD-16150,TEC-PH-10001795,West,1487.976,3,0.2,185.997,0.125
CA-2015-150196,2015-07-02,2015-07-03,SR-20740,OFF-PA-10003797,East,19.44,3,0.0,9.3312,0.48000000000000004
US-2015-106495,2015-06-15,2015-06-17,AC-10450,TEC-AC-10002718,South,11.672,1,0.2,-0.7295,-0.0625
CA-2014-124730,2014-11-26,2014-11-26,LS-17245,TEC-PH-10002170,East,279.96,4,0.0,78.3888,0.28
CA-2014-124730,2014-11-26,2014-11-26,LS-17245,OFF-BI-10001078,East,12.912,3,0.2,4.6806,0.3625
CA-2014-124730,2014-11-26,2014-11-26,LS-17245,OFF-BI-10001031,East,17.088,4,0.2,5.7672,0.33749999999999997
CA-2014-124730,2014-11-26,2014-11-26,LS-17245,OFF-LA-10001158,East,93.15,9,0.0,44.712,0.48
CA-2014-124730,2014-11-26,2014-11-26,LS-17245,OFF-LA-10001613,East,11.52,4,0.0,5.6448,0.49000000000000005
CA-2017-117632,2017-05-12,2017-05-18,CS-12175,OFF-SU-10000157,West,238.62,2,0.0,4.7724,0.02
CA-2017-117632,2017-05-12,2017-05-18,CS-12175,OFF-AP-10004868,West,7.77,1,0.0,2.0979,0.27
CA-2017-117632,2017-05-12,2017-05-18,CS-12175,FUR-TA-10001520,West,285.48,5,0.2,-10.7055,-0.0375
CA-2017-117632,2017-05-12,2017-05-18,CS-12175,OFF-BI-10001900,West,19.168,4,0.2,6.4692,0.3375
CA-2014-115056,2014-05-02,2014-05-02,AR-10510,OFF-AP-10003971,East,26.136,3,0.2,1.9602,0.075
CA-2017-161067,2017-09-03,2017-09-06,KB-16405,OFF-PA-10000418,East,419.4,4,0.0,201.312,0.48000000000000004
CA-2017-161067,2017-09-03,2017-09-06,KB-16405,FUR-CH-10004626,East,90.801,1,0.1,14.1246,0.15555555555555553
CA-2017-161067,2017-09-03,2017-09-06,KB-16405,FUR-CH-10004860,East,181.764,2,0.1,-8.0784,-0.044444444444444446
CA-2017-161067,2017-09-03,2017-09-06,KB-16405,OFF-AR-10003251,East,5.56,2,0.0,2.224,0.4000000000000001
CA-2016-122063,2016-12-03,2016-12-07,MM-17920,FUR-TA-10004575,Central,581.96,2,0.0,104.7528,0.17999999999999997
CA-2016-122063,2016-12-03,2016-12-07,MM-17920,FUR-CH-10004754,Central,29.98,1,0.0,8.0946,0.26999999999999996
CA-2015-111206,2015-07-18,2015-07-22,RF-19735,TEC-AC-10003095,West,519.96,4,0.0,176.7864,0.33999999999999997
CA-2016-142895,2016-07-21,2016-07-26,BP-11290,OFF-LA-10000262,South,6.264,3,0.2,2.0358,0.325
CA-2016-142895,2016-07-21,2016-07-26,BP-11290,FUR-CH-10002961,South,363.92,5,0.2,0.0,0.0
CA-2015-101868,2015-06-09,2015-06-16,MJ-17740,OFF-BI-10003876,South,64.2,5,0.7,-42.8,-0.6666666666666666
CA-2015-101868,2015-06-09,2015-06-16,MJ-17740,OFF-BI-10002133,South,38.52,3,0.7,-26.964,-0.7
CA-2015-101868,2015-06-09,2015-06-16,MJ-17740,TEC-AC-10004396,South,72.6,5,0.2,-8.1675,-0.11250000000000002
CA-2017-133207,2017-11-27,2017-12-03,DO-13645,TEC-PH-10004100,West,57.568,4,0.2,5.7568,0.1
CA-2015-132948,2015-03-27,2015-04-03,MV-17485,OFF-ST-10000636,West,83.7,5,0.0,3.348,0.039999999999999994
CA-2015-134992,2015-09-22,2015-09-26,MG-17875,OFF-PA-10001972,South,32.4,5,0.0,15.552,0.48
CA-2015-134992,2015-09-22,2015-09-26,MG-17875,FUR-FU-10002554,South,47.98,2,0.0,11.0354,0.23
CA-2015-126725,2015-11-17,2015-11-21,BS-11665,TEC-PH-10003174,West,415.968,4,0.2,51.996,0.125
CA-2015-126725,2015-11-17,2015-11-21,BS-11665,OFF-ST-10001418,West,304.9,5,0.0,6.098,0.02
CA-2015-126725,2015-11-17,2015-11-21,BS-11665,FUR-FU-10002813,West,80.96,4,0.0,29.1456,0.36000000000000004
CA-2015-126725,2015-11-17,2015-11-21,BS-11665,OFF-ST-10000129,West,777.21,7,0.0,54.4047,0.06999999999999999
CA-2015-126725,2015-11-17,2015-11-21,BS-11665,OFF-PA-10001639,West,32.4,5,0.0,15.552,0.48
CA-2015-126725,2015-11-17,2015-11-21,BS-11665,FUR-CH-10001708,West,225.568,2,0.2,2.8196,0.012499999999999999
CA-2015-126725,2015-11-17,2015-11-21,BS-11665,FUR-FU-10001591,West,36.6,3,0.0,15.372,0.42
CA-2015-121783,2015-11-10,2015-11-14,PO-19180,OFF-AP-10003849,Central,715.64,2,0.0,178.91,0.25
CA-2015-121783,2015-11-10,2015-11-14,PO-19180,OFF-ST-10000078,Central,795.51,3,0.0,143.1918,0.18
CA-2015-121783,2015-11-10,2015-11-14,PO-19180,TEC-CO-10001571,Central,549.99,1,0.0,274.995,0.5
CA-2015-121783,2015-11-10,2015-11-14,PO-19180,OFF-BI-10001658,Central,74.76,3,0.0,34.3896,0.45999999999999996
CA-2015-121783,2015-11-10,2015-11-14,PO-19180,FUR-FU-10004351,Central,29.22,3,0.0,12.8568,0.44
US-2014-138835,2014-09-10,2014-09-14,DA-13450,OFF-BI-10003314,South,9.64,2,0.0,4.7236,0.49
CA-2015-112214,2015-08-05,2015-08-11,AH-10690,OFF-ST-10001505,Central,33.488,7,0.2,-1.2558,-0.0375
CA-2015-112214,2015-08-05,2015-08-11,AH-10690,OFF-SU-10003567,Central,23.04,3,0.2,-4.896,-0.2125
CA-2015-112214,2015-08-05,2015-08-11,AH-10690,OFF-BI-10002982,Central,1.362,1,0.8,-2.1792,-1.5999999999999996
CA-2015-112214,2015-08-05,2015-08-11,AH-10690,FUR-FU-10002364,Central,14.76,5,0.6,-11.439,-0.775
US-2017-153255,2017-09-03,2017-09-07,JK-15730,FUR-BO-10004218,West,239.666,2,0.15,14.098,0.05882352941176471
CA-2015-108119,2015-11-01,2015-11-08,MS-17530,FUR-TA-10002530,South,301.96,2,0.0,45.294,0.15
CA-2015-157434,2015-04-29,2015-05-04,JK-15640,OFF-PA-10001526,East,7.968,2,0.2,2.8884,0.3625
CA-2016-101525,2016-05-01,2016-05-04,CM-12235,OFF-PA-10001497,South,109.92,2,0.0,53.8608,0.49
CA-2016-101525,2016-05-01,2016-05-04,CM-12235,OFF-PA-10003936,South,19.44,3,0.0,9.3312,0.48000000000000004
CA-2016-101525,2016-05-01,2016-05-04,CM-12235,OFF-AR-10000716,South,11.16,2,0.0,4.3524,0.39
US-2014-117968,2014-08-05,2014-08-07,RS-19420,OFF-AP-10002765,East,79.47,3,0.0,22.2516,0.28
US-2014-117968,2014-08-05,2014-08-07,RS-19420,OFF-AR-10004165,East,4.56,2,0.0,2.0064,0.44000000000000006
US-2014-117968,2014-08-05,2014-08-07,RS-19420,FUR-CH-10002335,East,1133.35,5,0.0,294.671,0.26
CA-2016-158211,2016-01-04,2016-01-08,BP-11185,OFF-AR-10004078,East,4.672,1,0.2,0.584,0.125
CA-2016-158211,2016-01-04,2016-01-08,BP-11185,OFF-BI-10002026,East,104.58,6,0.7,-80.178,-0.7666666666666666
CA-2016-152247,2016-11-07,2016-11-12,MA-17995,FUR-CH-10001215,West,1603.136,4,0.2,100.196,0.0625
CA-2016-128223,2016-06-14,2016-06-14,EB-13705,FUR-TA-10001771,West,1293.488,7,0.2,80.843,0.0625
CA-2016-154235,2016-09-24,2016-09-28,RD-19900,FUR-FU-10004006,Central,127.95,3,0.0,21.7515,0.16999999999999998
CA-2017-129910,2017-03-30,2017-04-03,ME-17320,OFF-ST-10003282,South,59.76,1,0.0,16.7328,0.28
CA-2017-133095,2017-06-04,2017-06-04,EH-14005,OFF-BI-10002353,South,108.08,7,0.0,54.04,0.5
CA-2017-133095,2017-06-04,2017-06-04,EH-14005,OFF-BI-10004141,South,9.54,3,0.0,4.3884,0.46
CA-2015-130554,2015-04-07,2015-04-09,FM-14290,OFF-AR-10001954,East,11.736,3,0.2,1.0269,0.0875
CA-2014-152443,2014-05-21,2014-05-26,FG-14260,OFF-BI-10001071,East,447.86,7,0.0,219.4514,0.49
CA-2014-152443,2014-05-21,2014-05-26,FG-14260,OFF-PA-10003022,East,17.94,3,0.0,8.7906,0.48999999999999994
CA-2014-152443,2014-05-21,2014-05-26,FG-14260,OFF-AP-10001293,East,245.88,6,0.0,68.8464,0.28
CA-2016-133319,2016-09-05,2016-09-11,MV-17485,OFF-PA-10001815,East,192.16,4,0.0,92.2368,0.48000000000000004
CA-2016-133935,2016-09-18,2016-09-22,JW-15220,FUR-CH-10001215,West,801.568,2,0.2,50.098,0.0625
CA-2016-133935,2016-09-18,2016-09-22,JW-15220,OFF-PA-10000100,West,368.91,9,0.0,180.7659,0.48999999999999994
CA-2016-133935,2016-09-18,2016-09-22,JW-15220,FUR-CH-10002880,West,885.528,9,0.2,-99.6219,-0.11249999999999999
CA-2016-136301,2016-03-13,2016-03-15,EH-13765,FUR-FU-10004712,West,28.28,2,0.0,7.3528,0.26
CA-2016-136301,2016-03-13,2016-03-15,EH-13765,OFF-SU-10000151,West,4912.59,3,0.0,196.5036,0.04
US-2014-109456,2014-10-16,2014-10-17,LS-17245,OFF-BI-10000136,West,14.352,3,0.2,5.0232,0.35
US-2014-109456,2014-10-16,2014-10-17,LS-17245,TEC-AC-10003610,West,179.97,3,0.0,86.3856,0.48
CA-2017-151596,2017-10-08,2017-10-11,BP-11050,OFF-ST-10001837,East,42.76,1,0.0,11.1176,0.26
CA-2015-147879,2015-05-07,2015-05-12,CC-12220,OFF-PA-10001952,South,45.68,2,0.0,21.0128,0.45999999999999996
CA-2016-166625,2016-04-14,2016-04-17,JM-15580,OFF-BI-10002414,East,25.06,2,0.0,11.7782,0.47000000000000003
CA-2016-146157,2016-11-21,2016-11-26,RD-19720,OFF-PA-10001790,Central,38.432,1,0.2,13.4512,0.35
CA-2016-146157,2016-11-21,2016-11-26,RD-19720,OFF-ST-10001590,Central,21.568,2,0.2,1.6176,0.075
CA-2016-146157,2016-11-21,2016-11-26,RD-19720,TEC-AC-10003657,Central,81.576,3,0.2,2.0394,0.025000000000000005
CA-2017-159954,2017-09-10,2017-09-14,SS-20410,OFF-BI-10004876,South,2.78,1,0.0,1.3622,0.49000000000000005
CA-2017-100825,2017-09-09,2017-09-14,KD-16495,OFF-ST-10003123,West,99.87,3,0.0,23.9688,0.24000000000000002
CA-2014-168305,2014-11-01,2014-11-08,PL-18925,OFF-LA-10003498,West,44.4,3,0.0,22.2,0.5
CA-2014-168305,2014-11-01,2014-11-08,PL-18925,OFF-PA-10004947,West,21.4,5,0.0,9.63,0.45000000000000007
CA-2016-167682,2016-04-03,2016-04-09,ZD-21925,FUR-FU-10003799,Central,71.12,4,0.0,22.0472,0.31
CA-2016-167682,2016-04-03,2016-04-09,ZD-21925,TEC-PH-10000673,Central,259.96,4,0.0,124.7808,0.48000000000000004
CA-2017-108000,2017-01-12,2017-01-16,LS-16945,OFF-EN-10002621,West,9.78,1,0.0,4.89,0.5
CA-2015-146465,2015-11-20,2015-11-24,PB-18805,OFF-BI-10004528,West,24.192,9,0.2,7.56,0.3125
CA-2016-159639,2016-11-27,2016-12-02,PC-18745,FUR-FU-10001889,East,31.56,3,0.0,10.4148,0.33
US-2017-153948,2017-11-06,2017-11-06,FM-14290,OFF-PA-10000157,West,59.94,3,0.0,28.1718,0.47000000000000003
US-2017-153948,2017-11-06,2017-11-06,FM-14290,OFF-PA-10002764,West,45.36,4,0.0,22.2264,0.49000000000000005
US-2017-153948,2017-11-06,2017-11-06,FM-14290,OFF-PA-10000143,West,26.4,5,0.0,12.672,0.48000000000000004
US-2017-153948,2017-11-06,2017-11-06,FM-14290,OFF-LA-10000414,West,41.4,4,0.0,19.872,0.48000000000000004
US-2017-153948,2017-11-06,2017-11-06,FM-14290,TEC-AC-10003441,West,16.95,1,0.0,1.017,0.06
US-2016-113985,2016-12-02,2016-12-07,KD-16495,OFF-BI-10002353,West,24.704,2,0.2,9.264,0.37499999999999994
US-2016-113985,2016-12-02,2016-12-07,KD-16495,OFF-AP-10001303,West,59.7,3,0.0,26.865,0.44999999999999996
US-2016-113985,2016-12-02,2016-12-07,KD-16495,FUR-FU-10003026,West,14.52,3,0.0,5.6628,0.39
US-2016-113985,2016-12-02,2016-12-07,KD-16495,OFF-BI-10000632,West,104.184,3,0.2,33.8598,0.325
CA-2016-155383,2016-12-17,2016-12-22,SC-20680,OFF-ST-10001328,West,46.53,3,0.0,13.0284,0.27999999999999997
CA-2014-120432,2014-08-24,2014-08-26,DW-13585,OFF-SU-10004661,South,25.5,3,0.0,6.63,0.26
US-2015-126977,2015-09-17,2015-09-23,PF-19120,OFF-ST-10000617,East,14.9,5,0.0,1.043,0.06999999999999999
US-2015-126977,2015-09-17,2015-09-23,PF-19120,OFF-LA-10002762,East,87.71,7,0.0,41.2237,0.47000000000000003
US-2015-126977,2015-09-17,2015-09-23,PF-19120,FUR-CH-10001973,East,199.764,2,0.1,8.8784,0.04444444444444444
US-2015-126977,2015-09-17,2015-09-23,PF-19120,OFF-ST-10003058,East,94.6,4,0.0,27.434,0.29000000000000004
US-2015-126977,2015-09-17,2015-09-23,PF-19120,FUR-BO-10004834,East,4228.704,6,0.2,158.5764,0.037500000000000006
US-2015-126977,2015-09-17,2015-09-23,PF-19120,FUR-BO-10002213,East,2003.92,5,0.2,-25.049,-0.012499999999999999
US-2015-126977,2015-09-17,2015-09-23,PF-19120,TEC-PH-10002170,East,209.97,3,0.0,58.7916,0.28
US-2015-126977,2015-09-17,2015-09-23,PF-19120,TEC-AC-10003033,East,659.9,2,0.0,217.767,0.33
US-2015-126977,2015-09-17,2015-09-23,PF-19120,OFF-PA-10004071,East,110.96,2,0.0,53.2608,0.48000000000000004
US-2015-126977,2015-09-17,2015-09-23,PF-19120,TEC-PH-10000169,East,67.8,4,0.0,1.356,0.020000000000000004
CA-2016-130288,2016-11-26,2016-11-30,DK-13225,FUR-TA-10002958,East,313.176,2,0.4,-120.0508,-0.38333333333333336
CA-2017-146458,2017-11-19,2017-11-22,RB-19435,OFF-AR-10001177,South,22.96,7,0.0,6.6584,0.29
CA-2017-150420,2017-06-03,2017-06-08,GD-14590,TEC-AC-10004975,West,1099.5,10,0.0,362.835,0.32999999999999996
US-2014-118997,2014-04-08,2014-04-12,RA-19885,FUR-TA-10001086,South,1215.92,8,0.0,316.1392,0.26
CA-2014-114314,2014-10-11,2014-10-15,DB-13555,OFF-LA-10000240,South,7.31,1,0.0,3.4357,0.47000000000000003
CA-2014-114314,2014-10-11,2014-10-15,DB-13555,FUR-FU-10002107,South,8.92,4,0.0,3.9248,0.44
US-2017-169551,2017-07-07,2017-07-09,RL-19615,FUR-BO-10001519,East,87.21,3,0.5,-45.3492,-0.5200000000000001
US-2017-169551,2017-07-07,2017-07-09,RL-19615,OFF-PA-10004100,East,15.552,3,0.2,5.4432,0.35000000000000003
US-2017-169551,2017-07-07,2017-07-09,RL-19615,TEC-PH-10001363,East,683.988,2,0.4,-113.998,-0.16666666666666666
US-2017-169551,2017-07-07,2017-07-09,RL-19615,OFF-ST-10004835,East,13.392,3,0.2,1.0044,0.075
US-2017-169551,2017-07-07,2017-07-09,RL-19615,TEC-AC-10002018,East,16.776,3,0.2,4.8231,0.28750000000000003
US-2017-169551,2017-07-07,2017-07-09,RL-19615,TEC-AC-10003033,East,527.92,2,0.2,85.787,0.16250000000000003
CA-2016-103107,2016-07-04,2016-07-04,RB-19465,FUR-FU-10000221,West,25.4,5,0.0,8.636,0.33999999999999997
CA-2016-103107,2016-07-04,2016-07-04,RB-19465,TEC-PH-10001198,West,177.48,3,0.2,19.9665,0.1125
CA-2016-103107,2016-07-04,2016-07-04,RB-19465,TEC-PH-10002564,West,71.976,3,0.2,8.997,0.125
CA-2017-122077,2017-05-19,2017-05-25,JF-15295,TEC-PH-10003811,Central,95.992,1,0.2,9.5992,0.09999999999999999
CA-2017-122077,2017-05-19,2017-05-25,JF-15295,OFF-LA-10004178,Central,13.216,4,0.2,4.2952,0.32500000000000007
CA-2017-112431,2017-10-12,2017-10-14,RW-19690,TEC-AC-10001465,West,435.84,12,0.0,130.752,0.30000000000000004
CA-2017-112431,2017-10-12,2017-10-14,RW-19690,OFF-AR-10000940,West,5.88,2,0.0,1.5876,0.26999999999999996
CA-2016-151092,2016-08-06,2016-08-13,VG-21790,TEC-PH-10001700,West,211.168,4,0.2,18.4772,0.0875
CA-2014-104178,2014-08-25,2014-08-29,JM-15265,FUR-FU-10000771,West,6.28,1,0.0,2.6376,0.42
CA-2014-104178,2014-08-25,2014-08-29,JM-15265,TEC-AC-10002399,West,95.1,5,0.0,30.432,0.32
CA-2014-104178,2014-08-25,2014-08-29,JM-15265,OFF-PA-10004983,West,25.92,4,0.0,12.4416,0.4799999999999999
CA-2014-104178,2014-08-25,2014-08-29,JM-15265,OFF-ST-10004258,West,48.84,4,0.0,13.1868,0.26999999999999996
CA-2015-115924,2015-09-14,2015-09-18,BE-11455,OFF-BI-10004040,Central,25.9,5,0.0,12.691,0.49000000000000005
CA-2017-161046,2017-03-05,2017-03-05,CB-12535,OFF-EN-10003862,South,42.68,4,0.0,19.6328,0.46
CA-2017-161046,2017-03-05,2017-03-05,CB-12535,TEC-AC-10004571,South,299.97,3,0.0,125.9874,0.41999999999999993
CA-2017-161046,2017-03-05,2017-03-05,CB-12535,OFF-AP-10000891,South,262.24,2,0.0,78.672,0.3
CA-2017-161046,2017-03-05,2017-03-05,CB-12535,OFF-BI-10002026,South,234.36,6,0.0,112.4928,0.48
US-2017-141698,2017-04-15,2017-04-21,SD-20485,OFF-PA-10001826,Central,20.736,4,0.2,7.2576,0.35
US-2014-105151,2014-03-30,2014-03-31,SG-20890,OFF-AR-10001231,East,10.5,5,0.0,2.94,0.27999999999999997
CA-2014-155796,2014-11-11,2014-11-15,TS-21430,FUR-FU-10000409,East,23.968,2,0.2,7.7896,0.325
CA-2014-155796,2014-11-11,2014-11-15,TS-21430,FUR-BO-10002545,East,521.96,4,0.5,-250.5408,-0.4799999999999999
CA-2016-127138,2016-03-12,2016-03-15,DK-13225,OFF-ST-10002756,West,676.55,5,0.0,6.7655,0.010000000000000002
CA-2016-127138,2016-03-12,2016-03-15,DK-13225,OFF-AP-10003842,West,154.9,5,0.0,40.274,0.26
CA-2016-127138,2016-03-12,2016-03-15,DK-13225,OFF-EN-10004459,West,30.56,4,0.0,14.9744,0.49
CA-2016-127138,2016-03-12,2016-03-15,DK-13225,FUR-CH-10003746,West,770.352,3,0.2,77.0352,0.1
CA-2017-150602,2017-02-09,2017-02-14,ML-17395,FUR-FU-10003142,West,21.12,4,0.0,6.5472,0.31
CA-2014-140732,2014-11-11,2014-11-13,MA-17560,TEC-PH-10001425,West,575.928,9,0.2,57.5928,0.09999999999999999
CA-2014-140732,2014-11-11,2014-11-13,MA-17560,OFF-AP-10001626,West,7.78,2,0.0,2.0228,0.26
CA-2014-140732,2014-11-11,2014-11-13,MA-17560,OFF-PA-10003625,West,123.92,4,0.0,55.764,0.45
CA-2017-119011,2017-08-20,2017-08-25,LR-17035,OFF-SU-10004768,West,17.22,3,0.0,5.166,0.30000000000000004
CA-2017-119011,2017-08-20,2017-08-25,LR-17035,OFF-ST-10000777,West,226.56,6,0.0,63.4368,0.27999999999999997
CA-2017-119011,2017-08-20,2017-08-25,LR-17035,TEC-PH-10003171,West,107.88,3,0.2,10.788,0.1
CA-2016-166912,2016-01-15,2016-01-17,BE-11335,OFF-PA-10001033,East,81.98,2,0.0,40.1702,0.49
CA-2014-141726,2014-07-20,2014-07-22,CC-12145,OFF-PA-10000418,West,104.85,1,0.0,50.328,0.48000000000000004
CA-2014-141726,2014-07-20,2014-07-22,CC-12145,OFF-BI-10001982,West,8.704,2,0.2,3.1552,0.36249999999999993
CA-2014-141726,2014-07-20,2014-07-22,CC-12145,OFF-PA-10002230,West,19.92,4,0.0,9.7608,0.48999999999999994
CA-2014-141726,2014-07-20,2014-07-22,CC-12145,FUR-FU-10003577,West,43.02,3,0.0,15.4872,0.36
CA-2017-115105,2017-02-06,2017-02-11,BD-11770,FUR-BO-10001811,East,240.784,1,0.2,30.098,0.125
CA-2015-143980,2015-12-25,2015-12-29,JK-15640,OFF-AP-10003779,East,414.96,2,0.0,124.488,0.3
CA-2016-135636,2016-10-08,2016-10-13,DB-13615,OFF-ST-10000676,South,387.72,5,0.2,-67.851,-0.175
CA-2017-102155,2017-07-13,2017-07-17,RR-19525,OFF-ST-10001496,Central,360.38,2,0.0,93.6988,0.26
CA-2017-102155,2017-07-13,2017-07-17,RR-19525,OFF-PA-10003673,Central,13.56,2,0.0,6.2376,0.45999999999999996
CA-2017-116953,2017-04-24,2017-04-25,SV-20935,TEC-PH-10004614,West,552.0,10,0.2,34.5,0.0625
CA-2014-117765,2014-09-07,2014-09-13,RB-19465,FUR-TA-10001039,Central,429.9,5,0.0,111.774,0.26
CA-2014-117765,2014-09-07,2014-09-13,RB-19465,OFF-BI-10000474,Central,32.06,2,0.0,15.3888,0.48
CA-2014-117765,2014-09-07,2014-09-13,RB-19465,FUR-CH-10004698,Central,161.96,2,0.0,45.3488,0.27999999999999997
CA-2014-117765,2014-09-07,2014-09-13,RB-19465,OFF-ST-10003327,Central,19.86,2,0.0,5.7594,0.29000000000000004
CA-2016-114895,2016-11-21,2016-11-28,MV-18190,OFF-PA-10000232,East,12.96,2,0.0,6.3504,0.48999999999999994
CA-2017-112984,2017-09-16,2017-09-18,EH-14185,OFF-PA-10003657,East,20.544,6,0.2,6.42,0.3125
CA-2016-163776,2016-07-19,2016-07-25,JS-16030,FUR-FU-10001185,South,185.58,6,0.0,76.0878,0.41
CA-2016-163776,2016-07-19,2016-07-25,JS-16030,OFF-BI-10003007,South,77.56,2,0.0,35.6776,0.45999999999999996
CA-2016-163776,2016-07-19,2016-07-25,JS-16030,OFF-ST-10002485,South,87.92,4,0.0,0.8792,0.01
CA-2016-163776,2016-07-19,2016-07-25,JS-16030,OFF-PA-10001033,South,245.94,6,0.0,120.5106,0.49
CA-2016-163776,2016-07-19,2016-07-25,JS-16030,OFF-BI-10000404,South,8.6,1,0.0,4.042,0.47
CA-2016-163776,2016-07-19,2016-07-25,JS-16030,FUR-BO-10003546,South,504.9,5,0.0,126.225,0.25
US-2017-163300,2017-09-15,2017-09-21,ES-14020,OFF-BI-10004390,West,2357.488,7,0.2,884.058,0.375
US-2017-163300,2017-09-15,2017-09-21,ES-14020,TEC-PH-10001700,West,369.544,7,0.2,32.3351,0.0875
US-2017-163300,2017-09-15,2017-09-21,ES-14020,FUR-CH-10003396,West,184.752,3,0.2,-20.7846,-0.1125
CA-2016-162187,2016-12-11,2016-12-11,NS-18640,OFF-ST-10001558,East,64.96,5,0.2,-4.06,-0.0625
CA-2016-162187,2016-12-11,2016-12-11,NS-18640,OFF-SU-10004782,East,13.52,2,0.2,1.69,0.125
CA-2016-162187,2016-12-11,2016-12-11,NS-18640,FUR-CH-10003298,East,458.43,5,0.3,-137.529,-0.3
CA-2016-162187,2016-12-11,2016-12-11,NS-18640,OFF-AP-10000576,East,387.136,4,0.2,24.196,0.0625
CA-2016-162187,2016-12-11,2016-12-11,NS-18640,FUR-TA-10003008,East,328.59,3,0.4,-147.8655,-0.45
US-2014-112991,2014-12-10,2014-12-14,SH-19975,FUR-CH-10001708,West,338.352,3,0.2,4.2294,0.0125
US-2014-112991,2014-12-10,2014-12-14,SH-19975,OFF-PA-10000019,West,25.92,4,0.0,12.4416,0.4799999999999999
US-2014-112991,2014-12-10,2014-12-14,SH-19975,OFF-PA-10002222,West,91.36,4,0.0,42.0256,0.45999999999999996
CA-2014-124079,2014-12-13,2014-12-17,RF-19345,FUR-FU-10002553,West,87.96,3,0.2,7.6965,0.08750000000000001
CA-2014-124079,2014-12-13,2014-12-17,RF-19345,OFF-BI-10002103,West,5.214,2,0.7,-4.1712,-0.7999999999999999
US-2017-146878,2017-09-21,2017-09-27,DL-12865,OFF-BI-10002794,South,12.294,1,0.7,-8.6058,-0.7
CA-2017-107244,2017-09-07,2017-09-11,AG-10390,FUR-FU-10002597,West,19.76,4,0.0,8.2992,0.42
CA-2015-100657,2015-11-02,2015-11-07,SW-20245,FUR-CH-10003535,East,109.764,2,0.1,8.5372,0.07777777777777778
CA-2017-129581,2017-12-11,2017-12-18,KN-16390,TEC-PH-10001527,East,128.85,3,0.0,3.8655,0.030000000000000002
CA-2017-129028,2017-04-01,2017-04-03,GB-14530,FUR-FU-10004006,South,127.95,3,0.0,21.7515,0.16999999999999998
CA-2015-135580,2015-12-30,2016-01-03,CL-12565,OFF-PA-10000595,West,68.52,3,0.0,31.5192,0.46
CA-2015-135580,2015-12-30,2016-01-03,CL-12565,OFF-ST-10000798,West,74.94,3,0.0,14.2386,0.19
CA-2015-135580,2015-12-30,2016-01-03,CL-12565,TEC-MA-10004002,West,2548.56,6,0.2,286.713,0.11250000000000002
CA-2015-135580,2015-12-30,2016-01-03,CL-12565,OFF-EN-10003296,West,271.44,3,0.0,122.148,0.45
CA-2015-135580,2015-12-30,2016-01-03,CL-12565,TEC-PH-10004345,West,287.88,3,0.2,35.985,0.125
CA-2016-159016,2016-03-10,2016-03-11,KF-16285,OFF-PA-10004405,West,14.9,5,0.0,7.152,0.48
CA-2016-159016,2016-03-10,2016-03-11,KF-16285,TEC-PH-10002885,West,4158.912,8,0.2,363.9048,0.0875
CA-2014-102652,2014-04-06,2014-04-12,AY-10555,FUR-FU-10000747,West,91.96,2,0.0,15.6332,0.17
CA-2014-102652,2014-04-06,2014-04-12,AY-10555,FUR-FU-10001918,West,33.11,7,0.0,12.9129,0.39
CA-2014-102652,2014-04-06,2014-04-12,AY-10555,OFF-PA-10003309,West,19.44,3,0.0,9.3312,0.48000000000000004
CA-2014-102652,2014-04-06,2014-04-12,AY-10555,OFF-PA-10001977,West,55.48,1,0.0,26.6304,0.48000000000000004
CA-2014-152422,2014-10-05,2014-10-10,BD-11635,OFF-AP-10002892,East,91.92,5,0.2,11.49,0.125
US-2016-156692,2016-08-13,2016-08-13,HG-15025,OFF-AP-10002222,South,17.34,2,0.0,4.6818,0.27
US-2016-156692,2016-08-13,2016-08-13,HG-15025,TEC-AC-10000158,South,71.98,2,0.0,15.1158,0.21
CA-2014-130869,2014-11-17,2014-11-21,CB-12025,OFF-EN-10002600,Central,7.08,3,0.2,2.478,0.35000000000000003
US-2017-128832,2017-04-24,2017-04-27,LS-16945,TEC-AC-10004855,East,69.98,2,0.0,4.8986,0.06999999999999999
CA-2017-139717,2017-08-24,2017-08-26,DM-13015,OFF-AP-10000938,East,646.272,8,0.2,64.6272,0.09999999999999999
CA-2017-139717,2017-08-24,2017-08-26,DM-13015,OFF-PA-10002195,East,10.368,2,0.2,3.7584,0.3625
CA-2017-136007,2017-02-23,2017-03-02,AC-10615,OFF-FA-10002701,West,8.4,5,0.0,0.336,0.04
CA-2017-136007,2017-02-23,2017-03-02,AC-10615,TEC-PH-10003589,West,71.96,5,0.2,25.186,0.35000000000000003
CA-2016-157364,2016-11-19,2016-11-21,LT-17110,OFF-AR-10003752,South,18.48,2,0.2,6.006,0.325
US-2016-112970,2016-11-14,2016-11-15,TB-21250,OFF-AR-10003829,West,9.84,3,0.0,2.8536,0.29000000000000004
US-2017-152492,2017-07-06,2017-07-06,AH-10585,FUR-CH-10000155,South,239.24,1,0.2,23.924,0.09999999999999999
CA-2016-101168,2016-12-25,2017-01-01,SS-20140,FUR-FU-10003142,East,21.12,4,0.0,6.5472,0.31
CA-2017-104010,2017-04-23,2017-04-25,TD-20995,OFF-SU-10001218,East,54.9,5,0.0,15.372,0.28
CA-2015-130253,2015-12-14,2015-12-18,PP-18955,FUR-FU-10002963,West,15.24,3,0.0,5.1816,0.34
US-2015-155369,2015-04-19,2015-04-25,PG-18820,OFF-AP-10002578,Central,19.568,2,0.8,-52.8336,-2.6999999999999997
US-2015-155369,2015-04-19,2015-04-25,PG-18820,OFF-BI-10003925,Central,310.392,4,0.8,-512.1468,-1.65
CA-2016-131205,2016-09-04,2016-09-08,AA-10645,FUR-FU-10003347,South,42.6,3,0.0,16.614,0.39
CA-2016-131205,2016-09-04,2016-09-08,AA-10645,OFF-BI-10000315,South,113.94,6,0.0,54.6912,0.48000000000000004
CA-2016-131205,2016-09-04,2016-09-08,AA-10645,OFF-ST-10002583,South,129.92,4,0.0,5.1968,0.04
CA-2016-131205,2016-09-04,2016-09-08,AA-10645,OFF-AR-10003469,South,5.28,3,0.0,2.5344,0.48000000000000004
CA-2017-122364,2017-09-24,2017-09-29,FA-14230,TEC-PH-10001817,West,859.2,3,0.2,75.18,0.08750000000000001
CA-2017-122364,2017-09-24,2017-09-29,FA-14230,TEC-MA-10001031,West,506.28,3,0.2,177.198,0.35000000000000003
CA-2016-117912,2016-02-04,2016-02-08,TB-21520,FUR-FU-10002088,West,14.368,2,0.2,3.9512,0.275
CA-2017-145702,2017-05-19,2017-05-24,AH-10075,FUR-CH-10001482,South,314.352,3,0.2,-35.3646,-0.11250000000000002
CA-2017-145702,2017-05-19,2017-05-24,AH-10075,OFF-PA-10001526,South,27.888,7,0.2,10.1094,0.3625
CA-2015-113215,2015-09-03,2015-09-08,CP-12085,FUR-FU-10002937,West,238.152,3,0.2,89.307,0.37500000000000006
CA-2016-154662,2016-06-09,2016-06-16,BF-11215,FUR-TA-10001771,Central,692.94,3,0.0,173.235,0.25
CA-2015-105571,2015-11-07,2015-11-11,CP-12340,OFF-BI-10003305,South,16.146,9,0.7,-12.9168,-0.7999999999999999
CA-2015-105571,2015-11-07,2015-11-11,CP-12340,OFF-BI-10001359,South,1345.485,5,0.7,-1031.5385,-0.7666666666666668
CA-2016-152765,2016-06-15,2016-06-18,LS-17245,OFF-PA-10000483,Central,173.488,7,0.2,54.215,0.3125
CA-2015-153878,2015-04-25,2015-04-30,TS-21655,OFF-AR-10000658,Central,57.75,5,0.0,16.17,0.28
CA-2015-153878,2015-04-25,2015-04-30,TS-21655,OFF-AP-10001205,Central,272.4,5,0.0,76.272,0.28
CA-2016-124016,2016-09-23,2016-09-26,JS-15940,OFF-PA-10002586,East,11.952,3,0.2,4.0338,0.3375
CA-2016-124016,2016-09-23,2016-09-26,JS-15940,FUR-FU-10004963,East,28.0,4,0.2,7.7,0.275
CA-2016-124016,2016-09-23,2016-09-26,JS-15940,OFF-BI-10002071,East,12.201,7,0.7,-9.7608,-0.7999999999999999
CA-2016-113551,2016-08-18,2016-08-20,NF-18385,OFF-BI-10001617,Central,2.068,1,0.8,-3.4122,-1.65
CA-2016-113551,2016-08-18,2016-08-20,NF-18385,OFF-PA-10004665,Central,83.84,8,0.2,30.392,0.3625
CA-2014-107524,2014-03-02,2014-03-08,KN-16705,OFF-EN-10001990,East,11.36,2,0.0,5.3392,0.47000000000000003
CA-2014-107524,2014-03-02,2014-03-08,KN-16705,OFF-PA-10000587,East,36.4,5,0.0,17.472,0.48000000000000004
CA-2014-138072,2014-12-30,2015-01-03,GA-14725,TEC-AC-10004859,East,27.968,2,0.2,6.992,0.25
CA-2015-134201,2015-04-10,2015-04-16,EH-14125,OFF-ST-10001476,East,142.04,4,0.0,38.3508,0.27
CA-2015-134201,2015-04-10,2015-04-16,EH-14125,OFF-AR-10002804,East,14.67,3,0.0,6.0147,0.41000000000000003
CA-2015-111780,2015-12-25,2015-12-30,RA-19285,TEC-CO-10004202,West,1199.96,5,0.2,224.9925,0.1875
CA-2015-111780,2015-12-25,2015-12-30,RA-19285,OFF-PA-10001307,West,12.6,3,0.0,6.174,0.49000000000000005
CA-2015-111780,2015-12-25,2015-12-30,RA-19285,OFF-PA-10001667,West,17.94,3,0.0,8.073,0.45
CA-2015-119942,2015-04-05,2015-04-07,TT-21070,OFF-LA-10001569,East,23.904,6,0.2,7.7688,0.325
CA-2015-151547,2015-01-17,2015-01-23,AH-10465,OFF-SU-10000898,South,88.96,8,0.2,10.008,0.1125
CA-2017-166695,2017-05-20,2017-05-24,CC-12430,FUR-CH-10000225,West,518.272,8,0.2,-97.176,-0.1875
CA-2017-166695,2017-05-20,2017-05-24,CC-12430,FUR-FU-10002191,West,6.98,1,0.0,3.3504,0.48
CA-2017-166695,2017-05-20,2017-05-24,CC-12430,TEC-MA-10003176,West,343.2,1,0.2,38.61,0.1125
CA-2017-167542,2017-08-13,2017-08-20,KD-16495,OFF-LA-10004093,East,17.544,3,0.2,5.9211,0.33749999999999997
CA-2015-120901,2015-12-31,2016-01-04,BG-11035,OFF-ST-10000025,Central,152.688,2,0.2,-26.7204,-0.17500000000000002
CA-2015-120901,2015-12-31,2016-01-04,BG-11035,OFF-FA-10001561,Central,3.488,2,0.2,0.5668,0.1625
CA-2015-120901,2015-12-31,2016-01-04,BG-11035,OFF-SU-10001225,Central,5.888,2,0.2,-1.3248,-0.225
CA-2017-121398,2017-12-25,2017-12-29,FH-14365,OFF-BI-10001718,West,153.552,3,0.2,51.8238,0.3375
CA-2017-121398,2017-12-25,2017-12-29,FH-14365,OFF-ST-10002756,West,270.62,2,0.0,2.7062,0.01
CA-2016-151561,2016-09-01,2016-09-07,PG-18820,TEC-AC-10001432,East,468.9,6,0.0,206.316,0.44
CA-2016-151561,2016-09-01,2016-09-07,PG-18820,TEC-AC-10003399,East,72.48,2,0.0,30.4416,0.42
CA-2016-151561,2016-09-01,2016-09-07,PG-18820,OFF-SU-10001574,East,10.95,3,0.0,3.285,0.30000000000000004
CA-2016-151561,2016-09-01,2016-09-07,PG-18820,FUR-FU-10004864,East,191.82,3,0.0,61.3824,0.32
CA-2017-154676,2017-08-05,2017-08-08,NZ-18565,OFF-ST-10001172,Central,151.056,9,0.2,7.5528,0.049999999999999996
US-2014-165589,2014-02-18,2014-02-18,TB-21595,FUR-FU-10002396,Central,25.16,5,0.6,-11.322,-0.44999999999999996
US-2016-132577,2016-11-22,2016-11-27,JE-15475,OFF-BI-10004040,Central,6.216,6,0.8,-9.6348,-1.55
US-2016-132577,2016-11-22,2016-11-27,JE-15475,OFF-AR-10003481,Central,23.616,9,0.2,2.6568,0.1125
US-2016-132577,2016-11-22,2016-11-27,JE-15475,TEC-AC-10000387,Central,24.032,2,0.2,-0.6008,-0.025
US-2016-132577,2016-11-22,2016-11-27,JE-15475,OFF-LA-10000262,Central,2.088,1,0.2,0.6786,0.32499999999999996
US-2016-132577,2016-11-22,2016-11-27,JE-15475,OFF-BI-10003196,Central,4.488,6,0.8,-6.732,-1.5
CA-2015-114048,2015-12-14,2015-12-18,EH-13945,FUR-FU-10004351,West,29.22,3,0.0,12.8568,0.44
CA-2015-137281,2015-06-13,2015-06-17,BF-10975,OFF-PA-10001870,South,6.48,1,0.0,3.1104,0.4799999999999999
US-2017-162068,2017-12-28,2017-12-31,PC-18745,OFF-BI-10002813,West,1.188,2,0.7,-0.99,-0.8333333333333334
CA-2017-100111,2017-09-20,2017-09-26,SV-20365,FUR-CH-10003846,East,272.646,3,0.1,18.1764,0.06666666666666667
CA-2017-100111,2017-09-20,2017-09-26,SV-20365,TEC-AC-10002647,East,212.8,2,0.0,95.76,0.45
CA-2017-100111,2017-09-20,2017-09-26,SV-20365,OFF-PA-10000807,East,38.52,9,0.0,18.1044,0.4699999999999999
CA-2017-100111,2017-09-20,2017-09-26,SV-20365,TEC-AC-10001465,East,72.64,2,0.0,21.792,0.30000000000000004
CA-2017-100111,2017-09-20,2017-09-26,SV-20365,OFF-ST-10000615,East,45.4,4,0.0,12.712,0.28
CA-2017-100111,2017-09-20,2017-09-26,SV-20365,OFF-PA-10002713,East,13.76,2,0.0,6.3296,0.46
CA-2017-100111,2017-09-20,2017-09-26,SV-20365,FUR-CH-10003061,East,80.991,1,0.1,8.0991,0.1
CA-2017-100111,2017-09-20,2017-09-26,SV-20365,OFF-BI-10000343,East,11.784,3,0.2,3.9771,0.33749999999999997
CA-2017-100111,2017-09-20,2017-09-26,SV-20365,OFF-FA-10000304,East,4.36,2,0.0,1.7876,0.41
CA-2017-100111,2017-09-20,2017-09-26,SV-20365,FUR-CH-10004086,East,2888.127,11,0.1,609.7157,0.2111111111111111
CA-2017-100111,2017-09-20,2017-09-26,SV-20365,TEC-PH-10002885,East,1299.66,2,0.0,350.9082,0.27
CA-2017-100111,2017-09-20,2017-09-26,SV-20365,FUR-CH-10001215,East,2254.41,5,0.1,375.735,0.16666666666666669
CA-2017-100111,2017-09-20,2017-09-26,SV-20365,TEC-PH-10000215,East,104.85,3,0.0,28.3095,0.27
CA-2017-100111,2017-09-20,2017-09-26,SV-20365,TEC-AC-10001998,East,59.97,3,0.0,20.3898,0.34
US-2017-132381,2017-08-22,2017-08-24,Dp-13240,FUR-TA-10002356,East,314.532,2,0.4,-83.8752,-0.2666666666666667
CA-2015-147011,2015-06-18,2015-06-22,HR-14830,OFF-AR-10002399,South,13.632,4,0.2,3.5784,0.2625
CA-2014-120852,2014-12-20,2014-12-25,WB-21850,OFF-AP-10001563,Central,19.432,2,0.8,-49.5516,-2.5500000000000003
CA-2014-120852,2014-12-20,2014-12-25,WB-21850,TEC-AC-10004510,Central,65.44,5,0.2,-8.18,-0.125
CA-2016-150007,2016-09-11,2016-09-16,AS-10090,OFF-LA-10001982,Central,6.0,2,0.2,2.1,0.35000000000000003
CA-2016-150007,2016-09-11,2016-09-16,AS-10090,OFF-BI-10004141,Central,1.908,3,0.8,-3.2436,-1.7
CA-2016-124590,2016-11-12,2016-11-16,SP-20920,FUR-CH-10004495,East,1474.802,7,0.3,-21.0686,-0.014285714285714287
CA-2016-124590,2016-11-12,2016-11-16,SP-20920,OFF-AP-10002311,East,110.096,2,0.2,33.0288,0.3
CA-2016-124590,2016-11-12,2016-11-16,SP-20920,OFF-FA-10000585,East,16.752,6,0.2,5.4444,0.325
CA-2016-124590,2016-11-12,2016-11-16,SP-20920,FUR-CH-10000454,East,1537.074,9,0.3,0.0,0.0
CA-2016-124590,2016-11-12,2016-11-16,SP-20920,FUR-CH-10003746,East,449.372,2,0.3,-12.8392,-0.02857142857142857
CA-2016-133802,2016-03-14,2016-03-20,SP-20650,OFF-BI-10003291,West,41.904,6,0.2,14.1426,0.33749999999999997
US-2016-113677,2016-11-13,2016-11-19,CM-12655,TEC-PH-10002114,East,2279.96,4,0.0,592.7896,0.25999999999999995
US-2016-113677,2016-11-13,2016-11-19,CM-12655,OFF-LA-10001569,East,14.94,3,0.0,6.8724,0.46
CA-2017-143378,2017-09-19,2017-09-25,JR-16210,TEC-PH-10001425,West,191.976,3,0.2,19.1976,0.1
CA-2017-143378,2017-09-19,2017-09-25,JR-16210,OFF-AR-10001915,West,23.832,3,0.2,6.5538,0.27499999999999997
CA-2017-143378,2017-09-19,2017-09-25,JR-16210,FUR-FU-10004864,West,409.216,8,0.2,61.3824,0.15
CA-2017-143378,2017-09-19,2017-09-25,JR-16210,FUR-BO-10001972,West,72.588,2,0.7,-128.2388,-1.7666666666666668
CA-2017-152660,2017-12-04,2017-12-09,CB-12415,OFF-ST-10000532,Central,61.568,2,0.2,4.6176,0.07500000000000001
CA-2015-142139,2015-08-31,2015-09-05,SD-20485,OFF-PA-10003883,Central,20.96,4,0.2,6.812,0.325
CA-2017-145772,2017-06-03,2017-06-07,SS-20140,TEC-AC-10003038,West,44.75,5,0.0,8.5025,0.19
CA-2017-145772,2017-06-03,2017-06-07,SS-20140,OFF-PA-10001593,West,11.96,2,0.0,5.382,0.44999999999999996
CA-2017-145772,2017-06-03,2017-06-07,SS-20140,OFF-BI-10002049,West,3.912,1,0.2,1.2714,0.325
CA-2016-124100,2016-03-31,2016-04-06,EH-13990,FUR-CH-10003817,East,327.996,6,0.1,54.666,0.16666666666666666
US-2014-158400,2014-10-25,2014-10-28,AH-10030,OFF-BI-10002353,West,49.408,4,0.2,18.528,0.37499999999999994
CA-2017-162033,2017-03-26,2017-04-02,EM-14200,TEC-AC-10003116,South,53.25,3,0.0,20.7675,0.38999999999999996
CA-2017-162033,2017-03-26,2017-04-02,EM-14200,OFF-FA-10003021,South,3.76,2,0.0,1.316,0.35000000000000003
CA-2014-163447,2014-12-27,2014-12-31,TB-21190,FUR-CH-10004477,East,767.214,14,0.1,161.9674,0.21111111111111108
CA-2017-145737,2017-09-15,2017-09-20,AB-10165,OFF-PA-10001033,South,163.96,5,0.2,59.4355,0.3625
CA-2016-148096,2016-08-16,2016-08-19,AO-10810,FUR-TA-10004152,West,161.28,2,0.2,12.096,0.075
CA-2016-146766,2016-11-04,2016-11-04,TT-21220,OFF-AR-10002135,West,192.8,4,0.0,55.912,0.29
CA-2015-105613,2015-10-18,2015-10-22,KN-16705,TEC-AC-10000521,Central,27.696,3,0.2,3.462,0.125
CA-2015-105613,2015-10-18,2015-10-22,KN-16705,OFF-AP-10000026,Central,73.164,6,0.8,-186.5682,-2.55
US-2016-142251,2016-10-31,2016-11-04,FO-14305,OFF-PA-10002986,South,32.064,6,0.2,11.2224,0.35000000000000003
CA-2014-131247,2014-03-30,2014-04-04,GA-14725,FUR-BO-10001337,West,205.666,2,0.15,-12.098,-0.05882352941176471
US-2015-113593,2015-04-18,2015-04-20,NC-18415,OFF-ST-10000532,West,115.44,3,0.0,30.0144,0.26
CA-2017-121083,2017-07-09,2017-07-15,JF-15190,OFF-PA-10001497,East,274.8,5,0.0,134.652,0.48999999999999994
CA-2017-121083,2017-07-09,2017-07-15,JF-15190,OFF-ST-10002554,East,195.64,4,0.0,3.9128,0.02
CA-2017-121083,2017-07-09,2017-07-15,JF-15190,TEC-PH-10001336,East,257.98,2,0.0,74.8142,0.29
CA-2017-121083,2017-07-09,2017-07-15,JF-15190,OFF-AR-10002987,East,119.04,6,0.0,48.8064,0.41
CA-2017-151190,2017-06-27,2017-07-01,GT-14710,OFF-PA-10000575,Central,20.07,3,0.0,9.2322,0.46
CA-2014-133543,2014-12-22,2014-12-26,KM-16660,OFF-AR-10003394,West,11.76,4,0.0,3.1752,0.26999999999999996
CA-2017-105130,2017-11-21,2017-11-25,PJ-18835,OFF-AR-10003394,West,11.76,4,0.0,3.1752,0.26999999999999996
CA-2017-105130,2017-11-21,2017-11-25,PJ-18835,OFF-BI-10001191,West,40.736,2,0.2,14.7668,0.36250000000000004
CA-2016-161928,2016-06-27,2016-06-29,AC-10660,TEC-PH-10003484,West,201.584,2,0.2,12.599,0.0625
CA-2017-101322,2017-12-28,2017-12-31,JG-15310,FUR-CH-10003968,West,340.704,6,0.2,-34.0704,-0.09999999999999999
US-2016-106600,2016-04-08,2016-04-11,RM-19375,FUR-BO-10001608,South,354.9,5,0.0,88.725,0.25
CA-2014-111871,2014-03-18,2014-03-21,EK-13795,FUR-BO-10004218,West,1198.33,10,0.15,70.49,0.058823529411764705
CA-2017-139437,2017-07-03,2017-07-08,RD-19585,OFF-ST-10002485,West,87.92,4,0.0,0.8792,0.01
CA-2017-151484,2017-04-20,2017-04-23,CV-12805,FUR-FU-10001876,East,51.968,2,0.2,10.3936,0.19999999999999998
CA-2017-151484,2017-04-20,2017-04-23,CV-12805,OFF-ST-10002370,East,51.336,3,0.2,5.7753,0.1125
CA-2017-151484,2017-04-20,2017-04-23,CV-12805,OFF-ST-10000142,East,332.704,1,0.2,33.2704,0.1
CA-2017-151484,2017-04-20,2017-04-23,CV-12805,FUR-FU-10004671,East,42.408,3,0.2,9.5418,0.225
CA-2016-104150,2016-08-03,2016-08-05,AG-10330,OFF-EN-10002504,Central,81.54,3,0.0,38.3238,0.47
CA-2016-104150,2016-08-03,2016-08-05,AG-10330,TEC-AC-10004803,Central,167.28,12,0.0,23.4192,0.13999999999999999
CA-2016-161025,2016-12-03,2016-12-09,GM-14440,OFF-ST-10001932,West,772.68,4,0.0,108.1752,0.14
CA-2014-103989,2014-03-19,2014-03-21,MC-17605,TEC-PH-10004667,South,323.976,3,0.2,28.3479,0.0875
CA-2014-103989,2014-03-19,2014-03-21,MC-17605,OFF-LA-10000443,South,11.808,4,0.2,3.9852,0.33749999999999997
CA-2014-103989,2014-03-19,2014-03-21,MC-17605,OFF-ST-10000918,South,26.16,3,0.2,1.962,0.075
CA-2014-103989,2014-03-19,2014-03-21,MC-17605,OFF-BI-10001196,South,33.57,5,0.7,-25.737,-0.7666666666666666
CA-2014-103989,2014-03-19,2014-03-21,MC-17605,FUR-FU-10003981,South,4.992,3,0.2,1.3728,0.275
CA-2014-103989,2014-03-19,2014-03-21,MC-17605,FUR-FU-10002508,South,20.016,3,0.2,5.5044,0.275
CA-2014-103989,2014-03-19,2014-03-21,MC-17605,TEC-AC-10002647,South,170.24,2,0.2,53.2,0.3125
CA-2015-142433,2015-04-20,2015-04-25,ES-14020,OFF-PA-10002377,Central,117.456,3,0.2,44.046,0.375
CA-2015-132815,2015-09-19,2015-09-22,RW-19540,OFF-PA-10004530,West,22.96,2,0.0,11.2504,0.49
CA-2014-101266,2014-08-27,2014-08-30,MM-17920,OFF-PA-10002986,South,13.36,2,0.0,6.4128,0.48
CA-2016-141523,2016-12-19,2016-12-24,MH-17440,OFF-BI-10000948,East,34.248,3,0.2,11.5587,0.3375
CA-2016-141523,2016-12-19,2016-12-24,MH-17440,OFF-AR-10001545,East,3.52,2,0.0,1.0208,0.29
US-2014-106299,2014-08-02,2014-08-08,NZ-18565,OFF-BI-10001758,Central,26.7,5,0.0,12.549,0.47
US-2014-106299,2014-08-02,2014-08-08,NZ-18565,TEC-AC-10003237,Central,21.2,2,0.0,9.116,0.43
US-2014-106299,2014-08-02,2014-08-08,NZ-18565,OFF-ST-10002011,Central,838.38,2,0.0,226.3626,0.26999999999999996
CA-2015-158421,2015-09-21,2015-09-26,GB-14575,FUR-CH-10000309,South,1690.04,4,0.0,422.51,0.25
CA-2015-158421,2015-09-21,2015-09-26,GB-14575,OFF-ST-10002444,South,85.96,7,0.0,24.0688,0.28
CA-2015-158421,2015-09-21,2015-09-26,GB-14575,OFF-EN-10001453,South,121.96,2,0.0,57.3212,0.47000000000000003
CA-2015-158421,2015-09-21,2015-09-26,GB-14575,OFF-PA-10001801,South,23.92,4,0.0,11.7208,0.49
CA-2015-158421,2015-09-21,2015-09-26,GB-14575,OFF-ST-10000563,South,63.96,2,0.0,6.396,0.09999999999999999
CA-2015-158421,2015-09-21,2015-09-26,GB-14575,TEC-PH-10000369,South,629.95,5,0.0,176.386,0.27999999999999997
CA-2015-158421,2015-09-21,2015-09-26,GB-14575,TEC-PH-10002538,South,113.73,3,0.0,32.9817,0.29
CA-2015-158421,2015-09-21,2015-09-26,GB-14575,OFF-BI-10000050,South,14.6,2,0.0,6.862,0.47000000000000003
CA-2015-158421,2015-09-21,2015-09-26,GB-14575,OFF-ST-10004186,South,887.84,8,0.0,17.7568,0.019999999999999997
CA-2016-143609,2016-12-11,2016-12-13,DB-13270,FUR-CH-10004218,West,403.92,5,0.2,25.245,0.0625
CA-2015-138331,2015-08-07,2015-08-12,JK-15625,OFF-AR-10002952,East,106.8,10,0.2,10.68,0.1
CA-2015-138954,2015-11-15,2015-11-17,MH-17785,OFF-ST-10003058,East,70.95,3,0.0,20.5755,0.29000000000000004
CA-2015-138954,2015-11-15,2015-11-17,MH-17785,OFF-BI-10003963,East,34.944,6,0.2,11.7936,0.33749999999999997
CA-2015-138954,2015-11-15,2015-11-17,MH-17785,OFF-AR-10001955,East,119.04,6,0.0,35.712,0.3
CA-2017-157903,2017-04-04,2017-04-08,AM-10705,TEC-PH-10004345,Central,383.84,4,0.2,47.98,0.125
CA-2016-157259,2016-12-24,2016-12-28,JM-15535,FUR-FU-10003192,East,799.56,9,0.0,207.8856,0.26
CA-2017-107986,2017-12-13,2017-12-13,MW-18220,OFF-ST-10001325,West,31.44,3,0.0,8.4888,0.26999999999999996
CA-2017-104927,2017-12-22,2017-12-26,AG-10330,OFF-PA-10000019,Central,25.92,5,0.2,9.072,0.3499999999999999
CA-2017-104927,2017-12-22,2017-12-26,AG-10330,OFF-BI-10003429,Central,6.33,5,0.8,-9.8115,-1.55
CA-2017-104927,2017-12-22,2017-12-26,AG-10330,OFF-PA-10000176,Central,75.88,5,0.2,26.558,0.35000000000000003
CA-2017-113453,2017-10-21,2017-10-28,CM-12160,TEC-PH-10004165,East,329.988,2,0.4,-76.9972,-0.23333333333333336
CA-2017-113453,2017-10-21,2017-10-28,CM-12160,OFF-ST-10000352,East,71.376,3,0.2,-4.461,-0.0625
CA-2015-149909,2015-11-13,2015-11-17,RA-19915,OFF-PA-10000726,Central,63.77,7,0.0,28.6965,0.44999999999999996
CA-2015-149909,2015-11-13,2015-11-17,RA-19915,TEC-PH-10001536,Central,50.97,3,0.0,13.2522,0.26
CA-2015-149909,2015-11-13,2015-11-17,RA-19915,OFF-PA-10001790,Central,96.08,2,0.0,46.1184,0.48000000000000004
CA-2015-146675,2015-04-16,2015-04-20,SB-20185,TEC-CO-10001766,Central,1439.968,4,0.2,485.9892,0.33749999999999997
CA-2015-146675,2015-04-16,2015-04-20,SB-20185,TEC-AC-10004396,Central,43.56,3,0.2,-4.9005,-0.1125
CA-2016-118332,2016-12-16,2016-12-23,PK-19075,FUR-CH-10001708,West,563.92,5,0.2,7.049,0.012500000000000002
CA-2016-133669,2016-10-21,2016-10-27,SV-20935,TEC-PH-10001305,East,235.152,8,0.4,-47.0304,-0.2
CA-2017-145660,2017-12-01,2017-12-03,MG-17650,FUR-FU-10002885,East,7.712,2,0.2,1.7352,0.225
CA-2016-133697,2016-10-20,2016-10-24,CM-12445,OFF-PA-10000726,Central,51.016,7,0.2,15.9425,0.3125
CA-2016-133697,2016-10-20,2016-10-24,CM-12445,OFF-FA-10003112,Central,25.248,4,0.2,7.89,0.3125
CA-2016-133697,2016-10-20,2016-10-24,CM-12445,FUR-CH-10002372,Central,56.686,1,0.3,-14.5764,-0.2571428571428571
CA-2017-148138,2017-09-29,2017-10-03,ME-18010,OFF-ST-10000563,East,51.168,2,0.2,-6.396,-0.125
CA-2017-119809,2017-08-18,2017-08-25,YS-21880,OFF-BI-10003925,West,2793.528,9,0.2,942.8157,0.3375
CA-2017-119809,2017-08-18,2017-08-25,YS-21880,OFF-ST-10003306,West,1000.02,7,0.0,290.0058,0.29000000000000004
CA-2017-119809,2017-08-18,2017-08-25,YS-21880,FUR-FU-10001475,West,65.94,3,0.0,22.4196,0.34
CA-2017-149944,2017-11-12,2017-11-16,MB-17305,OFF-FA-10003495,West,18.24,3,0.0,9.12,0.5
CA-2017-149944,2017-11-12,2017-11-16,MB-17305,OFF-AP-10004708,West,76.12,2,0.0,22.0748,0.29
CA-2014-128538,2014-10-11,2014-10-15,AS-10240,OFF-EN-10001219,West,7.64,1,0.0,3.7436,0.49
CA-2015-161711,2015-11-28,2015-12-03,MC-17425,FUR-FU-10000087,East,68.16,3,0.0,27.9456,0.41000000000000003
CA-2015-161711,2015-11-28,2015-12-03,MC-17425,OFF-EN-10001539,East,62.24,8,0.0,29.2528,0.47
US-2015-129553,2015-07-27,2015-08-02,PG-18820,TEC-PH-10004897,South,29.97,3,0.0,0.2997,0.010000000000000002
CA-2016-160220,2016-10-20,2016-10-26,JS-16030,TEC-PH-10001300,Central,125.7,6,0.0,35.196,0.27999999999999997
CA-2016-160220,2016-10-20,2016-10-26,JS-16030,TEC-PH-10001557,Central,191.98,2,0.0,51.8346,0.27
CA-2016-160220,2016-10-20,2016-10-26,JS-16030,OFF-ST-10000617,Central,20.86,7,0.0,1.4602,0.06999999999999999
US-2017-157224,2017-09-14,2017-09-18,JB-16000,OFF-LA-10000121,West,56.7,9,0.0,26.082,0.45999999999999996
CA-2017-140627,2017-12-23,2017-12-27,DK-12985,FUR-FU-10000087,South,72.704,4,0.2,19.0848,0.26250000000000007
CA-2017-140627,2017-12-23,2017-12-27,DK-12985,OFF-AR-10000422,South,12.264,7,0.2,1.0731,0.0875
CA-2017-140627,2017-12-23,2017-12-27,DK-12985,OFF-ST-10004123,South,218.352,3,0.2,-54.588,-0.25
CA-2015-133445,2015-10-05,2015-10-09,JF-15490,FUR-BO-10003660,West,66.294,1,0.7,-103.8606,-1.5666666666666669
CA-2015-133445,2015-10-05,2015-10-09,JF-15490,FUR-CH-10000422,West,291.168,4,0.2,-14.5584,-0.05
CA-2014-148782,2014-11-02,2014-11-07,PO-18850,TEC-PH-10002923,Central,88.776,3,0.2,7.7679,0.08750000000000001
CA-2016-148208,2016-01-22,2016-01-27,BT-11530,TEC-PH-10004093,East,110.376,4,0.4,-20.2356,-0.18333333333333335
CA-2016-148208,2016-01-22,2016-01-27,BT-11530,TEC-AC-10000171,East,55.176,3,0.2,15.8631,0.2875
CA-2017-127656,2017-07-11,2017-07-17,NW-18400,OFF-AR-10001166,Central,30.32,4,0.0,11.8248,0.39
US-2017-142188,2017-09-11,2017-09-11,JF-15415,FUR-CH-10003199,West,177.568,2,0.2,8.8784,0.04999999999999999
US-2017-142188,2017-09-11,2017-09-11,JF-15415,OFF-PA-10002005,West,19.44,3,0.0,9.3312,0.48000000000000004
US-2017-142188,2017-09-11,2017-09-11,JF-15415,OFF-PA-10004101,West,71.28,11,0.0,34.2144,0.48
US-2017-142188,2017-09-11,2017-09-11,JF-15415,OFF-BI-10004600,West,1471.96,5,0.2,459.9875,0.3125
US-2017-142188,2017-09-11,2017-09-11,JF-15415,TEC-PH-10000127,West,79.96,5,0.2,-17.991,-0.225
CA-2016-144400,2016-02-23,2016-02-27,AC-10420,OFF-EN-10004386,East,57.576,3,0.2,21.591,0.375
US-2016-155180,2016-01-22,2016-01-29,TB-21280,OFF-BI-10004506,East,26.336,4,0.2,9.2176,0.35
CA-2015-134075,2015-12-12,2015-12-16,HA-14905,FUR-FU-10004597,West,166.5,3,0.0,21.645,0.13
CA-2015-134075,2015-12-12,2015-12-16,HA-14905,OFF-ST-10001496,West,360.38,2,0.0,93.6988,0.26
US-2016-131912,2016-10-29,2016-11-01,LH-17155,OFF-BI-10004236,West,11.744,1,0.2,3.8168,0.325
CA-2017-141572,2017-05-28,2017-05-31,LO-17170,FUR-FU-10001185,East,247.44,8,0.0,101.4504,0.41000000000000003
CA-2014-134621,2014-12-21,2014-12-28,DP-13390,OFF-BI-10000977,South,18.24,2,0.7,-14.592,-0.8
CA-2016-165561,2016-11-24,2016-11-28,CR-12580,OFF-SU-10004782,West,25.35,3,0.0,7.605,0.3
CA-2015-112305,2015-11-20,2015-11-25,KB-16405,OFF-AR-10002067,West,119.04,6,0.0,30.9504,0.25999999999999995
CA-2015-112305,2015-11-20,2015-11-25,KB-16405,FUR-FU-10002364,West,22.14,3,0.0,6.4206,0.29
CA-2015-112305,2015-11-20,2015-11-25,KB-16405,TEC-AC-10002018,West,13.98,2,0.0,6.0114,0.43
CA-2017-121580,2017-05-29,2017-06-04,ML-17410,OFF-BI-10000632,Central,43.41,1,0.0,19.9686,0.46
CA-2017-121580,2017-05-29,2017-06-04,ML-17410,FUR-FU-10003981,Central,6.24,3,0.0,2.6208,0.42
CA-2017-121580,2017-05-29,2017-06-04,ML-17410,OFF-AP-10001564,Central,465.16,2,0.0,120.9416,0.25999999999999995
CA-2017-121580,2017-05-29,2017-06-04,ML-17410,OFF-PA-10004082,Central,7.98,1,0.0,3.99,0.5
CA-2014-101147,2014-12-02,2014-12-04,MC-17575,OFF-AP-10004249,Central,2.394,1,0.8,-6.3441,-2.65
CA-2014-165806,2014-04-07,2014-04-07,VM-21685,OFF-PA-10003441,South,58.32,9,0.0,27.9936,0.48
CA-2014-165806,2014-04-07,2014-04-07,VM-21685,TEC-PH-10004922,South,200.97,3,0.0,50.2425,0.25
CA-2015-151624,2015-09-08,2015-09-14,VW-21775,FUR-FU-10001731,South,21.36,8,0.0,8.1168,0.38
CA-2017-139444,2017-09-09,2017-09-15,GK-14620,OFF-LA-10000134,Central,9.856,4,0.2,3.4496,0.35000000000000003
CA-2015-133977,2015-09-06,2015-09-08,AT-10435,OFF-BI-10003166,South,3.444,1,0.7,-2.5256,-0.7333333333333333
CA-2017-141425,2017-11-02,2017-11-06,AR-10825,OFF-SU-10000646,East,384.592,2,0.2,-81.7258,-0.21250000000000002
CA-2015-133536,2015-03-28,2015-03-30,JH-15820,OFF-EN-10004459,East,22.92,3,0.0,11.2308,0.49
CA-2015-150441,2015-08-13,2015-08-17,RA-19285,OFF-BI-10003529,Central,11.36,4,0.0,5.5664,0.49
CA-2015-162607,2015-05-12,2015-05-18,RO-19780,OFF-BI-10002949,West,14.592,3,0.2,4.9248,0.3375
CA-2017-103506,2017-07-23,2017-07-27,LR-17035,OFF-LA-10001158,East,41.4,4,0.0,19.872,0.48000000000000004
CA-2016-132479,2016-09-24,2016-09-26,MK-17905,OFF-BI-10004584,Central,442.372,7,0.8,-729.9138,-1.6500000000000001
CA-2017-160724,2017-05-05,2017-05-10,YS-21880,OFF-BI-10004965,South,34.5,3,0.0,15.525,0.45
US-2016-115952,2016-10-06,2016-10-06,JH-15910,OFF-BI-10004654,Central,28.85,5,0.0,14.425,0.5
CA-2014-146731,2014-11-03,2014-11-08,AT-10735,OFF-PA-10000141,South,3.488,2,0.2,1.1772,0.3375
CA-2014-146731,2014-11-03,2014-11-08,AT-10735,OFF-PA-10001019,South,143.856,9,0.2,48.5514,0.3375
CA-2015-115392,2015-10-01,2015-10-04,RM-19675,TEC-PH-10002496,East,311.98,2,0.0,93.594,0.3
CA-2015-115392,2015-10-01,2015-10-04,RM-19675,OFF-BI-10000829,East,22.45,5,0.0,10.327,0.46
CA-2017-102379,2017-12-02,2017-12-06,BB-11545,TEC-PH-10001448,West,39.992,1,0.2,-7.9984,-0.2
CA-2017-102379,2017-12-02,2017-12-06,BB-11545,FUR-CH-10004983,West,1159.056,9,0.2,43.4646,0.0375
CA-2017-102379,2017-12-02,2017-12-06,BB-11545,OFF-AR-10004022,West,179.9,5,0.0,44.975,0.25
CA-2017-149706,2017-12-11,2017-12-12,AS-10285,TEC-AC-10001284,Central,116.312,7,0.2,23.2624,0.2
US-2016-139087,2016-07-17,2016-07-22,DK-13375,FUR-FU-10001847,West,12.42,3,0.0,4.4712,0.36
US-2016-139087,2016-07-17,2016-07-22,DK-13375,TEC-AC-10004595,West,428.4,3,0.0,89.964,0.21000000000000002
US-2016-139087,2016-07-17,2016-07-22,DK-13375,FUR-FU-10004164,West,24.75,5,0.0,10.89,0.44
US-2016-139087,2016-07-17,2016-07-22,DK-13375,OFF-LA-10001074,West,87.71,7,0.0,41.2237,0.47000000000000003
US-2016-139087,2016-07-17,2016-07-22,DK-13375,OFF-ST-10000604,West,69.52,2,0.0,17.38,0.25
US-2016-139087,2016-07-17,2016-07-22,DK-13375,TEC-PH-10000148,West,20.784,2,0.2,-4.6764,-0.225
US-2016-139087,2016-07-17,2016-07-22,DK-13375,OFF-BI-10000042,West,12.816,3,0.2,4.1652,0.32499999999999996
CA-2017-152226,2017-05-12,2017-05-16,JH-15910,OFF-LA-10000443,East,5.904,2,0.2,1.9926,0.33749999999999997
CA-2015-116484,2015-11-20,2015-11-26,JK-15205,FUR-FU-10002874,East,63.824,2,0.2,9.5736,0.15000000000000002
CA-2015-116484,2015-11-20,2015-11-26,JK-15205,OFF-ST-10003994,East,141.552,3,0.2,-26.541,-0.1875
CA-2016-100944,2016-09-24,2016-09-28,EH-13765,OFF-EN-10001453,West,304.9,5,0.0,143.303,0.47000000000000003
CA-2016-100944,2016-09-24,2016-09-28,EH-13765,FUR-CH-10000988,West,563.24,5,0.2,56.324,0.09999999999999999
CA-2016-125080,2016-10-21,2016-10-26,VW-21775,FUR-TA-10003238,East,661.176,2,0.4,-231.4116,-0.35
CA-2016-121020,2016-10-24,2016-10-31,CG-12040,TEC-PH-10001061,South,239.976,3,0.2,17.9982,0.075
CA-2014-100090,2014-07-08,2014-07-12,EB-13705,FUR-TA-10003715,West,502.488,3,0.2,-87.9354,-0.17500000000000002
CA-2014-100090,2014-07-08,2014-07-12,EB-13705,OFF-BI-10001597,West,196.704,6,0.2,68.8464,0.35
US-2015-139675,2015-03-13,2015-03-18,NF-18595,FUR-CH-10004063,West,915.136,4,0.2,102.9528,0.1125
US-2015-139675,2015-03-13,2015-03-18,NF-18595,FUR-FU-10001979,West,327.76,8,0.0,91.7728,0.28
CA-2017-143756,2017-12-02,2017-12-05,ME-17725,FUR-CH-10001854,South,701.96,2,0.0,168.4704,0.24
CA-2015-151253,2015-04-22,2015-04-26,AZ-10750,TEC-PH-10002923,West,88.776,3,0.2,7.7679,0.08750000000000001
CA-2015-151253,2015-04-22,2015-04-26,AZ-10750,OFF-AR-10004691,West,64.14,3,0.0,16.6764,0.26
CA-2014-141152,2014-09-16,2014-09-19,RF-19345,OFF-BI-10002931,East,33.552,1,0.2,12.582,0.375
CA-2014-141313,2014-12-28,2015-01-01,AJ-10780,OFF-AP-10002651,East,1737.18,6,0.0,503.7822,0.29
CA-2014-141313,2014-12-28,2015-01-01,AJ-10780,OFF-ST-10000689,East,704.25,5,0.0,84.51,0.12000000000000001
CA-2014-141313,2014-12-28,2015-01-01,AJ-10780,OFF-PA-10003302,East,141.76,4,0.0,66.6272,0.47000000000000003
CA-2014-169852,2014-10-21,2014-10-26,SF-20965,OFF-BI-10001460,West,36.36,3,0.2,12.2715,0.3375
CA-2017-107314,2017-11-30,2017-12-03,MZ-17335,FUR-FU-10003489,West,25.83,3,0.0,9.5571,0.37000000000000005
US-2014-161305,2014-06-06,2014-06-12,SB-20170,OFF-BI-10002794,Central,24.588,3,0.8,-38.1114,-1.55
US-2014-161305,2014-06-06,2014-06-12,SB-20170,OFF-EN-10000461,Central,13.984,2,0.2,4.7196,0.33749999999999997
CA-2017-166919,2017-11-23,2017-11-27,AH-10210,TEC-PH-10001305,Central,195.96,5,0.2,19.596,0.09999999999999999
CA-2017-162712,2017-06-18,2017-06-20,NK-18490,OFF-PA-10000167,Central,74.352,3,0.2,23.235,0.3125
CA-2017-107552,2017-05-05,2017-05-05,AI-10855,OFF-PA-10002947,East,6.68,1,0.0,3.2064,0.48
CA-2016-163328,2016-11-04,2016-11-06,TP-21565,OFF-SU-10002301,West,17.584,7,0.2,-4.1762,-0.2375
CA-2016-163328,2016-11-04,2016-11-06,TP-21565,FUR-CH-10003298,West,104.784,1,0.2,-14.4078,-0.13749999999999998
CA-2016-163328,2016-11-04,2016-11-06,TP-21565,OFF-PA-10004353,West,47.952,3,0.2,16.7832,0.35000000000000003
CA-2016-163328,2016-11-04,2016-11-06,TP-21565,FUR-CH-10000229,West,650.352,3,0.2,-97.5528,-0.15000000000000002
CA-2016-163328,2016-11-04,2016-11-06,TP-21565,OFF-LA-10003930,West,629.184,8,0.2,228.0792,0.3625
CA-2016-163328,2016-11-04,2016-11-06,TP-21565,OFF-PA-10000176,West,15.176,1,0.2,5.3116,0.35000000000000003
CA-2014-112837,2014-09-11,2014-09-16,LW-17125,FUR-FU-10004006,West,127.95,3,0.0,21.7515,0.16999999999999998
CA-2017-120019,2017-02-16,2017-02-21,NG-18355,OFF-ST-10001932,East,579.51,3,0.0,81.1314,0.14
CA-2017-120019,2017-02-16,2017-02-21,NG-18355,TEC-PH-10000923,East,14.99,1,0.0,7.3451,0.49000000000000005
CA-2014-100762,2014-11-24,2014-11-29,NG-18355,OFF-AR-10000380,Central,151.92,4,0.0,45.576,0.30000000000000004
CA-2014-100762,2014-11-24,2014-11-29,NG-18355,OFF-LA-10003930,Central,196.62,2,0.0,96.3438,0.49
CA-2014-100762,2014-11-24,2014-11-29,NG-18355,OFF-PA-10001815,Central,144.12,3,0.0,69.1776,0.48
CA-2014-100762,2014-11-24,2014-11-29,NG-18355,OFF-PA-10004082,Central,15.96,2,0.0,7.98,0.5
CA-2017-161459,2017-11-25,2017-11-29,EB-13750,TEC-PH-10004071,West,39.96,5,0.2,3.4965,0.08750000000000001
CA-2017-161459,2017-11-25,2017-11-29,EB-13750,OFF-PA-10002377,West,34.08,6,0.0,15.336,0.45
CA-2017-160017,2017-09-28,2017-10-02,SP-20860,OFF-PA-10001800,South,10.368,2,0.2,3.6288,0.35
CA-2014-123316,2014-10-13,2014-10-17,SP-20545,OFF-BI-10002764,East,7.752,3,0.2,2.8101,0.3625
CA-2014-141299,2014-06-03,2014-06-07,RB-19795,OFF-EN-10004459,Central,15.28,2,0.0,7.4872,0.49
CA-2014-104402,2014-06-17,2014-06-23,DB-13660,TEC-MA-10000423,East,65.97,3,0.0,31.0059,0.47000000000000003
CA-2015-110289,2015-10-29,2015-11-02,NB-18655,OFF-PA-10002986,West,33.4,5,0.0,16.032,0.48000000000000004
CA-2015-110289,2015-10-29,2015-11-02,NB-18655,OFF-EN-10001434,West,210.84,4,0.0,103.3116,0.49
CA-2014-167927,2014-01-20,2014-01-26,XP-21865,OFF-ST-10000760,Central,13.98,1,0.0,4.0542,0.29
CA-2014-167927,2014-01-20,2014-01-26,XP-21865,FUR-FU-10002918,Central,272.94,3,0.0,30.0234,0.11
CA-2014-167927,2014-01-20,2014-01-26,XP-21865,OFF-BI-10000605,Central,19.05,5,0.0,8.9535,0.47
CA-2014-167927,2014-01-20,2014-01-26,XP-21865,OFF-AP-10002311,Central,247.716,4,0.1,93.5816,0.37777777777777777
CA-2014-167927,2014-01-20,2014-01-26,XP-21865,OFF-ST-10003123,Central,66.58,2,0.0,15.9792,0.24000000000000002
CA-2014-167927,2014-01-20,2014-01-26,XP-21865,OFF-AR-10004456,Central,43.92,3,0.0,12.7368,0.29
CA-2014-167927,2014-01-20,2014-01-26,XP-21865,FUR-FU-10002268,Central,14.73,3,0.0,4.8609,0.33
CA-2014-167927,2014-01-20,2014-01-26,XP-21865,OFF-BI-10004364,Central,29.7,5,0.0,13.365,0.45
CA-2014-133305,2014-07-11,2014-07-15,MH-17455,OFF-PA-10001970,East,49.12,4,0.0,23.0864,0.47000000000000003
CA-2014-133305,2014-07-11,2014-07-15,MH-17455,OFF-BI-10002954,East,18.28,5,0.2,6.398,0.35
CA-2016-165995,2016-08-30,2016-09-06,BG-11740,FUR-FU-10000672,West,47.04,4,0.0,15.9936,0.34
CA-2016-165995,2016-08-30,2016-09-06,BG-11740,TEC-PH-10004908,West,339.96,5,0.2,42.495,0.125
CA-2017-143112,2017-10-05,2017-10-09,TS-21370,TEC-PH-10003095,East,87.8,4,0.0,43.9,0.5
CA-2017-143112,2017-10-05,2017-10-09,TS-21370,FUR-CH-10002880,East,221.382,2,0.1,2.4598,0.011111111111111112
CA-2017-143112,2017-10-05,2017-10-09,TS-21370,TEC-MA-10001047,East,5199.96,4,0.0,1351.9896,0.26
US-2017-105830,2016-12-31,2017-01-02,DB-13660,OFF-ST-10002554,East,156.512,4,0.2,-35.2152,-0.225
CA-2015-146255,2015-03-07,2015-03-10,EM-14140,TEC-AC-10004469,East,119.85,3,0.0,52.734,0.44000000000000006
CA-2015-146255,2015-03-07,2015-03-10,EM-14140,OFF-BI-10000309,East,30.44,2,0.0,14.9156,0.49
CA-2015-146255,2015-03-07,2015-03-10,EM-14140,OFF-BI-10001765,East,69.28,2,0.0,33.2544,0.4799999999999999
CA-2015-146255,2015-03-07,2015-03-10,EM-14140,TEC-PH-10001619,East,587.97,3,0.0,170.5113,0.29
CA-2017-104822,2017-10-20,2017-10-20,RB-19465,OFF-LA-10002034,East,24.55,5,0.0,12.0295,0.49
CA-2015-104486,2015-05-01,2015-05-06,PO-18850,OFF-BI-10000309,West,12.176,1,0.2,4.4138,0.3625
CA-2015-104486,2015-05-01,2015-05-06,PO-18850,OFF-ST-10000876,West,37.32,3,0.0,10.4496,0.28
CA-2015-104486,2015-05-01,2015-05-06,PO-18850,OFF-SU-10002573,West,35.06,2,0.0,10.518,0.3
CA-2017-161557,2017-09-03,2017-09-08,AG-10900,FUR-FU-10004622,Central,108.4,5,0.6,-105.69,-0.975
CA-2017-161130,2017-11-03,2017-11-08,BF-11275,TEC-PH-10002549,South,361.376,2,0.2,27.1032,0.07500000000000001
US-2015-161347,2015-09-13,2015-09-19,HG-14845,OFF-BI-10004209,East,2.412,1,0.7,-2.01,-0.8333333333333333
US-2015-109015,2015-09-06,2015-09-12,BS-11590,OFF-AP-10001962,East,8.39,1,0.0,2.0975,0.25
US-2015-109015,2015-09-06,2015-09-12,BS-11590,TEC-PH-10002922,East,337.98,2,0.0,101.394,0.3
CA-2014-110611,2014-10-06,2014-10-13,JD-16015,OFF-ST-10000642,East,83.92,5,0.2,-13.637,-0.1625
CA-2017-139080,2017-01-23,2017-01-28,CS-12250,OFF-BI-10001757,West,19.68,5,0.2,6.888,0.35
CA-2017-139080,2017-01-23,2017-01-28,CS-12250,OFF-PA-10004621,West,25.92,4,0.0,12.4416,0.4799999999999999
CA-2017-139080,2017-01-23,2017-01-28,CS-12250,OFF-PA-10002262,West,6.48,1,0.0,3.1104,0.4799999999999999
CA-2017-139080,2017-01-23,2017-01-28,CS-12250,TEC-PH-10004100,West,86.352,6,0.2,8.6352,0.09999999999999999
CA-2015-115693,2015-12-10,2015-12-15,FC-14245,OFF-AR-10003582,West,56.3,2,0.0,15.764,0.28
US-2014-107993,2014-11-25,2014-11-30,SE-20110,OFF-AR-10003179,West,51.016,7,0.2,8.2901,0.1625
CA-2017-110443,2017-11-21,2017-11-25,CK-12205,OFF-BI-10001670,West,150.8,5,0.2,56.55,0.37499999999999994
CA-2017-110443,2017-11-21,2017-11-25,CK-12205,TEC-MA-10002073,West,1039.992,1,0.2,103.9992,0.1
CA-2017-110443,2017-11-21,2017-11-25,CK-12205,OFF-PA-10003797,West,51.84,8,0.0,24.8832,0.4799999999999999
CA-2017-144848,2017-04-04,2017-04-05,DS-13030,TEC-PH-10004006,East,41.22,1,0.0,11.1294,0.27
CA-2017-144848,2017-04-04,2017-04-05,DS-13030,OFF-SU-10000646,East,240.37,1,0.0,7.2111,0.03
CA-2017-144848,2017-04-04,2017-04-05,DS-13030,TEC-PH-10002262,East,119.02,2,0.0,33.3256,0.28
US-2017-147998,2017-05-19,2017-05-24,SA-20830,OFF-BI-10002082,West,133.12,5,0.2,49.92,0.375
CA-2016-103919,2016-10-03,2016-10-07,TP-21565,FUR-FU-10001756,Central,38.08,5,0.6,-29.512,-0.775
CA-2016-113425,2016-11-21,2016-11-21,JK-16120,FUR-BO-10002598,East,113.568,2,0.2,12.7764,0.1125
CA-2017-143035,2017-10-03,2017-10-05,CC-12430,FUR-FU-10001934,East,83.92,4,0.0,21.8192,0.25999999999999995
CA-2017-143035,2017-10-03,2017-10-05,CC-12430,OFF-AR-10001130,East,6.63,3,0.0,3.1161,0.47
CA-2017-143035,2017-10-03,2017-10-05,CC-12430,TEC-AC-10002049,East,371.97,3,0.0,66.9546,0.18
CA-2014-107811,2014-04-29,2014-05-03,LA-16780,FUR-CH-10001394,South,561.584,2,0.2,70.198,0.125
CA-2014-107811,2014-04-29,2014-05-03,LA-16780,OFF-ST-10000798,South,99.92,5,0.2,-1.249,-0.0125
CA-2016-163216,2016-10-07,2016-10-10,AW-10930,OFF-LA-10000134,East,4.928,2,0.2,1.7248,0.35000000000000003
US-2016-116442,2016-12-15,2016-12-22,BP-11230,FUR-FU-10002364,West,14.76,2,0.0,4.2804,0.29000000000000004
CA-2017-150623,2017-04-10,2017-04-14,DB-13360,TEC-AC-10004571,East,99.99,1,0.0,41.9958,0.42000000000000004
CA-2017-150623,2017-04-10,2017-04-14,DB-13360,OFF-ST-10003692,East,286.15,5,0.0,71.5375,0.25
US-2014-163797,2014-04-08,2014-04-13,PC-19000,OFF-FA-10001883,West,49.792,8,0.2,-11.8256,-0.2375
CA-2016-127236,2016-03-29,2016-04-02,TB-21595,FUR-BO-10004015,East,299.975,5,0.5,-167.986,-0.5599999999999999
CA-2016-127236,2016-03-29,2016-04-02,TB-21595,TEC-PH-10000141,East,158.376,4,0.4,-36.9544,-0.23333333333333334
US-2017-104661,2017-01-15,2017-01-18,TB-21250,OFF-BI-10001597,Central,32.784,4,0.8,-52.4544,-1.6
US-2017-104661,2017-01-15,2017-01-18,TB-21250,TEC-AC-10003628,Central,47.984,2,0.2,14.3952,0.3
US-2017-104661,2017-01-15,2017-01-18,TB-21250,TEC-AC-10002331,Central,62.592,8,0.2,13.3008,0.21250000000000002
US-2017-104661,2017-01-15,2017-01-18,TB-21250,OFF-BI-10001098,Central,4.276,1,0.8,-6.6278,-1.55
CA-2014-134103,2014-01-30,2014-02-04,MV-18190,OFF-PA-10001204,Central,10.56,2,0.0,4.752,0.44999999999999996
CA-2014-134103,2014-01-30,2014-02-04,MV-18190,OFF-ST-10000991,Central,229.94,2,0.0,6.8982,0.030000000000000002
CA-2015-147529,2015-02-07,2015-02-11,DK-12835,OFF-EN-10000056,South,311.15,5,0.0,146.2405,0.47000000000000003
CA-2015-147529,2015-02-07,2015-02-11,DK-12835,OFF-PA-10003349,South,12.96,2,0.0,6.3504,0.48999999999999994
CA-2016-129126,2016-12-14,2016-12-19,PK-19075,OFF-PA-10001471,East,14.62,2,0.0,6.7252,0.46
CA-2016-129126,2016-12-14,2016-12-19,PK-19075,OFF-LA-10003190,East,5.76,2,0.0,2.8224,0.49000000000000005
CA-2016-129126,2016-12-14,2016-12-19,PK-19075,OFF-FA-10000621,East,21.48,6,0.0,10.5252,0.49
CA-2016-129126,2016-12-14,2016-12-19,PK-19075,FUR-FU-10002937,East,396.92,4,0.0,198.46,0.5
CA-2016-129126,2016-12-14,2016-12-19,PK-19075,OFF-ST-10004507,East,17.15,1,0.0,4.6305,0.27
CA-2016-129126,2016-12-14,2016-12-19,PK-19075,OFF-BI-10000279,East,23.12,2,0.2,7.803,0.33749999999999997
CA-2017-131632,2017-10-31,2017-11-04,AH-10120,OFF-AR-10003651,Central,5.248,2,0.2,0.5904,0.1125
CA-2017-151981,2017-08-06,2017-08-12,GM-14455,TEC-PH-10003601,East,824.95,5,0.0,247.485,0.3
CA-2017-151981,2017-08-06,2017-08-12,GM-14455,OFF-LA-10002195,East,24.64,8,0.0,11.8272,0.48
CA-2017-151981,2017-08-06,2017-08-12,GM-14455,OFF-AR-10000380,East,227.88,6,0.0,68.364,0.30000000000000004
CA-2017-125472,2017-05-30,2017-05-31,BD-11725,FUR-BO-10000330,South,241.96,2,0.0,33.8744,0.14
CA-2017-125472,2017-05-30,2017-05-31,BD-11725,OFF-BI-10000591,South,3.89,1,0.0,1.8672,0.48
CA-2017-125472,2017-05-30,2017-05-31,BD-11725,FUR-FU-10001731,South,8.01,3,0.0,3.0438,0.38
CA-2015-156328,2015-11-30,2015-12-05,RM-19375,TEC-PH-10001198,South,177.48,3,0.2,19.9665,0.1125
CA-2017-154074,2017-08-31,2017-09-02,BW-11110,FUR-CH-10002331,West,569.568,2,0.2,7.1196,0.0125
CA-2017-154074,2017-08-31,2017-09-02,BW-11110,OFF-ST-10002370,West,149.73,7,0.0,43.4217,0.29000000000000004
CA-2017-161774,2017-05-14,2017-05-15,GT-14710,FUR-CH-10003981,Central,899.43,5,0.3,-12.849,-0.014285714285714287
CA-2017-161774,2017-05-14,2017-05-15,GT-14710,OFF-AR-10001446,Central,46.2,5,0.2,5.775,0.125
CA-2017-161774,2017-05-14,2017-05-15,GT-14710,OFF-PA-10000300,Central,47.952,3,0.2,16.1838,0.3375
CA-2017-161774,2017-05-14,2017-05-15,GT-14710,TEC-PH-10004071,Central,7.992,1,0.2,0.6993,0.08750000000000001
CA-2017-161774,2017-05-14,2017-05-15,GT-14710,OFF-PA-10003134,Central,76.864,2,0.2,26.9024,0.35
CA-2017-151211,2017-08-17,2017-08-23,AH-10120,OFF-BI-10002735,South,102.93,3,0.0,48.3771,0.47
CA-2017-151211,2017-08-17,2017-08-23,AH-10120,TEC-AC-10004510,South,98.16,6,0.0,9.816,0.1
CA-2017-142671,2017-11-10,2017-11-14,DR-12940,OFF-BI-10004099,South,11.52,5,0.7,-7.68,-0.6666666666666666
CA-2017-144750,2017-08-21,2017-08-21,DL-13495,OFF-PA-10003395,West,83.88,1,0.2,29.358,0.35000000000000003
CA-2016-111976,2016-03-08,2016-03-12,BD-11620,TEC-PH-10002890,East,108.576,4,0.4,-25.3344,-0.23333333333333334
CA-2016-111976,2016-03-08,2016-03-12,BD-11620,OFF-FA-10004968,East,5.984,2,0.2,-1.3464,-0.225
CA-2016-140130,2016-10-31,2016-11-05,HW-14935,OFF-SU-10001218,Central,21.96,2,0.0,6.1488,0.27999999999999997
CA-2016-140130,2016-10-31,2016-11-05,HW-14935,FUR-CH-10002084,Central,368.97,3,0.0,81.1734,0.21999999999999997
CA-2016-140130,2016-10-31,2016-11-05,HW-14935,OFF-AR-10004269,Central,12.39,3,0.0,3.4692,0.27999999999999997
CA-2016-140130,2016-10-31,2016-11-05,HW-14935,OFF-ST-10001128,Central,332.94,3,0.0,9.9882,0.030000000000000002
CA-2014-159121,2014-07-26,2014-08-01,JO-15145,TEC-AC-10002006,West,111.93,7,0.0,34.6983,0.31
CA-2015-149650,2015-10-24,2015-10-27,RD-19660,FUR-CH-10003956,West,454.272,8,0.2,-73.8192,-0.1625
CA-2017-115777,2017-08-19,2017-08-24,DO-13645,OFF-PA-10000552,East,19.44,3,0.0,9.3312,0.48000000000000004
CA-2016-143714,2016-05-23,2016-05-27,CC-12370,TEC-CO-10004722,East,8399.976,4,0.4,1119.9968,0.1333333333333333
CA-2016-143714,2016-05-23,2016-05-27,CC-12370,OFF-BI-10004308,East,6.294,1,0.7,-4.196,-0.6666666666666666
CA-2016-143714,2016-05-23,2016-05-27,CC-12370,OFF-PA-10000029,East,10.368,2,0.2,3.6288,0.35
CA-2016-143714,2016-05-23,2016-05-27,CC-12370,TEC-PH-10004080,East,122.382,3,0.4,-24.4764,-0.2
CA-2014-165764,2014-11-03,2014-11-07,SH-20395,OFF-ST-10001558,South,25.984,2,0.2,-1.624,-0.0625
CA-2014-165764,2014-11-03,2014-11-07,SH-20395,FUR-TA-10001768,South,945.036,6,0.4,-299.2614,-0.31666666666666665
CA-2014-165764,2014-11-03,2014-11-07,SH-20395,OFF-BI-10002982,South,14.301,7,0.7,-10.4874,-0.7333333333333333
CA-2014-165764,2014-11-03,2014-11-07,SH-20395,FUR-FU-10001468,South,410.352,3,0.2,-51.294,-0.125
CA-2015-121405,2015-03-30,2015-04-04,FC-14335,OFF-PA-10001838,Central,23.52,5,0.2,8.526,0.3625
CA-2015-121405,2015-03-30,2015-04-04,FC-14335,TEC-PH-10002890,Central,180.96,5,0.2,13.572,0.075
US-2017-116897,2017-05-27,2017-05-29,JG-15160,FUR-FU-10004963,West,35.0,4,0.0,14.7,0.42
US-2017-116897,2017-05-27,2017-05-29,JG-15160,OFF-ST-10000025,West,477.15,5,0.0,28.629,0.060000000000000005
US-2017-116897,2017-05-27,2017-05-29,JG-15160,TEC-PH-10004389,West,302.376,3,0.2,22.6782,0.07500000000000001
US-2017-113992,2017-12-14,2017-12-19,LC-16885,FUR-TA-10000577,Central,974.988,4,0.3,-97.4988,-0.09999999999999999
CA-2014-166891,2014-10-04,2014-10-06,CC-12220,FUR-CH-10003298,East,589.41,5,0.1,-6.549,-0.011111111111111112
CA-2016-101161,2016-10-13,2016-10-20,BW-11110,OFF-AR-10001860,East,34.7,5,0.0,12.492,0.36
CA-2016-101161,2016-10-13,2016-10-20,BW-11110,OFF-ST-10003123,East,99.87,3,0.0,23.9688,0.24000000000000002
CA-2016-101161,2016-10-13,2016-10-20,BW-11110,OFF-PA-10001295,East,37.94,2,0.0,18.2112,0.4800000000000001
CA-2016-101161,2016-10-13,2016-10-20,BW-11110,OFF-LA-10000407,East,24.9,5,0.0,11.454,0.4600000000000001
CA-2016-101161,2016-10-13,2016-10-20,BW-11110,FUR-FU-10003535,East,82.26,3,0.0,33.7266,0.4099999999999999
CA-2015-151785,2015-03-05,2015-03-10,JJ-15445,OFF-FA-10000611,Central,7.104,6,0.2,2.4864,0.35000000000000003
US-2017-119816,2017-03-04,2017-03-06,TT-21460,FUR-FU-10004848,Central,103.5,5,0.6,-77.625,-0.75
US-2017-119816,2017-03-04,2017-03-06,TT-21460,OFF-LA-10002381,Central,2.464,1,0.2,0.8624,0.35000000000000003
US-2017-119816,2017-03-04,2017-03-06,TT-21460,OFF-ST-10000918,Central,8.72,1,0.2,0.654,0.075
CA-2015-156510,2015-09-25,2015-09-29,EH-13990,OFF-BI-10000822,East,10.76,2,0.0,5.1648,0.48
CA-2015-156510,2015-09-25,2015-09-29,EH-13990,OFF-PA-10002222,East,45.68,2,0.0,21.0128,0.45999999999999996
CA-2015-156510,2015-09-25,2015-09-29,EH-13990,OFF-AR-10004930,East,6.7,1,0.0,2.211,0.32999999999999996
US-2015-110261,2015-12-19,2015-12-23,PR-18880,TEC-PH-10001750,Central,158.376,3,0.2,13.8579,0.08750000000000001
CA-2015-125710,2015-10-08,2015-10-13,BT-11680,OFF-AR-10000657,Central,3.44,2,0.2,0.559,0.1625
CA-2017-161102,2017-07-31,2017-08-03,EC-14050,OFF-ST-10003442,West,56.56,2,0.0,15.2712,0.27
CA-2017-161102,2017-07-31,2017-08-03,EC-14050,FUR-FU-10003142,West,36.96,7,0.0,11.4576,0.31
CA-2014-110065,2014-08-05,2014-08-11,SP-20650,TEC-PH-10002468,East,135.99,1,0.0,36.7173,0.27
CA-2014-110065,2014-08-05,2014-08-11,SP-20650,OFF-AR-10004165,East,15.96,7,0.0,7.0224,0.44
US-2017-133361,2017-05-14,2017-05-17,AJ-10780,OFF-AR-10001919,East,3.76,2,0.0,1.0904,0.29000000000000004
US-2017-133361,2017-05-14,2017-05-17,AJ-10780,OFF-AR-10003045,East,14.7,5,0.0,6.615,0.45
US-2017-133361,2017-05-14,2017-05-17,AJ-10780,OFF-AR-10003338,East,37.2,5,0.0,9.3,0.25
US-2017-133361,2017-05-14,2017-05-17,AJ-10780,TEC-AC-10003280,East,89.97,3,0.0,18.8937,0.21
US-2017-133361,2017-05-14,2017-05-17,AJ-10780,FUR-CH-10003298,East,261.96,2,0.0,23.5764,0.09000000000000001
US-2017-133361,2017-05-14,2017-05-17,AJ-10780,OFF-LA-10004544,East,74.0,5,0.0,37.0,0.5
US-2016-155404,2016-09-22,2016-09-28,AS-10630,FUR-FU-10004586,South,13.28,2,0.0,6.3744,0.48
CA-2015-114503,2015-11-13,2015-11-17,AA-10375,OFF-ST-10003572,South,84.96,6,0.2,6.372,0.07500000000000001
CA-2017-153080,2017-05-22,2017-05-25,EH-13945,TEC-AC-10002331,West,68.46,7,0.0,25.3302,0.37000000000000005
CA-2016-163804,2016-12-02,2016-12-08,DB-13270,OFF-ST-10000142,East,2079.4,5,0.0,582.232,0.27999999999999997
CA-2016-163804,2016-12-02,2016-12-08,DB-13270,TEC-PH-10000441,East,629.95,5,0.0,176.386,0.27999999999999997
CA-2016-163804,2016-12-02,2016-12-08,DB-13270,FUR-FU-10004864,East,72.42,6,0.0,23.8986,0.32999999999999996
CA-2015-108532,2015-08-29,2015-09-02,CC-12100,TEC-PH-10001750,Central,131.98,2,0.0,35.6346,0.27
CA-2015-108532,2015-08-29,2015-09-02,CC-12100,TEC-AC-10004510,Central,114.52,7,0.0,11.452,0.1
CA-2014-151897,2014-06-06,2014-06-10,VT-21700,OFF-LA-10001074,Central,100.24,10,0.2,33.831,0.3375
CA-2016-113292,2016-03-18,2016-03-20,DB-13060,OFF-AP-10003590,South,871.8,3,0.2,87.18,0.10000000000000002
CA-2014-149524,2014-01-14,2014-01-15,BS-11590,FUR-BO-10003433,East,61.96,4,0.5,-53.2856,-0.86
CA-2017-140872,2017-06-03,2017-06-10,NR-18550,OFF-BI-10002432,South,4.554,3,0.7,-3.4914,-0.7666666666666666
CA-2017-140872,2017-06-03,2017-06-10,NR-18550,OFF-AP-10003622,South,5.2,2,0.2,0.585,0.11249999999999999
CA-2017-140872,2017-06-03,2017-06-10,NR-18550,TEC-AC-10003832,South,205.992,1,0.2,-2.5749,-0.0125
CA-2017-140872,2017-06-03,2017-06-10,NR-18550,OFF-PA-10000809,South,15.552,3,0.2,5.4432,0.35000000000000003
CA-2017-140872,2017-06-03,2017-06-10,NR-18550,TEC-PH-10000441,South,503.96,5,0.2,50.396,0.1
CA-2017-140872,2017-06-03,2017-06-10,NR-18550,OFF-AP-10002287,South,24.472,7,0.2,1.8354,0.075
CA-2017-140872,2017-06-03,2017-06-10,NR-18550,FUR-BO-10002824,South,241.568,2,0.2,0.0,0.0
CA-2017-140872,2017-06-03,2017-06-10,NR-18550,TEC-AC-10002942,South,110.4,2,0.2,-4.14,-0.0375
CA-2017-113908,2017-06-03,2017-06-09,KN-16390,FUR-TA-10001932,East,384.768,2,0.4,-115.4304,-0.30000000000000004
CA-2017-113908,2017-06-03,2017-06-09,KN-16390,TEC-MA-10003173,East,78.66,6,0.0,36.1836,0.46
CA-2017-113908,2017-06-03,2017-06-09,KN-16390,OFF-PA-10004156,East,45.36,4,0.0,22.2264,0.49000000000000005
CA-2015-120621,2015-03-21,2015-03-26,JW-16075,OFF-AP-10002945,South,962.08,4,0.2,156.338,0.16249999999999998
CA-2015-120621,2015-03-21,2015-03-26,JW-16075,OFF-BI-10000948,South,12.843,3,0.7,-9.8463,-0.7666666666666666
CA-2015-120621,2015-03-21,2015-03-26,JW-16075,OFF-PA-10002254,South,295.456,14,0.2,96.0232,0.325
US-2017-148866,2017-09-19,2017-09-24,JM-15535,OFF-PA-10004782,East,32.4,5,0.0,15.552,0.48
CA-2014-149594,2014-09-15,2014-09-19,MF-18250,FUR-FU-10000222,East,103.936,4,0.2,16.8896,0.1625
CA-2016-113845,2016-11-20,2016-11-25,FA-14230,FUR-BO-10004695,South,289.568,2,0.2,10.8588,0.037500000000000006
CA-2016-113845,2016-11-20,2016-11-25,FA-14230,OFF-ST-10003327,South,39.72,5,0.2,4.4685,0.11249999999999999
CA-2016-113845,2016-11-20,2016-11-25,FA-14230,TEC-PH-10003357,South,244.768,4,0.2,24.4768,0.1
CA-2017-111262,2017-10-28,2017-11-01,KH-16510,TEC-AC-10002167,Central,24.0,2,0.2,-2.7,-0.1125
CA-2017-111262,2017-10-28,2017-11-01,KH-16510,OFF-PA-10001937,Central,15.552,3,0.2,5.4432,0.35000000000000003
CA-2017-111262,2017-10-28,2017-11-01,KH-16510,TEC-AC-10004510,Central,26.176,2,0.2,-3.272,-0.125
CA-2015-103135,2015-07-24,2015-07-28,SS-20515,FUR-FU-10001487,South,20.94,3,0.0,6.0726,0.29
CA-2015-103135,2015-07-24,2015-07-28,SS-20515,OFF-BI-10000069,South,135.09,9,0.0,62.1414,0.45999999999999996
CA-2015-103135,2015-07-24,2015-07-28,SS-20515,TEC-AC-10003289,South,279.86,14,0.0,64.3678,0.23
CA-2014-129147,2014-11-02,2014-11-06,LC-17050,TEC-PH-10001299,East,539.964,6,0.4,-107.9928,-0.19999999999999998
CA-2014-129147,2014-11-02,2014-11-06,LC-17050,TEC-PH-10001552,East,50.232,7,0.4,-10.0464,-0.2
CA-2014-129147,2014-11-02,2014-11-06,LC-17050,OFF-BI-10001098,East,19.242,3,0.7,-13.4694,-0.7
CA-2017-128265,2017-11-17,2017-11-22,VW-21775,OFF-ST-10000142,East,1247.64,3,0.0,349.3392,0.27999999999999997
CA-2016-152331,2016-06-26,2016-06-30,LD-16855,OFF-AR-10001547,Central,5.304,3,0.2,0.4641,0.0875
US-2016-128909,2016-10-09,2016-10-11,SP-20545,OFF-PA-10001593,East,19.136,4,0.2,5.98,0.31250000000000006
US-2016-128909,2016-10-09,2016-10-11,SP-20545,FUR-FU-10004071,East,332.832,4,0.2,-24.9624,-0.075
CA-2017-102197,2017-12-20,2017-12-26,DK-13150,OFF-PA-10001970,East,279.9,5,0.0,137.151,0.4900000000000001
CA-2017-102197,2017-12-20,2017-12-26,DK-13150,OFF-BI-10001524,East,50.352,3,0.2,17.6232,0.35000000000000003
CA-2017-102197,2017-12-20,2017-12-26,DK-13150,OFF-PA-10004156,East,34.02,3,0.0,16.6698,0.48999999999999994
CA-2017-167640,2017-03-06,2017-03-10,FC-14245,OFF-AR-10003158,West,23.88,6,0.0,8.1192,0.33999999999999997
CA-2017-167640,2017-03-06,2017-03-10,FC-14245,OFF-LA-10004559,West,11.52,4,0.0,5.6448,0.49000000000000005
CA-2017-167640,2017-03-06,2017-03-10,FC-14245,OFF-PA-10001033,West,286.93,7,0.0,140.5957,0.49
CA-2017-167640,2017-03-06,2017-03-10,FC-14245,TEC-PH-10001336,West,206.384,2,0.2,23.2182,0.1125
US-2017-116652,2017-09-15,2017-09-19,RD-19480,FUR-CH-10002961,West,218.352,3,0.2,0.0,0.0
US-2017-116652,2017-09-15,2017-09-19,RD-19480,FUR-FU-10001488,West,529.9,5,0.0,105.98,0.2
US-2017-116652,2017-09-15,2017-09-19,RD-19480,OFF-AR-10001915,West,99.3,10,0.0,41.706,0.42000000000000004
US-2017-116652,2017-09-15,2017-09-19,RD-19480,OFF-AP-10001205,West,108.96,2,0.0,30.5088,0.28
US-2017-116652,2017-09-15,2017-09-19,RD-19480,OFF-BI-10004528,West,2.688,1,0.2,0.84,0.31249999999999994
CA-2017-138289,2017-01-16,2017-01-18,AR-10540,OFF-BI-10004995,Central,5443.96,4,0.0,2504.2216,0.45999999999999996
CA-2017-138289,2017-01-16,2017-01-18,AR-10540,FUR-CH-10004626,Central,302.67,3,0.0,72.6408,0.24
CA-2017-138289,2017-01-16,2017-01-18,AR-10540,OFF-PA-10001260,Central,56.07,7,0.0,25.2315,0.45
CA-2016-129308,2016-07-07,2016-07-13,CC-12100,OFF-LA-10002945,East,10.08,2,0.2,3.276,0.32499999999999996
CA-2016-129308,2016-07-07,2016-07-13,CC-12100,TEC-PH-10002310,East,59.994,1,0.4,-12.9987,-0.21666666666666665
CA-2016-129308,2016-07-07,2016-07-13,CC-12100,OFF-BI-10001525,East,5.715,5,0.7,-4.7625,-0.8333333333333334
CA-2016-129308,2016-07-07,2016-07-13,CC-12100,OFF-BI-10001308,East,9.42,5,0.7,-7.85,-0.8333333333333333
CA-2016-157791,2016-12-23,2016-12-28,CA-11965,TEC-CO-10002095,East,1999.96,4,0.0,899.982,0.44999999999999996
CA-2014-146864,2014-12-22,2014-12-26,BT-11530,OFF-ST-10004946,East,216.4,4,0.0,56.264,0.26
CA-2014-103744,2014-02-23,2014-02-27,MG-17875,OFF-LA-10004425,Central,6.936,3,0.2,2.3409,0.3375
CA-2014-103744,2014-02-23,2014-02-27,MG-17875,OFF-BI-10000320,Central,4.428,3,0.8,-6.8634,-1.55
US-2017-107384,2017-12-04,2017-12-08,TP-21130,OFF-AR-10001315,Central,8.8,5,0.0,2.552,0.29
US-2017-107384,2017-12-04,2017-12-08,TP-21130,TEC-AC-10004595,Central,142.8,1,0.0,29.988,0.21
US-2017-107384,2017-12-04,2017-12-08,TP-21130,TEC-AC-10001539,Central,399.95,5,0.0,143.982,0.36
CA-2014-128209,2014-11-17,2014-11-22,GT-14710,OFF-BI-10001359,East,2152.776,3,0.2,726.5619,0.3375
CA-2014-128209,2014-11-17,2014-11-22,GT-14710,FUR-BO-10002213,East,4007.84,10,0.2,-50.098,-0.012499999999999999
CA-2014-169684,2014-10-20,2014-10-23,FH-14365,FUR-TA-10003008,South,328.59,3,0.4,-147.8655,-0.45
CA-2014-169684,2014-10-20,2014-10-23,FH-14365,OFF-ST-10000934,South,98.352,3,0.2,-24.588,-0.25
CA-2015-109862,2015-10-25,2015-10-30,HK-14890,TEC-PH-10004042,East,158.99,1,0.0,41.3374,0.26
CA-2015-109862,2015-10-25,2015-10-30,HK-14890,FUR-CH-10002439,East,291.1,5,0.0,75.686,0.26
US-2017-107888,2017-11-16,2017-11-19,CC-12220,OFF-PA-10001363,West,73.68,6,0.0,34.6296,0.47000000000000003
US-2017-107888,2017-11-16,2017-11-19,CC-12220,FUR-FU-10003394,West,139.92,2,0.0,23.7864,0.17
US-2017-107888,2017-11-16,2017-11-19,CC-12220,TEC-PH-10003171,West,107.88,3,0.2,10.788,0.1
US-2017-107888,2017-11-16,2017-11-19,CC-12220,OFF-ST-10003123,West,33.29,1,0.0,7.9896,0.24000000000000002
US-2017-154872,2017-05-14,2017-05-18,DP-13000,OFF-BI-10003007,East,58.17,5,0.7,-46.536,-0.8
US-2017-154872,2017-05-14,2017-05-18,DP-13000,OFF-LA-10000973,East,5.04,2,0.2,1.764,0.35
US-2017-154872,2017-05-14,2017-05-18,DP-13000,OFF-PA-10000483,East,24.784,1,0.2,7.745,0.3125
CA-2014-113880,2014-03-01,2014-03-05,VF-21715,FUR-CH-10000863,Central,634.116,6,0.3,-172.1172,-0.2714285714285714
CA-2014-113880,2014-03-01,2014-03-05,VF-21715,OFF-PA-10003036,Central,17.472,3,0.2,5.6784,0.32499999999999996
US-2015-164966,2015-07-30,2015-08-01,GH-14410,FUR-CH-10002304,Central,155.88,6,0.0,38.97,0.25
CA-2015-126739,2015-11-01,2015-11-03,JH-16180,FUR-CH-10000422,East,327.564,4,0.1,21.8376,0.06666666666666665
CA-2017-161578,2017-12-16,2017-12-21,RB-19465,OFF-PA-10002986,West,13.36,2,0.0,6.4128,0.48
CA-2017-161578,2017-12-16,2017-12-21,RB-19465,OFF-ST-10002289,West,158.9,5,0.0,7.945,0.05
CA-2014-137092,2014-10-20,2014-10-22,LS-16975,TEC-AC-10001606,Central,319.968,4,0.2,71.9928,0.225
CA-2014-137092,2014-10-20,2014-10-22,LS-16975,OFF-ST-10003805,Central,505.32,3,0.2,31.5825,0.0625
CA-2014-137092,2014-10-20,2014-10-22,LS-16975,OFF-PA-10002109,Central,3.808,1,0.2,1.2376,0.325
CA-2014-137092,2014-10-20,2014-10-22,LS-16975,OFF-BI-10000632,Central,8.682,1,0.8,-14.7594,-1.7
CA-2014-137092,2014-10-20,2014-10-22,LS-16975,OFF-LA-10003510,Central,24.424,1,0.2,7.9378,0.325
CA-2015-166947,2015-06-05,2015-06-10,EB-13750,FUR-CH-10004997,East,1522.638,9,0.1,169.182,0.1111111111111111
CA-2016-160941,2016-07-21,2016-07-26,DK-12835,OFF-EN-10003001,West,419.9,5,0.0,197.353,0.47000000000000003
CA-2016-160941,2016-07-21,2016-07-26,DK-12835,OFF-LA-10003766,West,3.15,1,0.0,1.512,0.48000000000000004
CA-2017-144680,2017-03-31,2017-04-02,SC-20260,OFF-AP-10003040,Central,33.62,5,0.8,-90.774,-2.7
CA-2014-166086,2014-05-07,2014-05-12,CT-11995,OFF-BI-10001078,East,16.14,3,0.0,7.9086,0.49
CA-2014-166086,2014-05-07,2014-05-12,CT-11995,FUR-TA-10003469,East,194.25,2,0.3,-38.85,-0.2
CA-2014-166086,2014-05-07,2014-05-12,CT-11995,OFF-AR-10002578,East,8.64,3,0.0,2.5056,0.29
CA-2014-166086,2014-05-07,2014-05-12,CT-11995,FUR-CH-10004675,East,872.32,4,0.0,244.2496,0.27999999999999997
CA-2017-131282,2017-02-05,2017-02-08,CB-12025,OFF-BI-10004632,Central,243.992,4,0.8,-426.986,-1.75
CA-2017-131282,2017-02-05,2017-02-08,CB-12025,OFF-AR-10003087,Central,7.12,5,0.2,0.712,0.09999999999999999
CA-2014-100678,2014-04-18,2014-04-22,KM-16720,OFF-AR-10001868,Central,2.688,2,0.2,1.008,0.375
CA-2014-100678,2014-04-18,2014-04-22,KM-16720,FUR-CH-10002602,Central,317.058,3,0.3,-18.1176,-0.05714285714285714
CA-2014-100678,2014-04-18,2014-04-22,KM-16720,OFF-EN-10000056,Central,149.352,3,0.2,50.4063,0.3375
CA-2014-100678,2014-04-18,2014-04-22,KM-16720,TEC-AC-10000474,Central,227.976,3,0.2,28.497,0.125
CA-2016-161543,2016-05-10,2016-05-16,RD-19720,OFF-PA-10003971,West,11.96,2,0.0,5.8604,0.49
CA-2016-160535,2016-11-25,2016-11-30,BP-11050,OFF-ST-10000689,East,563.4,4,0.0,67.608,0.12000000000000001
CA-2016-160535,2016-11-25,2016-11-30,BP-11050,TEC-MA-10004255,East,319.92,8,0.0,118.3704,0.37
CA-2017-123085,2017-03-03,2017-03-08,EJ-13720,TEC-AC-10000990,West,1049.44,8,0.0,440.7648,0.42
CA-2017-123085,2017-03-03,2017-03-08,EJ-13720,FUR-CH-10003968,West,170.352,3,0.2,-17.0352,-0.09999999999999999
CA-2015-153752,2015-12-06,2015-12-11,RO-19780,TEC-PH-10001615,South,173.94,6,0.0,50.4426,0.29
CA-2014-103660,2014-08-25,2014-08-30,MW-18220,TEC-PH-10000895,West,1007.944,7,0.2,75.5958,0.075
CA-2016-169887,2016-10-22,2016-10-22,MS-17530,OFF-PA-10003001,West,6.68,1,0.0,3.2064,0.48
CA-2016-169887,2016-10-22,2016-10-22,MS-17530,OFF-AR-10002766,West,8.34,3,0.0,2.2518,0.26999999999999996
CA-2016-169887,2016-10-22,2016-10-22,MS-17530,FUR-FU-10003095,West,101.94,3,0.0,30.582,0.3
CA-2016-148516,2016-08-07,2016-08-11,DW-13585,TEC-AC-10003610,West,179.97,3,0.0,86.3856,0.48
CA-2017-104731,2017-07-21,2017-07-27,AM-10705,OFF-AR-10003727,South,101.94,6,0.0,29.5626,0.29
CA-2017-104731,2017-07-21,2017-07-27,AM-10705,TEC-PH-10002660,South,271.96,4,0.0,67.99,0.25
CA-2017-104731,2017-07-21,2017-07-27,AM-10705,FUR-FU-10003274,South,8.8,5,0.0,3.872,0.43999999999999995
CA-2017-104731,2017-07-21,2017-07-27,AM-10705,OFF-AR-10003829,South,19.68,6,0.0,5.7072,0.29000000000000004
CA-2017-104731,2017-07-21,2017-07-27,AM-10705,FUR-BO-10003441,South,302.94,3,0.0,69.6762,0.22999999999999998
CA-2017-104731,2017-07-21,2017-07-27,AM-10705,OFF-BI-10003355,South,14.94,3,0.0,7.1712,0.48
CA-2017-104731,2017-07-21,2017-07-27,AM-10705,OFF-SU-10003505,South,231.72,2,0.0,11.586,0.05
CA-2014-164749,2014-03-23,2014-03-26,BG-11740,OFF-LA-10004484,South,9.912,3,0.2,3.2214,0.32499999999999996
CA-2015-103716,2015-04-30,2015-05-06,KB-16585,OFF-AR-10000658,West,34.65,3,0.0,9.702,0.28
CA-2015-103716,2015-04-30,2015-05-06,KB-16585,TEC-PH-10000347,West,19.8,5,0.2,1.7325,0.0875
CA-2016-126795,2016-06-13,2016-06-16,GT-14710,OFF-BI-10001989,East,33.568,2,0.2,11.7488,0.35
CA-2015-146290,2015-05-04,2015-05-11,SV-20815,OFF-AR-10001897,Central,125.93,7,0.0,35.2604,0.27999999999999997
CA-2017-157112,2017-04-23,2017-04-26,GG-14650,OFF-BI-10000285,East,11.76,5,0.7,-7.84,-0.6666666666666666
CA-2017-157112,2017-04-23,2017-04-26,GG-14650,OFF-PA-10001804,East,5.344,1,0.2,1.8704,0.35
CA-2014-169257,2014-06-06,2014-06-12,SV-20785,OFF-BI-10002557,South,1.365,1,0.7,-0.91,-0.6666666666666667
CA-2014-169257,2014-06-06,2014-06-12,SV-20785,OFF-PA-10002319,South,62.016,2,0.2,22.4808,0.3625
CA-2014-154095,2014-12-02,2014-12-07,ON-18715,FUR-FU-10003849,East,60.72,3,0.0,23.6808,0.39
CA-2014-154095,2014-12-02,2014-12-07,ON-18715,OFF-PA-10002923,East,146.82,3,0.0,73.41,0.5
CA-2014-154095,2014-12-02,2014-12-07,ON-18715,FUR-CH-10004754,East,239.84,8,0.0,64.7568,0.26999999999999996
CA-2014-154095,2014-12-02,2014-12-07,ON-18715,OFF-LA-10000634,East,15.66,6,0.0,7.2036,0.45999999999999996
CA-2017-146346,2017-06-17,2017-06-20,RA-19945,OFF-ST-10001418,West,146.352,3,0.2,-32.9292,-0.225
CA-2016-148852,2016-05-26,2016-05-31,SV-20785,OFF-FA-10003467,West,5.94,3,0.0,0.0,0.0
CA-2016-148852,2016-05-26,2016-05-31,SV-20785,OFF-PA-10001293,West,45.36,7,0.0,21.7728,0.48
CA-2016-148852,2016-05-26,2016-05-31,SV-20785,TEC-PH-10003885,West,211.168,4,0.2,23.7564,0.11249999999999999
CA-2016-148852,2016-05-26,2016-05-31,SV-20785,FUR-CH-10004860,West,484.704,6,0.2,-84.8232,-0.175
CA-2016-148852,2016-05-26,2016-05-31,SV-20785,TEC-MA-10002428,West,371.976,3,0.2,116.2425,0.3125
US-2015-118906,2015-03-10,2015-03-10,KB-16585,OFF-ST-10002406,East,89.82,6,0.0,25.1496,0.28
CA-2016-168921,2016-10-20,2016-10-22,AG-10495,OFF-BI-10004209,West,19.296,3,0.2,6.03,0.3125
CA-2015-107678,2015-04-21,2015-04-28,JK-16090,FUR-CH-10001891,South,191.96,2,0.0,51.8292,0.26999999999999996
CA-2015-107678,2015-04-21,2015-04-28,JK-16090,OFF-BI-10002215,South,21.3,3,0.0,9.798,0.45999999999999996
CA-2015-107678,2015-04-21,2015-04-28,JK-16090,TEC-PH-10002103,South,469.95,5,0.0,131.586,0.28
CA-2015-107678,2015-04-21,2015-04-28,JK-16090,FUR-FU-10003394,South,209.88,3,0.0,35.6796,0.17
CA-2016-123512,2016-06-17,2016-06-19,MV-18190,FUR-BO-10004218,West,239.666,2,0.15,14.098,0.05882352941176471
CA-2016-123512,2016-06-17,2016-06-19,MV-18190,OFF-LA-10000081,West,22.5,6,0.0,10.8,0.48000000000000004
CA-2016-123512,2016-06-17,2016-06-19,MV-18190,OFF-PA-10001497,West,219.84,4,0.0,107.7216,0.49
US-2017-167402,2017-01-13,2017-01-18,CP-12085,OFF-PA-10004983,Central,32.4,5,0.0,15.552,0.48
US-2017-167402,2017-01-13,2017-01-18,CP-12085,OFF-AR-10004010,Central,209.94,6,0.0,54.5844,0.26
US-2017-167402,2017-01-13,2017-01-18,CP-12085,OFF-SU-10002881,Central,4164.05,5,0.0,83.281,0.02
US-2017-167402,2017-01-13,2017-01-18,CP-12085,FUR-BO-10001608,Central,212.94,3,0.0,53.235,0.25
CA-2014-130449,2014-09-06,2014-09-09,VP-21760,FUR-FU-10001487,West,41.88,6,0.0,12.1452,0.29
CA-2014-130449,2014-09-06,2014-09-09,VP-21760,OFF-LA-10001934,West,58.48,8,0.0,27.4856,0.47000000000000003
CA-2015-141250,2015-01-19,2015-01-23,PM-18940,FUR-TA-10002855,Central,102.438,1,0.3,-13.1706,-0.12857142857142856
CA-2015-141250,2015-01-19,2015-01-23,PM-18940,FUR-CH-10004875,Central,199.304,4,0.3,-8.5416,-0.04285714285714286
CA-2014-145541,2014-12-14,2014-12-21,TB-21400,TEC-MA-10001127,East,6999.96,4,0.0,2239.9872,0.32
CA-2014-138513,2014-05-23,2014-05-27,EH-13990,OFF-PA-10003177,West,12.96,2,0.0,6.2208,0.4799999999999999
CA-2015-135489,2015-09-19,2015-09-22,GW-14605,TEC-PH-10000011,East,279.86,14,0.0,134.3328,0.4799999999999999
CA-2015-125696,2015-10-02,2015-10-06,NP-18685,OFF-BI-10001757,South,7.38,5,0.7,-5.412,-0.7333333333333333
CA-2016-105081,2016-12-25,2016-12-30,JE-15715,FUR-CH-10000847,West,698.352,3,0.2,52.3764,0.075
CA-2016-105081,2016-12-25,2016-12-30,JE-15715,FUR-TA-10001307,West,1747.25,5,0.0,629.01,0.36
US-2016-146857,2016-05-06,2016-05-08,BE-11455,OFF-AP-10001205,Central,54.48,1,0.0,15.2544,0.28
CA-2016-166275,2016-10-24,2016-10-24,SS-20590,TEC-AC-10001838,West,199.99,1,0.0,85.9957,0.43
CA-2017-144498,2017-05-06,2017-05-06,MB-18085,OFF-BI-10003982,South,68.541,11,0.7,-52.5481,-0.7666666666666667
CA-2017-144498,2017-05-06,2017-05-06,MB-18085,TEC-PH-10004977,South,627.168,4,0.2,70.5564,0.11249999999999999
CA-2017-144498,2017-05-06,2017-05-06,MB-18085,OFF-LA-10003510,South,122.12,5,0.2,39.689,0.325
CA-2017-103352,2017-11-27,2017-11-30,RP-19390,OFF-AR-10001573,East,6.99,3,0.0,2.0271,0.29
CA-2017-103352,2017-11-27,2017-11-30,RP-19390,OFF-BI-10001196,East,107.424,6,0.2,36.2556,0.33749999999999997
CA-2014-108609,2014-10-31,2014-11-02,AJ-10780,FUR-TA-10003954,East,1421.664,8,0.4,-734.5264,-0.5166666666666666
CA-2017-128328,2017-08-05,2017-08-09,PO-18865,OFF-BI-10001989,Central,125.88,6,0.0,60.4224,0.48000000000000004
CA-2017-128328,2017-08-05,2017-08-09,PO-18865,TEC-AC-10001714,Central,79.78,2,0.0,29.5186,0.37
CA-2017-128328,2017-08-05,2017-08-09,PO-18865,OFF-LA-10003498,Central,133.2,9,0.0,66.6,0.5
US-2015-156496,2015-08-10,2015-08-16,WB-21850,TEC-PH-10000576,West,438.368,4,0.2,38.3572,0.0875
US-2015-156496,2015-08-10,2015-08-16,WB-21850,TEC-PH-10004188,West,139.944,7,0.2,-31.4874,-0.22500000000000003
US-2015-156496,2015-08-10,2015-08-16,WB-21850,OFF-AP-10001469,West,133.472,4,0.2,15.0156,0.11249999999999999
US-2016-127334,2016-12-15,2016-12-21,MP-18175,FUR-TA-10003473,West,564.195,3,0.5,-304.6653,-0.5399999999999999
US-2016-127334,2016-12-15,2016-12-21,MP-18175,OFF-AP-10001205,West,87.168,2,0.2,8.7168,0.09999999999999998
US-2017-124779,2017-09-08,2017-09-11,BF-11020,OFF-BI-10002429,Central,42.616,7,0.8,-68.1856,-1.5999999999999999
US-2017-124779,2017-09-08,2017-09-11,BF-11020,TEC-CO-10001943,Central,319.984,2,0.2,107.9946,0.3375
US-2017-124779,2017-09-08,2017-09-11,BF-11020,OFF-FA-10004854,Central,45.92,5,0.2,15.498,0.33749999999999997
US-2017-124779,2017-09-08,2017-09-11,BF-11020,FUR-FU-10001095,Central,21.184,2,0.6,-11.6512,-0.5499999999999999
US-2017-124779,2017-09-08,2017-09-11,BF-11020,OFF-PA-10000061,Central,20.736,4,0.2,7.2576,0.35
US-2017-124779,2017-09-08,2017-09-11,BF-11020,FUR-CH-10003535,Central,213.43,5,0.3,-39.637,-0.18571428571428572
CA-2017-135937,2017-02-20,2017-02-27,KM-16375,TEC-PH-10004447,West,333.576,3,0.2,25.0182,0.075
CA-2017-135937,2017-02-20,2017-02-27,KM-16375,TEC-AC-10001114,West,31.992,1,0.2,4.7988,0.15
CA-2017-135937,2017-02-20,2017-02-27,KM-16375,OFF-ST-10000563,West,51.168,2,0.2,-6.396,-0.125
CA-2017-135937,2017-02-20,2017-02-27,KM-16375,OFF-EN-10004846,West,10.64,5,0.2,3.857,0.3625
CA-2017-135937,2017-02-20,2017-02-27,KM-16375,FUR-FU-10002253,West,68.704,2,0.2,16.3172,0.23750000000000002
CA-2017-135937,2017-02-20,2017-02-27,KM-16375,FUR-TA-10001039,West,386.91,9,0.5,-185.7168,-0.48
CA-2015-129322,2015-08-08,2015-08-10,DB-13405,OFF-AR-10004587,East,39.66,2,0.0,11.898,0.30000000000000004
CA-2015-129322,2015-08-08,2015-08-10,DB-13405,OFF-AP-10004336,East,113.92,2,0.0,33.0368,0.29
CA-2015-129322,2015-08-08,2015-08-10,DB-13405,OFF-BI-10001718,East,447.86,7,0.0,210.4942,0.47
CA-2017-162173,2017-10-26,2017-11-01,OT-18730,FUR-TA-10001520,South,356.85,5,0.0,60.6645,0.16999999999999998
CA-2017-162173,2017-10-26,2017-11-01,OT-18730,OFF-EN-10002831,South,251.58,7,0.0,113.211,0.44999999999999996
CA-2016-115483,2016-07-14,2016-07-18,JS-15880,OFF-PA-10001497,Central,219.84,5,0.2,79.692,0.3625
CA-2017-122175,2017-05-12,2017-05-14,CA-12775,FUR-FU-10000719,East,42.85,5,0.0,15.426,0.36
CA-2017-122175,2017-05-12,2017-05-14,CA-12775,OFF-LA-10002271,East,6.16,2,0.0,2.9568,0.48
CA-2017-122175,2017-05-12,2017-05-14,CA-12775,OFF-SU-10004661,East,17.0,2,0.0,4.42,0.26
CA-2017-122175,2017-05-12,2017-05-14,CA-12775,TEC-AC-10004859,East,87.4,5,0.0,34.96,0.39999999999999997
CA-2017-161088,2017-05-25,2017-05-29,MH-18115,OFF-BI-10002824,South,29.84,2,0.0,13.428,0.45
CA-2014-154837,2014-08-23,2014-08-27,RB-19645,OFF-BI-10001575,West,49.568,2,0.2,17.3488,0.35000000000000003
CA-2015-153794,2015-09-11,2015-09-16,SB-20290,OFF-AR-10000380,West,265.86,7,0.0,79.758,0.3
CA-2015-135510,2015-09-05,2015-09-12,TW-21025,FUR-FU-10000820,South,67.96,4,0.0,12.2328,0.18
CA-2015-109337,2015-11-21,2015-11-23,DL-13330,OFF-AR-10003759,Central,10.92,6,0.0,4.914,0.44999999999999996
CA-2015-109337,2015-11-21,2015-11-23,DL-13330,TEC-MA-10002930,Central,83.9,2,0.0,22.653,0.26999999999999996
CA-2015-109337,2015-11-21,2015-11-23,DL-13330,OFF-AP-10004052,Central,19.75,5,0.0,5.135,0.26
CA-2015-109337,2015-11-21,2015-11-23,DL-13330,TEC-AC-10000990,Central,393.54,3,0.0,165.2868,0.42
CA-2014-150329,2014-10-10,2014-10-14,SD-20485,FUR-FU-10003724,West,46.872,7,0.2,3.5154,0.075
CA-2017-145037,2017-09-02,2017-09-07,TB-21055,OFF-ST-10000918,East,10.9,1,0.0,2.834,0.26
CA-2017-145037,2017-09-02,2017-09-07,TB-21055,OFF-PA-10000157,East,79.92,4,0.0,37.5624,0.47
CA-2017-145037,2017-09-02,2017-09-07,TB-21055,OFF-PA-10002499,East,146.82,3,0.0,73.41,0.5
CA-2017-154466,2017-01-01,2017-01-02,DP-13390,OFF-BI-10002012,Central,3.6,2,0.0,1.728,0.48
CA-2014-109134,2014-11-05,2014-11-10,DE-13255,FUR-FU-10000320,West,20.04,6,0.0,8.8176,0.44000000000000006
US-2015-129637,2015-12-17,2015-12-22,MC-18100,OFF-ST-10003716,Central,180.016,1,0.2,-15.7514,-0.08750000000000001
US-2015-129637,2015-12-17,2015-12-22,MC-18100,FUR-FU-10000965,Central,41.552,2,0.6,-19.7372,-0.47500000000000003
US-2015-129637,2015-12-17,2015-12-22,MC-18100,OFF-AR-10003829,Central,13.12,5,0.2,1.476,0.1125
CA-2015-165162,2015-05-14,2015-05-21,HG-15025,OFF-ST-10003470,West,1117.92,4,0.0,55.896,0.049999999999999996
CA-2017-140494,2017-03-10,2017-03-15,CM-11815,TEC-AC-10004568,West,111.96,4,0.0,21.2724,0.19000000000000003
CA-2017-104108,2017-12-02,2017-12-09,RP-19855,OFF-AR-10000817,Central,12.16,5,0.2,2.128,0.17500000000000002
US-2017-165869,2017-07-31,2017-08-05,LS-17200,OFF-BI-10003460,Central,17.52,4,0.0,8.4096,0.48
US-2017-165869,2017-07-31,2017-08-05,LS-17200,OFF-AP-10002472,Central,155.88,6,0.0,54.558,0.35000000000000003
CA-2017-160899,2017-08-11,2017-08-13,DR-12940,OFF-BI-10000632,South,477.51,11,0.0,219.6546,0.45999999999999996
CA-2017-144225,2017-09-30,2017-10-02,CC-12475,OFF-PA-10000062,East,164.88,3,0.0,80.7912,0.49000000000000005
US-2016-163538,2016-08-26,2016-08-30,SS-20515,TEC-AC-10002006,Central,47.97,3,0.0,14.8707,0.31
US-2016-155103,2016-12-02,2016-12-07,JF-15190,OFF-BI-10004318,East,415.176,3,0.2,134.9322,0.325
US-2016-155103,2016-12-02,2016-12-07,JF-15190,OFF-BI-10004236,East,35.232,3,0.2,11.4504,0.325
US-2016-155103,2016-12-02,2016-12-07,JF-15190,OFF-PA-10000062,East,54.96,1,0.0,26.9304,0.49
CA-2017-145429,2017-07-21,2017-07-25,SW-20455,OFF-PA-10003205,West,16.34,2,0.0,7.6798,0.47000000000000003
CA-2017-145429,2017-07-21,2017-07-25,SW-20455,FUR-CH-10000988,West,225.296,2,0.2,22.5296,0.09999999999999999
CA-2017-145429,2017-07-21,2017-07-25,SW-20455,OFF-BI-10001524,West,50.352,3,0.2,17.6232,0.35000000000000003
CA-2015-153535,2015-05-20,2015-05-24,SG-20470,FUR-FU-10001986,South,163.136,4,0.2,20.392,0.125
CA-2015-153535,2015-05-20,2015-05-24,SG-20470,OFF-BI-10001031,South,6.408,4,0.7,-4.9128,-0.7666666666666666
CA-2015-139164,2015-06-23,2015-06-28,CS-12355,TEC-PH-10002468,West,217.584,2,0.2,19.0386,0.0875
CA-2015-139164,2015-06-23,2015-06-28,CS-12355,OFF-FA-10003059,West,5.43,3,0.0,1.7919,0.33
CA-2015-139164,2015-06-23,2015-06-28,CS-12355,TEC-PH-10003931,West,143.976,3,0.2,8.9985,0.0625
CA-2016-112277,2016-09-10,2016-09-15,SC-20695,TEC-PH-10003505,South,519.68,7,0.2,58.464,0.1125
CA-2014-167724,2014-04-13,2014-04-18,BF-11170,OFF-LA-10002368,East,7.83,3,0.0,3.6018,0.45999999999999996
CA-2015-123141,2015-11-14,2015-11-19,GZ-14470,FUR-CH-10004287,West,883.84,4,0.2,99.432,0.1125
CA-2015-123141,2015-11-14,2015-11-19,GZ-14470,FUR-CH-10001891,West,230.352,3,0.2,20.1558,0.0875
CA-2016-149503,2016-12-09,2016-12-12,SP-20650,OFF-BI-10002133,West,273.92,8,0.2,99.296,0.3625
CA-2017-163069,2017-08-18,2017-08-21,PJ-19015,OFF-AR-10001419,East,9.912,3,0.2,1.239,0.125
CA-2017-107629,2017-12-14,2017-12-14,DB-13060,FUR-FU-10002298,Central,266.352,6,0.6,-292.9872,-1.1
CA-2017-107629,2017-12-14,2017-12-14,DB-13060,FUR-FU-10004091,Central,56.328,3,0.6,-26.7558,-0.475
CA-2017-107629,2017-12-14,2017-12-14,DB-13060,TEC-AC-10004510,Central,39.264,3,0.2,-4.908,-0.125
CA-2017-107629,2017-12-14,2017-12-14,DB-13060,OFF-AR-10002987,Central,95.232,6,0.2,24.9984,0.2625
CA-2016-134789,2016-04-08,2016-04-15,CK-12325,OFF-FA-10002280,South,30.0,6,0.0,14.4,0.48000000000000004
CA-2016-134789,2016-04-08,2016-04-15,CK-12325,OFF-PA-10001934,South,25.92,4,0.0,12.7008,0.48999999999999994
CA-2016-134789,2016-04-08,2016-04-15,CK-12325,FUR-FU-10003268,South,159.92,4,0.0,31.984,0.20000000000000004
CA-2016-130442,2016-12-16,2016-12-19,SF-20065,OFF-AP-10004859,South,34.944,3,0.2,3.0576,0.0875
CA-2017-102974,2017-09-19,2017-09-24,DP-13105,TEC-AC-10000057,West,149.95,5,0.0,31.4895,0.21000000000000002
CA-2017-102974,2017-09-19,2017-09-24,DP-13105,OFF-AR-10000914,West,23.32,2,0.0,6.0632,0.26
CA-2017-102974,2017-09-19,2017-09-24,DP-13105,OFF-AR-10004956,West,16.74,3,0.0,4.8546,0.29
US-2017-166394,2017-09-04,2017-09-06,VM-21835,OFF-FA-10001843,East,14.82,6,0.0,6.9654,0.47
CA-2016-128811,2016-09-12,2016-09-16,SF-20200,OFF-FA-10000585,West,10.47,3,0.0,4.8162,0.46
CA-2016-128811,2016-09-12,2016-09-16,SF-20200,OFF-LA-10003720,West,11.07,3,0.0,5.2029,0.47
CA-2016-128811,2016-09-12,2016-09-16,SF-20200,OFF-BI-10000301,West,20.704,4,0.2,7.764,0.375
CA-2017-145443,2017-08-10,2017-08-15,SC-20695,OFF-PA-10003302,Central,177.2,5,0.0,83.284,0.4700000000000001
CA-2016-165827,2016-11-04,2016-11-09,MF-17665,FUR-FU-10001889,South,50.496,6,0.2,8.2056,0.1625
CA-2015-156734,2015-06-18,2015-06-20,BV-11245,OFF-BI-10002982,South,6.129,3,0.7,-4.4946,-0.7333333333333334
CA-2015-156734,2015-06-18,2015-06-20,BV-11245,FUR-CH-10002965,South,643.136,4,0.2,56.2744,0.08750000000000001
CA-2015-156734,2015-06-18,2015-06-20,BV-11245,OFF-PA-10001937,South,20.736,4,0.2,7.2576,0.35
CA-2014-120096,2014-07-04,2014-07-07,KE-16420,OFF-PA-10001977,West,177.536,4,0.2,62.1376,0.35
CA-2014-120096,2014-07-04,2014-07-07,KE-16420,OFF-AP-10000692,West,32.432,2,0.2,3.2432,0.09999999999999999
CA-2015-141754,2015-12-20,2015-12-25,EM-14200,OFF-LA-10004093,South,11.696,2,0.2,3.9474,0.3375
CA-2016-123358,2016-04-10,2016-04-17,BT-11680,OFF-AP-10004980,West,113.76,3,0.0,44.3664,0.38999999999999996
CA-2016-123358,2016-04-10,2016-04-17,BT-11680,OFF-ST-10001932,West,579.51,3,0.0,81.1314,0.14
CA-2016-123358,2016-04-10,2016-04-17,BT-11680,OFF-ST-10000636,West,150.66,9,0.0,6.0264,0.04
CA-2016-123358,2016-04-10,2016-04-17,BT-11680,OFF-BI-10000069,West,48.032,4,0.2,15.6104,0.325
CA-2014-144029,2014-05-26,2014-05-31,MM-18055,OFF-ST-10001837,Central,102.624,3,0.2,7.6968,0.075
CA-2014-144029,2014-05-26,2014-05-31,MM-18055,FUR-CH-10003981,Central,359.772,2,0.3,-5.1396,-0.014285714285714285
CA-2014-144029,2014-05-26,2014-05-31,MM-18055,OFF-AR-10000716,Central,13.392,3,0.2,3.1806,0.23750000000000002
US-2017-101784,2017-07-06,2017-07-11,PO-18850,FUR-CH-10001146,West,122.136,3,0.2,-13.7403,-0.1125
CA-2015-156923,2015-02-16,2015-02-20,SP-20860,OFF-PA-10002751,East,35.88,6,0.0,16.146,0.45
CA-2017-111269,2017-06-16,2017-06-18,CS-12355,TEC-AC-10001606,East,479.952,6,0.2,107.9892,0.225
CA-2017-111269,2017-06-16,2017-06-18,CS-12355,OFF-AR-10001427,East,23.92,5,0.2,1.794,0.075
CA-2017-159156,2017-11-13,2017-11-16,KB-16600,TEC-PH-10004389,East,629.95,5,0.0,163.787,0.26
CA-2017-100230,2017-12-11,2017-12-15,AA-10375,OFF-BI-10002498,East,14.952,1,0.2,5.0463,0.33749999999999997
CA-2017-100230,2017-12-11,2017-12-15,AA-10375,OFF-PA-10002245,East,17.94,3,0.0,8.073,0.45
CA-2017-100230,2017-12-11,2017-12-15,AA-10375,TEC-PH-10004522,East,116.98,2,0.0,29.245,0.25
CA-2016-154767,2016-06-28,2016-06-30,BP-11155,FUR-CH-10003535,East,121.96,2,0.0,20.7332,0.17
CA-2016-154767,2016-06-28,2016-06-30,BP-11155,OFF-AP-10000595,East,8.74,2,0.0,2.2724,0.26
CA-2016-154767,2016-06-28,2016-06-30,BP-11155,OFF-PA-10003039,East,61.96,2,0.0,27.882,0.45
CA-2016-154767,2016-06-28,2016-06-30,BP-11155,OFF-BI-10002003,East,7.96,2,0.0,3.7412,0.47000000000000003
CA-2016-154767,2016-06-28,2016-06-30,BP-11155,OFF-AP-10002311,East,275.24,4,0.0,121.1056,0.43999999999999995
CA-2017-124205,2017-09-15,2017-09-19,TC-21145,FUR-FU-10002445,East,47.4,5,0.0,18.96,0.4
CA-2017-124205,2017-09-15,2017-09-19,TC-21145,FUR-CH-10003606,East,512.96,4,0.0,143.6288,0.28
CA-2017-124205,2017-09-15,2017-09-19,TC-21145,TEC-PH-10002115,East,395.94,6,0.0,102.9444,0.26
CA-2017-124205,2017-09-15,2017-09-19,TC-21145,OFF-ST-10000934,East,81.96,2,0.0,0.0,0.0
CA-2017-165715,2017-12-02,2017-12-08,BG-11035,OFF-AR-10003903,South,32.776,1,0.2,2.4582,0.075
CA-2017-100636,2017-06-26,2017-06-30,DO-13435,OFF-ST-10004123,East,272.94,3,0.0,0.0,0.0
CA-2016-162943,2016-07-24,2016-07-26,DB-12970,FUR-CH-10001708,East,253.764,2,0.1,31.0156,0.12222222222222222
CA-2016-144764,2016-09-02,2016-09-08,RL-19615,OFF-LA-10000240,Central,29.24,5,0.2,9.8685,0.33749999999999997
CA-2016-144764,2016-09-02,2016-09-08,RL-19615,OFF-ST-10002485,Central,35.168,2,0.2,-8.3524,-0.2375
CA-2016-144764,2016-09-02,2016-09-08,RL-19615,TEC-MA-10003230,Central,1362.9,3,0.3,-19.47,-0.014285714285714284
CA-2017-100615,2017-04-20,2017-04-24,SJ-20215,FUR-CH-10002602,Central,317.058,3,0.3,-18.1176,-0.05714285714285714
CA-2017-100615,2017-04-20,2017-04-24,SJ-20215,OFF-AR-10001683,Central,15.76,2,0.2,3.546,0.22499999999999998
CA-2017-100615,2017-04-20,2017-04-24,SJ-20215,FUR-FU-10002456,Central,14.56,5,0.6,-6.188,-0.425
CA-2014-109302,2014-08-12,2014-08-16,CS-12175,OFF-BI-10002854,East,196.21,7,0.0,98.105,0.5
CA-2017-139787,2017-09-19,2017-09-23,JP-16135,OFF-AR-10002445,South,35.4,5,0.0,13.452,0.38
CA-2017-139402,2017-12-09,2017-12-13,NC-18535,OFF-PA-10004359,West,419.4,5,0.2,146.79,0.35
CA-2017-139402,2017-12-09,2017-12-13,NC-18535,OFF-BI-10000279,West,13.005,3,0.7,-9.9705,-0.7666666666666666
CA-2016-119018,2016-11-04,2016-11-08,CW-11905,OFF-BI-10003314,West,7.712,2,0.2,2.7956,0.3625
CA-2016-119018,2016-11-04,2016-11-08,CW-11905,OFF-BI-10000494,West,4.176,1,0.2,1.305,0.3125
CA-2016-119018,2016-11-04,2016-11-08,CW-11905,OFF-PA-10000295,West,38.88,6,0.0,18.6624,0.48000000000000004
CA-2015-105361,2015-03-29,2015-04-04,CM-12115,OFF-PA-10002615,East,17.64,4,0.0,8.1144,0.45999999999999996
US-2016-152373,2016-09-05,2016-09-11,PT-19090,OFF-ST-10003479,Central,93.456,3,0.2,-17.523,-0.1875
US-2017-166037,2017-01-28,2017-02-01,CL-12700,TEC-AC-10002800,East,449.91,9,0.0,157.4685,0.35
US-2016-147711,2016-09-03,2016-09-08,HF-14995,FUR-BO-10003159,East,344.94,3,0.0,31.0446,0.09
US-2016-147711,2016-09-03,2016-09-08,HF-14995,FUR-FU-10002364,East,14.76,2,0.0,4.2804,0.29000000000000004
US-2016-147711,2016-09-03,2016-09-08,HF-14995,OFF-BI-10003350,East,12.76,2,0.0,5.8696,0.46
US-2016-147711,2016-09-03,2016-09-08,HF-14995,OFF-LA-10004093,East,58.48,8,0.0,27.4856,0.47000000000000003
CA-2017-121293,2017-07-25,2017-07-28,JC-15775,FUR-FU-10000732,East,20.096,4,0.2,3.0144,0.15000000000000002
CA-2017-121293,2017-07-25,2017-07-28,JC-15775,OFF-SU-10004884,East,37.752,3,0.2,4.2471,0.11249999999999999
CA-2017-121293,2017-07-25,2017-07-28,JC-15775,FUR-TA-10001771,East,138.588,1,0.4,-34.647,-0.25
CA-2017-121293,2017-07-25,2017-07-28,JC-15775,OFF-ST-10000060,East,259.92,5,0.2,-25.992,-0.09999999999999999
CA-2017-121293,2017-07-25,2017-07-28,JC-15775,OFF-PA-10004100,East,20.736,4,0.2,7.2576,0.35
CA-2015-118843,2015-09-13,2015-09-20,JH-15910,FUR-FU-10003975,South,129.93,3,0.0,12.993,0.09999999999999999
CA-2015-118843,2015-09-13,2015-09-20,JH-15910,OFF-PA-10001712,South,69.93,7,0.0,31.4685,0.44999999999999996
CA-2015-161445,2015-09-07,2015-09-09,CC-12610,OFF-AR-10001953,South,140.736,4,0.2,12.3144,0.0875
CA-2016-124527,2016-11-16,2016-11-17,IM-15055,OFF-BI-10004967,West,8.32,5,0.2,2.808,0.33749999999999997
CA-2016-162348,2016-11-10,2016-11-15,BF-11170,FUR-FU-10003731,West,9.98,1,0.0,2.7944,0.27999999999999997
CA-2014-141005,2014-08-15,2014-08-18,CS-12355,OFF-BI-10001989,East,62.94,3,0.0,30.2112,0.48000000000000004
CA-2015-145394,2015-11-16,2015-11-20,MC-17605,OFF-ST-10000344,Central,21.488,2,0.2,1.6116,0.075
CA-2015-145394,2015-11-16,2015-11-20,MC-17605,TEC-PH-10001051,Central,239.976,3,0.2,26.9973,0.1125
CA-2015-145394,2015-11-16,2015-11-20,MC-17605,FUR-FU-10001215,Central,34.504,2,0.6,-15.5268,-0.45
CA-2015-168809,2015-08-25,2015-08-25,MC-18100,FUR-FU-10001473,Central,20.104,2,0.6,-16.5858,-0.825
CA-2015-168809,2015-08-25,2015-08-25,MC-18100,OFF-BI-10000315,Central,3.798,1,0.8,-6.0768,-1.6
CA-2015-168809,2015-08-25,2015-08-25,MC-18100,FUR-FU-10002240,Central,7.88,5,0.6,-3.94,-0.5
CA-2016-109827,2016-12-25,2017-01-01,LW-16825,FUR-TA-10002607,West,35.445,1,0.5,-24.1026,-0.6799999999999999
CA-2016-109827,2016-12-25,2017-01-01,LW-16825,TEC-MA-10003356,West,269.97,2,0.7,-386.957,-1.4333333333333331
CA-2016-109827,2016-12-25,2017-01-01,LW-16825,TEC-AC-10002217,West,45.12,3,0.2,-7.896,-0.17500000000000002
CA-2016-109827,2016-12-25,2017-01-01,LW-16825,TEC-AC-10004353,West,100.8,2,0.2,21.42,0.21250000000000002
CA-2016-109827,2016-12-25,2017-01-01,LW-16825,FUR-CH-10004754,West,47.968,2,0.2,4.1972,0.08749999999999998
CA-2014-152233,2014-10-05,2014-10-06,KH-16510,TEC-AC-10002800,West,99.98,2,0.0,34.993,0.35000000000000003
CA-2014-125682,2014-11-22,2014-11-25,RB-19645,OFF-PA-10001752,South,9.96,2,0.0,4.8804,0.48999999999999994
CA-2017-162880,2017-12-25,2017-12-29,GD-14590,OFF-BI-10003314,West,3.856,1,0.2,1.3978,0.3625
CA-2015-128125,2015-03-31,2015-04-05,EB-13705,OFF-PA-10000357,Central,98.376,3,0.2,35.6613,0.36249999999999993
CA-2015-128125,2015-03-31,2015-04-05,EB-13705,FUR-FU-10001085,Central,22.38,3,0.6,-7.833,-0.35000000000000003
CA-2017-156237,2017-09-14,2017-09-15,PS-18760,OFF-BI-10000301,East,3.882,2,0.7,-2.588,-0.6666666666666666
CA-2017-156237,2017-09-14,2017-09-15,PS-18760,TEC-MA-10002930,East,12.585,1,0.7,-18.0385,-1.4333333333333331
CA-2017-156237,2017-09-14,2017-09-15,PS-18760,FUR-CH-10002372,East,113.372,2,0.3,-29.1528,-0.2571428571428571
CA-2017-156237,2017-09-14,2017-09-15,PS-18760,OFF-BI-10003707,East,18.312,4,0.7,-12.208,-0.6666666666666666
CA-2017-156237,2017-09-14,2017-09-15,PS-18760,FUR-FU-10001057,East,127.936,8,0.2,4.7976,0.0375
CA-2017-156237,2017-09-14,2017-09-15,PS-18760,TEC-MA-10001681,East,241.17,2,0.7,-168.819,-0.7
CA-2014-144414,2014-06-17,2014-06-21,GH-14425,FUR-FU-10003981,West,6.24,3,0.0,2.6208,0.42
CA-2014-144414,2014-06-17,2014-06-21,GH-14425,OFF-FA-10000624,West,17.9,5,0.0,8.95,0.5
CA-2014-144414,2014-06-17,2014-06-21,GH-14425,OFF-BI-10004995,West,3266.376,3,0.2,1061.5722,0.325
CA-2017-163860,2017-12-28,2018-01-01,LO-17170,OFF-BI-10003784,Central,1.68,5,0.8,-2.688,-1.6
CA-2017-163860,2017-12-28,2018-01-01,LO-17170,FUR-FU-10004586,Central,7.968,3,0.6,-2.3904,-0.3
CA-2017-163860,2017-12-28,2018-01-01,LO-17170,FUR-CH-10004698,Central,113.372,2,0.3,-3.2392,-0.02857142857142857
CA-2017-163860,2017-12-28,2018-01-01,LO-17170,FUR-FU-10001935,Central,2.96,2,0.6,-1.406,-0.475
US-2017-115609,2017-11-02,2017-11-07,CS-12505,OFF-AP-10003040,West,168.1,5,0.0,43.706,0.26
CA-2015-154291,2015-07-25,2015-07-29,YS-21880,OFF-EN-10001335,South,98.46,9,0.0,49.23,0.5
CA-2015-154291,2015-07-25,2015-07-29,YS-21880,FUR-TA-10002041,South,358.58,2,0.0,39.4438,0.11000000000000001
CA-2016-118689,2016-10-02,2016-10-09,TC-20980,OFF-ST-10001558,Central,32.48,2,0.0,4.872,0.15000000000000002
CA-2016-118689,2016-10-02,2016-10-09,TC-20980,TEC-CO-10004722,Central,17499.95,5,0.0,8399.976,0.48000000000000004
CA-2016-118689,2016-10-02,2016-10-09,TC-20980,OFF-BI-10004600,Central,735.98,2,0.0,331.191,0.44999999999999996
CA-2016-118689,2016-10-02,2016-10-09,TC-20980,OFF-BI-10003712,Central,34.37,7,0.0,16.8413,0.49000000000000005
CA-2016-118689,2016-10-02,2016-10-09,TC-20980,OFF-AR-10001958,Central,33.96,2,0.0,9.5088,0.28
CA-2016-140438,2016-12-24,2016-12-27,PW-19030,TEC-PH-10001750,East,197.97,3,0.0,53.4519,0.27
US-2017-123204,2017-07-21,2017-07-27,CS-11860,OFF-AP-10002287,East,17.48,4,0.0,4.5448,0.26
CA-2015-112522,2015-10-10,2015-10-17,DP-13165,OFF-AR-10003183,Central,8.016,3,0.2,1.002,0.125
CA-2016-153101,2016-09-08,2016-09-08,PJ-19015,FUR-TA-10003008,West,146.04,1,0.2,-12.7785,-0.0875
CA-2016-142615,2016-11-20,2016-11-24,BM-11575,TEC-AC-10004803,West,27.88,2,0.0,3.9032,0.14
CA-2017-142643,2017-10-15,2017-10-20,DL-13495,OFF-LA-10003510,West,152.65,5,0.0,70.219,0.45999999999999996
CA-2017-142643,2017-10-15,2017-10-20,DL-13495,FUR-FU-10000087,West,22.72,1,0.0,9.3152,0.41000000000000003
CA-2015-116260,2015-07-06,2015-07-12,BF-10975,OFF-AR-10003732,East,11.12,4,0.0,2.8912,0.26
CA-2017-107517,2017-02-05,2017-02-09,FC-14335,OFF-AP-10000275,West,1640.7,5,0.0,459.396,0.28
CA-2017-107517,2017-02-05,2017-02-09,FC-14335,TEC-PH-10003505,West,371.2,5,0.2,41.76,0.1125
CA-2015-166338,2015-12-06,2015-12-07,MP-18175,OFF-BI-10002852,East,14.832,3,0.7,-10.3824,-0.7
CA-2016-123946,2016-09-12,2016-09-17,AJ-10795,TEC-AC-10004877,South,20.7,3,0.0,1.656,0.08
CA-2016-123946,2016-09-12,2016-09-17,AJ-10795,OFF-FA-10002975,South,11.34,3,0.0,5.2164,0.46
CA-2016-123946,2016-09-12,2016-09-17,AJ-10795,OFF-ST-10000419,South,67.9,5,0.0,0.679,0.01
CA-2016-123946,2016-09-12,2016-09-17,AJ-10795,FUR-CH-10002073,South,1059.12,4,0.0,307.1448,0.29
CA-2014-147543,2014-07-06,2014-07-12,BC-11125,FUR-CH-10000155,West,478.48,2,0.2,47.848,0.09999999999999999
US-2016-159093,2016-05-09,2016-05-14,RS-19420,OFF-PA-10001260,West,32.04,4,0.0,14.418,0.45
CA-2016-162110,2016-07-18,2016-07-22,NP-18670,TEC-PH-10001924,West,55.992,1,0.2,3.4995,0.0625
US-2016-163461,2016-06-18,2016-06-21,BT-11440,OFF-PA-10003134,Central,76.864,2,0.2,26.9024,0.35
CA-2014-101462,2014-04-20,2014-04-25,BP-11230,FUR-FU-10000409,West,59.92,4,0.0,27.5632,0.45999999999999996
US-2016-100461,2016-01-08,2016-01-12,JO-15145,FUR-BO-10002545,Central,1565.88,6,0.0,407.1288,0.26
US-2016-100461,2016-01-08,2016-01-12,JO-15145,OFF-BI-10001460,Central,106.05,7,0.0,49.8435,0.47000000000000003
US-2017-162670,2017-12-23,2017-12-28,MF-18250,OFF-ST-10001328,South,62.04,4,0.0,17.3712,0.28
US-2017-162670,2017-12-23,2017-12-28,MF-18250,TEC-PH-10003601,South,494.97,3,0.0,148.491,0.3
US-2017-162670,2017-12-23,2017-12-28,MF-18250,OFF-ST-10001522,South,367.96,4,0.0,14.7184,0.04000000000000001
US-2017-162670,2017-12-23,2017-12-28,MF-18250,OFF-PA-10001994,South,44.96,2,0.0,20.6816,0.45999999999999996
US-2017-162670,2017-12-23,2017-12-28,MF-18250,OFF-EN-10001453,South,182.94,3,0.0,85.9818,0.47000000000000003
CA-2017-128965,2017-04-17,2017-04-22,PS-18760,OFF-PA-10004911,West,28.14,3,0.0,13.5072,0.48
CA-2017-128965,2017-04-17,2017-04-22,PS-18760,OFF-LA-10001404,West,7.38,2,0.0,3.4686,0.47
CA-2017-128965,2017-04-17,2017-04-22,PS-18760,OFF-FA-10001561,West,10.9,5,0.0,3.597,0.32999999999999996
CA-2017-128965,2017-04-17,2017-04-22,PS-18760,TEC-AC-10001383,West,274.89,11,0.0,46.7313,0.17
CA-2017-128965,2017-04-17,2017-04-22,PS-18760,OFF-LA-10003190,West,23.04,8,0.0,11.2896,0.49000000000000005
CA-2017-128965,2017-04-17,2017-04-22,PS-18760,FUR-CH-10003774,West,218.352,3,0.2,-19.1058,-0.0875
CA-2017-138618,2017-12-01,2017-12-08,MY-17380,OFF-PA-10000520,Central,10.368,2,0.2,3.6288,0.35
US-2016-126452,2016-08-21,2016-08-28,SC-20230,OFF-BI-10004465,West,12.672,2,0.2,4.752,0.37499999999999994
US-2016-126452,2016-08-21,2016-08-28,SC-20230,TEC-PH-10003555,West,91.96,5,0.2,-20.691,-0.225
US-2016-126452,2016-08-21,2016-08-28,SC-20230,TEC-AC-10000844,West,254.97,3,0.0,91.7892,0.36
US-2016-126452,2016-08-21,2016-08-28,SC-20230,TEC-PH-10003187,West,31.984,2,0.2,-7.996,-0.25
US-2016-126452,2016-08-21,2016-08-28,SC-20230,FUR-TA-10003569,West,2887.056,9,0.2,180.441,0.0625
US-2016-126452,2016-08-21,2016-08-28,SC-20230,OFF-PA-10003848,West,12.96,2,0.0,6.2208,0.4799999999999999
US-2016-126452,2016-08-21,2016-08-28,SC-20230,OFF-PA-10002606,West,47.52,9,0.0,21.384,0.44999999999999996
CA-2016-145009,2016-12-05,2016-12-08,RF-19345,OFF-LA-10004853,Central,11.952,3,0.2,3.8844,0.325
CA-2015-162544,2015-12-16,2015-12-19,SG-20080,OFF-PA-10004948,West,4.98,1,0.0,2.3406,0.4699999999999999
CA-2014-124394,2014-10-17,2014-10-22,TB-21520,OFF-BI-10003676,Central,10.78,5,0.8,-17.248,-1.6
CA-2014-124394,2014-10-17,2014-10-22,TB-21520,TEC-AC-10001314,Central,119.976,3,0.2,-17.9964,-0.15000000000000002
US-2016-121013,2016-09-05,2016-09-10,MM-17920,OFF-LA-10004545,South,25.06,2,0.0,11.7782,0.47000000000000003
US-2016-121013,2016-09-05,2016-09-10,MM-17920,FUR-TA-10003238,South,1652.94,3,0.0,314.0586,0.19
US-2015-123918,2015-10-15,2015-10-15,CG-12520,FUR-FU-10004952,Central,131.376,6,0.6,-95.2476,-0.725
US-2015-123918,2015-10-15,2015-10-15,CG-12520,OFF-PA-10003001,Central,5.344,1,0.2,1.8704,0.35
CA-2015-137113,2015-12-01,2015-12-05,TW-21025,FUR-CH-10001215,West,2003.92,5,0.2,125.245,0.0625
CA-2015-137113,2015-12-01,2015-12-05,TW-21025,OFF-PA-10004255,West,32.4,5,0.0,15.552,0.48
CA-2015-137113,2015-12-01,2015-12-05,TW-21025,FUR-TA-10001705,West,1913.4,9,0.0,401.814,0.21
CA-2015-137113,2015-12-01,2015-12-05,TW-21025,OFF-ST-10002554,West,146.73,3,0.0,2.9346,0.02
CA-2015-137113,2015-12-01,2015-12-05,TW-21025,OFF-PA-10002222,West,114.2,5,0.0,52.532,0.45999999999999996
CA-2015-120677,2015-05-31,2015-06-04,BD-11320,FUR-CH-10002320,Central,2567.84,8,0.0,770.352,0.3
CA-2017-123036,2017-09-10,2017-09-17,HA-14905,TEC-AC-10003499,East,37.056,4,0.2,8.8008,0.23750000000000004
CA-2017-123036,2017-09-10,2017-09-17,HA-14905,TEC-PH-10003580,East,259.896,2,0.4,-56.3108,-0.21666666666666665
CA-2017-120222,2017-04-25,2017-05-02,LL-16840,OFF-PA-10004675,West,19.05,3,0.0,8.763,0.45999999999999996
CA-2017-120222,2017-04-25,2017-05-02,LL-16840,OFF-BI-10000666,West,73.344,3,0.2,27.504,0.37500000000000006
CA-2017-164756,2017-09-18,2017-09-22,SS-20140,TEC-PH-10001552,South,95.68,8,0.0,26.7904,0.27999999999999997
CA-2017-164756,2017-09-18,2017-09-22,SS-20140,OFF-PA-10000673,South,50.96,7,0.0,24.4608,0.48
CA-2017-164756,2017-09-18,2017-09-22,SS-20140,OFF-AR-10000380,South,113.94,3,0.0,34.182,0.30000000000000004
CA-2017-164756,2017-09-18,2017-09-22,SS-20140,OFF-PA-10003848,South,25.92,4,0.0,12.4416,0.4799999999999999
CA-2017-164756,2017-09-18,2017-09-22,SS-20140,FUR-FU-10002963,South,20.32,4,0.0,6.9088,0.34
CA-2017-164756,2017-09-18,2017-09-22,SS-20140,TEC-PH-10002447,South,411.98,2,0.0,119.4742,0.29
CA-2017-164756,2017-09-18,2017-09-22,SS-20140,OFF-SU-10004261,South,34.48,2,0.0,9.9992,0.29000000000000004
CA-2017-164756,2017-09-18,2017-09-22,SS-20140,OFF-PA-10003228,South,244.55,5,0.0,114.9385,0.47
CA-2017-122028,2017-08-18,2017-08-25,CK-12205,OFF-BI-10004817,East,10.782,3,0.7,-7.9068,-0.7333333333333333
US-2015-165512,2015-05-24,2015-05-26,VS-21820,FUR-CH-10002880,Central,602.651,7,0.3,-163.5767,-0.2714285714285714
US-2015-165512,2015-05-24,2015-05-26,VS-21820,OFF-BI-10001249,Central,7.656,6,0.8,-13.0152,-1.7000000000000002
CA-2015-140557,2015-09-07,2015-09-11,TN-21040,TEC-AC-10002402,East,559.93,7,0.0,167.979,0.30000000000000004
US-2017-135013,2017-07-24,2017-07-24,HR-14830,TEC-CO-10001449,West,2399.96,5,0.2,839.986,0.35
CA-2017-111220,2017-09-02,2017-09-08,JS-15595,OFF-FA-10002280,Central,16.0,4,0.2,5.6,0.35
CA-2017-111220,2017-09-02,2017-09-08,JS-15595,OFF-AP-10003278,Central,5.588,2,0.8,-15.0876,-2.7
CA-2017-111220,2017-09-02,2017-09-08,JS-15595,OFF-ST-10003994,Central,235.92,5,0.2,-44.235,-0.1875
US-2017-149006,2017-12-06,2017-12-08,BN-11470,OFF-ST-10003221,West,10.68,1,0.0,2.8836,0.27
CA-2017-149468,2017-05-20,2017-05-20,AR-10405,OFF-BI-10002225,Central,41.28,2,0.0,19.8144,0.48
CA-2016-140249,2016-09-27,2016-10-03,SW-20455,TEC-PH-10002584,West,1001.584,2,0.2,125.198,0.125
US-2017-135503,2017-12-10,2017-12-15,JE-16165,FUR-FU-10002364,South,14.76,2,0.0,4.2804,0.29000000000000004
CA-2014-126277,2014-09-13,2014-09-18,LH-16900,OFF-BI-10004022,East,2.502,3,0.7,-2.0016,-0.8
US-2017-115301,2017-07-29,2017-08-02,VG-21790,FUR-BO-10004709,West,115.96,2,0.0,25.5112,0.22
CA-2017-168942,2017-08-01,2017-08-05,EM-13960,OFF-ST-10004340,West,186.54,3,0.0,50.3658,0.27
US-2017-128398,2017-05-02,2017-05-05,EM-13825,TEC-AC-10001714,West,159.56,4,0.0,59.0372,0.37
CA-2015-104115,2015-06-12,2015-06-16,JH-15910,TEC-PH-10002844,South,55.984,2,0.2,4.1988,0.075
CA-2014-142510,2014-12-22,2014-12-29,NP-18700,OFF-ST-10000585,Central,132.16,1,0.2,9.912,0.07500000000000001
CA-2014-142510,2014-12-22,2014-12-29,NP-18700,OFF-BI-10002824,Central,17.904,6,0.8,-31.332,-1.75
CA-2014-142510,2014-12-22,2014-12-29,NP-18700,OFF-PA-10001289,Central,124.032,4,0.2,44.9616,0.3625
CA-2014-124247,2014-12-16,2014-12-21,SH-20635,FUR-CH-10001854,West,1403.92,5,0.2,70.196,0.049999999999999996
CA-2016-105473,2016-04-16,2016-04-18,BM-11785,OFF-SU-10003567,West,28.8,3,0.0,0.864,0.03
CA-2015-102806,2015-05-21,2015-05-28,HG-14965,OFF-BI-10001597,East,24.588,2,0.7,-18.0312,-0.7333333333333333
CA-2017-121706,2017-02-26,2017-03-02,BM-11140,OFF-AP-10003287,West,356.79,7,0.0,99.9012,0.27999999999999997
CA-2017-109211,2017-04-04,2017-04-10,PS-19045,OFF-EN-10001532,East,16.98,1,0.0,8.49,0.5
CA-2015-134257,2015-03-16,2015-03-19,MS-17710,OFF-LA-10003930,South,491.55,5,0.0,240.8595,0.49
CA-2015-134257,2015-03-16,2015-03-19,MS-17710,OFF-EN-10003845,South,7.38,2,0.0,3.3948,0.46
CA-2015-137925,2015-11-30,2015-12-04,JL-15235,OFF-PA-10002659,East,23.66,7,0.0,10.8836,0.45999999999999996
CA-2015-137925,2015-11-30,2015-12-04,JL-15235,FUR-BO-10001608,East,681.408,12,0.2,42.588,0.0625
CA-2016-140046,2016-07-28,2016-08-03,KM-16660,OFF-LA-10000305,West,18.9,3,0.0,8.694,0.4600000000000001
CA-2016-140382,2016-06-23,2016-06-25,RD-19900,OFF-ST-10003638,West,93.68,4,0.0,25.2936,0.27
CA-2016-140382,2016-06-23,2016-06-25,RD-19900,OFF-LA-10001934,West,21.93,3,0.0,10.3071,0.47000000000000003
CA-2016-140382,2016-06-23,2016-06-25,RD-19900,TEC-PH-10003012,West,862.344,7,0.2,97.0137,0.11249999999999999
CA-2016-140382,2016-06-23,2016-06-25,RD-19900,OFF-PA-10001019,West,19.98,1,0.0,9.3906,0.47
CA-2014-164182,2014-07-14,2014-07-18,ST-20530,TEC-PH-10002070,East,13.494,1,0.4,-2.249,-0.16666666666666669
CA-2014-164182,2014-07-14,2014-07-18,ST-20530,TEC-PH-10002583,East,23.988,2,0.4,-13.993,-0.5833333333333334
CA-2014-164182,2014-07-14,2014-07-18,ST-20530,FUR-FU-10001057,East,31.984,2,0.2,1.1994,0.0375
CA-2014-164182,2014-07-14,2014-07-18,ST-20530,OFF-AR-10001044,East,41.584,2,0.2,4.6782,0.1125
CA-2017-137365,2017-11-30,2017-12-03,BP-11095,TEC-AC-10001767,Central,95.976,3,0.2,-10.7973,-0.1125
CA-2016-129847,2016-09-02,2016-09-04,TA-21385,FUR-FU-10000277,Central,84.272,2,0.6,-75.8448,-0.9
CA-2014-126963,2014-06-15,2014-06-15,PS-18760,OFF-PA-10001952,Central,36.544,2,0.2,11.8768,0.325
CA-2016-125094,2016-11-05,2016-11-09,NP-18700,TEC-AC-10004420,West,479.72,4,0.0,52.7692,0.10999999999999999
CA-2017-107132,2017-06-26,2017-06-30,SC-20260,OFF-BI-10001071,East,102.368,2,0.2,37.1084,0.36250000000000004
CA-2017-107132,2017-06-26,2017-06-30,SC-20260,OFF-SU-10002503,East,28.4,5,0.0,8.236,0.29000000000000004
CA-2017-107132,2017-06-26,2017-06-30,SC-20260,OFF-ST-10001490,East,713.88,4,0.0,214.164,0.3
CA-2017-107132,2017-06-26,2017-06-30,SC-20260,OFF-PA-10003790,East,68.52,3,0.0,31.5192,0.46
CA-2015-139248,2015-07-25,2015-07-30,RD-19930,TEC-PH-10004094,West,623.96,5,0.2,38.9975,0.0625
CA-2014-148369,2014-09-23,2014-09-27,TH-21115,OFF-BI-10004876,East,11.12,4,0.0,5.4488,0.49000000000000005
CA-2016-106243,2016-09-30,2016-10-04,GM-14680,FUR-BO-10003034,East,523.92,5,0.2,-26.196,-0.05000000000000001
CA-2015-126466,2015-11-09,2015-11-13,JO-15550,OFF-FA-10000490,West,2.48,2,0.0,1.1656,0.47
CA-2015-130365,2015-04-25,2015-04-29,ZC-21910,OFF-ST-10002574,Central,221.024,2,0.2,-55.256,-0.25
CA-2015-130365,2015-04-25,2015-04-29,ZC-21910,FUR-CH-10003535,Central,128.058,3,0.3,-23.7822,-0.18571428571428572
CA-2017-143021,2017-11-19,2017-11-19,AP-10720,OFF-BI-10001628,East,58.408,7,0.2,18.2525,0.3125
CA-2017-143021,2017-11-19,2017-11-19,AP-10720,FUR-TA-10001676,East,79.974,3,0.4,-29.3238,-0.36666666666666664
CA-2015-161767,2015-11-20,2015-11-24,GK-14620,TEC-MA-10002790,Central,479.988,2,0.4,55.9986,0.11666666666666667
CA-2015-129917,2015-10-02,2015-10-03,HM-14980,OFF-BI-10001757,West,11.808,3,0.2,4.1328,0.35
CA-2015-129917,2015-10-02,2015-10-03,HM-14980,OFF-BI-10004828,West,53.568,4,0.2,19.4184,0.3625
CA-2015-129917,2015-10-02,2015-10-03,HM-14980,TEC-PH-10000369,West,503.96,5,0.2,50.396,0.1
CA-2015-115420,2015-04-25,2015-05-02,LS-16945,OFF-EN-10003862,West,21.34,2,0.0,9.8164,0.46
CA-2016-157588,2016-07-14,2016-07-19,AR-10570,OFF-BI-10003963,South,36.4,5,0.0,17.108,0.47000000000000003
CA-2016-157588,2016-07-14,2016-07-19,AR-10570,FUR-FU-10004848,South,51.75,1,0.0,15.525,0.3
CA-2015-167255,2015-09-27,2015-09-29,RH-19510,OFF-ST-10001328,West,15.51,1,0.0,4.3428,0.28
CA-2015-167255,2015-09-27,2015-09-29,RH-19510,OFF-PA-10002377,West,146.82,3,0.0,73.41,0.5
CA-2015-167255,2015-09-27,2015-09-29,RH-19510,OFF-PA-10003441,West,12.96,2,0.0,6.2208,0.4799999999999999
CA-2017-162096,2017-11-10,2017-11-10,TB-21190,OFF-AR-10002221,West,7.8,3,0.0,2.106,0.26999999999999996
CA-2016-157161,2016-07-16,2016-07-20,JD-15895,OFF-EN-10001509,South,10.2,5,0.0,4.794,0.47
CA-2016-157161,2016-07-16,2016-07-20,JD-15895,OFF-AR-10003338,South,22.32,3,0.0,5.58,0.25
CA-2016-157161,2016-07-16,2016-07-20,JD-15895,OFF-BI-10004728,South,24.1,5,0.0,11.086,0.45999999999999996
CA-2016-157161,2016-07-16,2016-07-20,JD-15895,TEC-AC-10000358,South,75.98,2,0.0,18.2352,0.23999999999999996
CA-2016-157161,2016-07-16,2016-07-20,JD-15895,OFF-BI-10002764,South,6.46,2,0.0,3.1654,0.49
CA-2016-157161,2016-07-16,2016-07-20,JD-15895,OFF-PA-10001461,South,60.12,9,0.0,28.8576,0.48000000000000004
CA-2015-110765,2015-10-16,2015-10-20,MP-17965,TEC-PH-10004165,East,824.97,3,0.0,214.4922,0.26
CA-2016-163937,2016-01-10,2016-01-13,JB-16000,FUR-FU-10000010,West,24.85,5,0.0,7.7035,0.31
CA-2017-153822,2017-09-19,2017-09-25,AB-10105,OFF-ST-10000321,West,12.624,2,0.2,-2.5248,-0.19999999999999998
CA-2017-153822,2017-09-19,2017-09-25,AB-10105,TEC-AC-10000109,West,89.584,2,0.2,4.4792,0.049999999999999996
CA-2017-153822,2017-09-19,2017-09-25,AB-10105,TEC-PH-10002415,West,471.92,2,0.2,29.495,0.0625
CA-2017-153822,2017-09-19,2017-09-25,AB-10105,OFF-BI-10001460,West,18.18,4,0.7,-13.938,-0.7666666666666667
CA-2017-146185,2017-09-15,2017-09-19,CC-12145,OFF-AR-10002987,Central,31.744,2,0.2,8.3328,0.2625
CA-2015-112144,2015-06-28,2015-07-02,CY-12745,OFF-LA-10000443,West,5.904,2,0.2,1.9926,0.33749999999999997
CA-2015-112144,2015-06-28,2015-07-02,CY-12745,FUR-FU-10004306,West,621.76,4,0.2,46.632,0.075
US-2016-119298,2016-11-25,2016-11-28,EP-13915,TEC-PH-10002564,South,59.98,2,0.0,17.994,0.3
CA-2017-155159,2017-11-25,2017-11-29,DL-13315,OFF-PA-10003724,South,48.87,9,0.0,23.9463,0.49000000000000005
CA-2017-149076,2017-01-14,2017-01-19,SO-20335,OFF-PA-10000483,West,154.9,5,0.0,69.705,0.44999999999999996
CA-2014-146990,2014-11-07,2014-11-08,BP-11095,OFF-FA-10000611,East,5.92,4,0.0,2.8416,0.48000000000000004
CA-2014-146990,2014-11-07,2014-11-08,BP-11095,OFF-PA-10000246,East,30.18,3,0.0,13.8828,0.45999999999999996
CA-2016-116526,2016-09-01,2016-09-05,JA-15970,OFF-BI-10004728,Central,24.1,5,0.0,11.086,0.45999999999999996
CA-2016-116526,2016-09-01,2016-09-05,JA-15970,TEC-PH-10002365,Central,8.78,1,0.0,2.2828,0.26
CA-2016-116526,2016-09-01,2016-09-05,JA-15970,OFF-AP-10002457,Central,376.74,4,0.1,71.162,0.1888888888888889
CA-2016-116526,2016-09-01,2016-09-05,JA-15970,OFF-BI-10000320,Central,29.52,4,0.0,14.4648,0.49
CA-2016-116526,2016-09-01,2016-09-05,JA-15970,OFF-AR-10004999,Central,11.96,2,0.0,2.99,0.25
CA-2016-116526,2016-09-01,2016-09-05,JA-15970,OFF-BI-10001116,Central,26.4,5,0.0,12.672,0.48000000000000004
CA-2017-158561,2017-11-11,2017-11-16,BB-11545,OFF-AP-10002651,South,1158.12,5,0.2,130.2885,0.11250000000000002
CA-2017-165099,2017-12-11,2017-12-13,DK-13375,OFF-AP-10001634,Central,1.392,2,0.8,-3.7584,-2.7
CA-2015-109386,2015-11-08,2015-11-13,RH-19600,OFF-AP-10003266,South,44.43,3,0.0,18.6606,0.42
CA-2015-109386,2015-11-08,2015-11-13,RH-19600,TEC-PH-10002890,South,226.2,5,0.0,58.812,0.26
CA-2015-109386,2015-11-08,2015-11-13,RH-19600,FUR-FU-10000308,South,186.54,3,0.0,41.0388,0.22000000000000003
CA-2015-109386,2015-11-08,2015-11-13,RH-19600,OFF-AR-10000380,South,265.86,7,0.0,79.758,0.3
CA-2015-109386,2015-11-08,2015-11-13,RH-19600,OFF-AR-10000122,South,27.9,5,0.0,6.975,0.25
CA-2015-166800,2015-11-19,2015-11-26,AG-10300,OFF-AP-10004868,West,31.08,4,0.0,8.3916,0.27
CA-2017-117443,2017-12-23,2017-12-25,JB-15400,OFF-BI-10004002,Central,13.84,4,0.8,-22.144,-1.5999999999999999
CA-2017-117443,2017-12-23,2017-12-25,JB-15400,OFF-PA-10004475,Central,175.872,4,0.2,63.7536,0.3625
US-2016-134369,2016-09-16,2016-09-22,BC-11125,OFF-PA-10002195,West,12.96,2,0.0,6.3504,0.48999999999999994
CA-2017-123687,2017-05-26,2017-05-29,KC-16675,OFF-AP-10002670,South,208.44,3,0.0,62.532,0.3
CA-2017-123687,2017-05-26,2017-05-29,KC-16675,OFF-SU-10004498,South,25.76,2,0.0,0.7728,0.03
CA-2015-104871,2015-03-30,2015-04-03,DR-12940,FUR-CH-10003298,Central,366.744,4,0.3,-110.0232,-0.3
CA-2014-133158,2014-08-19,2014-08-21,DW-13195,FUR-FU-10000723,West,289.24,7,0.0,26.0316,0.09
CA-2014-133158,2014-08-19,2014-08-21,DW-13195,OFF-BI-10000632,West,69.456,2,0.2,22.5732,0.325
CA-2014-126333,2014-12-23,2014-12-28,ME-18010,OFF-PA-10000223,Central,5.184,1,0.2,1.8144,0.35
CA-2015-141740,2015-11-01,2015-11-05,JF-15490,FUR-CH-10001545,East,205.164,2,0.1,13.6776,0.06666666666666667
CA-2014-119466,2014-12-15,2014-12-21,SP-20860,FUR-FU-10001546,Central,8.544,2,0.6,-7.476,-0.875
CA-2015-154823,2015-08-21,2015-08-25,KN-16390,OFF-BI-10001098,East,12.828,2,0.7,-8.9796,-0.7
CA-2015-154823,2015-08-21,2015-08-25,KN-16390,FUR-CH-10003379,East,598.458,3,0.3,-42.747,-0.07142857142857144
CA-2015-154823,2015-08-21,2015-08-25,KN-16390,FUR-FU-10000193,East,25.984,1,0.2,-3.8976,-0.15
US-2014-135881,2014-05-23,2014-05-27,GT-14710,OFF-BI-10000829,East,17.96,5,0.2,5.837,0.32499999999999996
US-2014-135881,2014-05-23,2014-05-27,GT-14710,OFF-SU-10003002,East,5.04,2,0.0,0.1512,0.03
US-2014-135881,2014-05-23,2014-05-27,GT-14710,OFF-AP-10002118,East,208.16,1,0.0,56.2032,0.27
CA-2017-141201,2017-12-09,2017-12-11,DB-12910,FUR-BO-10001519,West,148.257,3,0.15,15.6978,0.10588235294117647
CA-2014-114790,2014-03-11,2014-03-13,FM-14215,OFF-AP-10002578,South,146.76,3,0.0,38.1576,0.26
CA-2014-114790,2014-03-11,2014-03-13,FM-14215,TEC-AC-10000710,South,32.96,2,0.0,14.1728,0.43
CA-2014-114790,2014-03-11,2014-03-13,FM-14215,TEC-PH-10000984,South,587.97,3,0.0,164.6316,0.27999999999999997
CA-2014-114790,2014-03-11,2014-03-13,FM-14215,OFF-PA-10000213,South,14.94,3,0.0,7.0218,0.47000000000000003
US-2016-154256,2016-06-23,2016-06-27,SM-20005,OFF-LA-10003720,East,25.83,7,0.0,12.1401,0.47000000000000003
CA-2014-124737,2014-08-23,2014-08-27,AP-10915,OFF-PA-10001837,West,15.552,3,0.2,5.4432,0.35000000000000003
CA-2014-124737,2014-08-23,2014-08-27,AP-10915,OFF-SU-10004661,West,6.8,1,0.2,0.51,0.075
CA-2014-124737,2014-08-23,2014-08-27,AP-10915,FUR-FU-10003274,West,4.224,3,0.2,1.2672,0.3
CA-2014-124737,2014-08-23,2014-08-27,AP-10915,TEC-PH-10000149,West,143.64,9,0.2,10.773,0.07500000000000001
CA-2014-124737,2014-08-23,2014-08-27,AP-10915,OFF-PA-10000019,West,31.104,6,0.2,10.8864,0.35000000000000003
CA-2014-124737,2014-08-23,2014-08-27,AP-10915,OFF-PA-10001125,West,223.056,9,0.2,69.705,0.3125
US-2017-101840,2017-02-06,2017-02-12,SP-20545,TEC-PH-10002538,East,227.46,6,0.0,65.9634,0.29
US-2017-101840,2017-02-06,2017-02-12,SP-20545,OFF-BI-10000279,East,46.24,4,0.2,15.606,0.33749999999999997
CA-2017-131653,2017-01-29,2017-02-05,RD-19585,OFF-LA-10001045,East,5.22,2,0.0,2.4012,0.45999999999999996
US-2016-157840,2016-12-20,2016-12-23,MC-17575,OFF-PA-10003673,Central,33.9,5,0.0,15.594,0.46
CA-2016-145548,2016-11-11,2016-11-16,EB-13750,OFF-ST-10002562,East,28.14,3,0.0,7.8792,0.27999999999999997
CA-2016-145548,2016-11-11,2016-11-16,EB-13750,TEC-AC-10002305,East,36.0,2,0.0,6.48,0.18000000000000002
CA-2016-145548,2016-11-11,2016-11-16,EB-13750,OFF-AR-10003373,East,92.94,3,0.0,25.0938,0.27
CA-2016-145548,2016-11-11,2016-11-16,EB-13750,FUR-CH-10003774,East,245.646,3,0.1,8.1882,0.03333333333333333
CA-2016-145548,2016-11-11,2016-11-16,EB-13750,OFF-BI-10001510,East,55.008,3,0.2,17.19,0.3125
CA-2016-145548,2016-11-11,2016-11-16,EB-13750,OFF-BI-10004236,East,35.232,3,0.2,11.4504,0.325
CA-2017-119494,2017-11-09,2017-11-13,JE-15610,FUR-CH-10004675,West,523.392,3,0.2,52.3392,0.09999999999999999
CA-2014-124618,2014-05-02,2014-05-04,CS-11860,TEC-CO-10004202,South,479.984,2,0.2,89.997,0.1875
CA-2017-161970,2017-09-22,2017-09-27,PB-19105,OFF-PA-10004255,South,12.96,2,0.0,6.2208,0.4799999999999999
CA-2017-161970,2017-09-22,2017-09-27,PB-19105,OFF-AR-10003896,South,17.94,3,0.0,6.4584,0.36
CA-2017-103443,2017-12-17,2017-12-23,AT-10735,OFF-ST-10002276,East,166.72,2,0.0,41.68,0.25
CA-2017-103443,2017-12-17,2017-12-23,AT-10735,OFF-BI-10001617,East,24.816,3,0.2,8.3754,0.3375
CA-2017-103443,2017-12-17,2017-12-23,AT-10735,FUR-FU-10000308,East,124.36,2,0.0,27.3592,0.22
US-2017-165358,2017-07-18,2017-07-23,SV-20365,TEC-CO-10001943,East,599.97,5,0.4,69.9965,0.11666666666666665
US-2017-165358,2017-07-18,2017-07-23,SV-20365,FUR-CH-10002647,East,198.744,4,0.3,-14.196,-0.07142857142857142
US-2017-165358,2017-07-18,2017-07-23,SV-20365,OFF-SU-10004768,East,9.184,2,0.2,1.148,0.125
CA-2016-160136,2016-11-03,2016-11-09,PJ-18835,OFF-PA-10002160,Central,9.248,2,0.2,3.3524,0.3625
CA-2014-150581,2014-04-08,2014-04-12,NM-18445,FUR-TA-10003748,West,99.592,1,0.2,2.4898,0.024999999999999998
CA-2014-150581,2014-04-08,2014-04-12,NM-18445,TEC-AC-10001908,West,399.96,4,0.0,139.986,0.35
CA-2016-119515,2016-08-14,2016-08-16,TR-21325,OFF-PA-10000552,South,15.552,3,0.2,5.4432,0.35000000000000003
CA-2014-141355,2014-09-25,2014-09-30,BF-11005,OFF-AR-10003179,West,14.576,2,0.2,2.3686,0.16249999999999998
CA-2016-165330,2016-12-11,2016-12-11,WB-21850,OFF-BI-10004593,West,209.6,5,0.2,68.12,0.325
CA-2016-165330,2016-12-11,2016-12-11,WB-21850,OFF-AR-10000914,West,23.32,2,0.0,6.0632,0.26
CA-2016-165330,2016-12-11,2016-12-11,WB-21850,OFF-PA-10000241,West,30.98,1,0.0,13.941,0.45
CA-2016-165330,2016-12-11,2016-12-11,WB-21850,TEC-AC-10000057,West,119.96,4,0.0,25.1916,0.21000000000000002
CA-2016-165330,2016-12-11,2016-12-11,WB-21850,FUR-CH-10003774,West,363.92,5,0.2,-31.843,-0.0875
CA-2016-165330,2016-12-11,2016-12-11,WB-21850,OFF-BI-10002824,West,35.808,3,0.2,11.19,0.3125
CA-2016-165330,2016-12-11,2016-12-11,WB-21850,OFF-BI-10004001,West,122.688,9,0.2,39.8736,0.325
CA-2016-165330,2016-12-11,2016-12-11,WB-21850,FUR-TA-10004619,West,892.136,7,0.2,111.517,0.125
CA-2016-165330,2016-12-11,2016-12-11,WB-21850,OFF-ST-10000636,West,50.22,3,0.0,2.0088,0.04
CA-2016-165330,2016-12-11,2016-12-11,WB-21850,OFF-AP-10001469,West,83.42,2,0.0,24.1918,0.29
CA-2016-165330,2016-12-11,2016-12-11,WB-21850,OFF-BI-10002897,West,5.872,2,0.2,2.1286,0.3625
CA-2015-132633,2015-02-03,2015-02-05,KH-16630,OFF-BI-10002432,West,12.144,3,0.2,4.0986,0.3375
CA-2016-157742,2016-12-29,2016-12-31,KL-16645,OFF-EN-10002592,West,27.792,3,0.2,10.422,0.375
CA-2017-127712,2017-08-31,2017-09-05,MG-17890,OFF-SU-10002522,West,6.208,2,0.2,0.6984,0.1125
CA-2017-169474,2017-02-04,2017-02-09,JF-15355,OFF-AP-10003971,East,32.67,3,0.0,8.4942,0.25999999999999995
CA-2014-106726,2014-12-06,2014-12-08,RS-19765,OFF-ST-10001496,West,1261.33,7,0.0,327.9458,0.26
CA-2016-147473,2016-05-30,2016-06-03,NL-18310,OFF-PA-10004782,West,38.88,6,0.0,18.6624,0.48000000000000004
CA-2016-114209,2016-05-21,2016-05-26,AS-10285,OFF-BI-10000343,Central,1.964,2,0.8,-3.2406,-1.6500000000000001
CA-2016-114209,2016-05-21,2016-05-26,AS-10285,OFF-PA-10003591,Central,82.656,9,0.2,30.996,0.37499999999999994
CA-2014-141901,2014-08-09,2014-08-14,GM-14500,OFF-PA-10001667,West,5.98,1,0.0,2.691,0.44999999999999996
CA-2016-164490,2016-09-05,2016-09-10,SU-20665,OFF-PA-10004971,Central,9.248,2,0.2,3.3524,0.3625
CA-2016-112256,2016-07-23,2016-07-28,CK-12205,OFF-AR-10001216,Central,4.448,2,0.2,0.3336,0.075
CA-2016-112256,2016-07-23,2016-07-28,CK-12205,OFF-PA-10004355,Central,5.184,1,0.2,1.8144,0.35
CA-2016-112256,2016-07-23,2016-07-28,CK-12205,OFF-AR-10001953,Central,175.92,5,0.2,15.393,0.08750000000000001
CA-2016-112256,2016-07-23,2016-07-28,CK-12205,OFF-BI-10004364,Central,4.752,4,0.8,-8.316,-1.7500000000000002
CA-2016-112256,2016-07-23,2016-07-28,CK-12205,OFF-SU-10001165,Central,13.344,2,0.2,1.0008,0.075
CA-2016-167416,2016-05-12,2016-05-17,JM-15580,OFF-EN-10001141,West,54.9,5,0.0,26.901,0.49
CA-2016-106950,2016-09-02,2016-09-06,JE-15715,OFF-BI-10000014,South,22.911,7,0.7,-17.5651,-0.7666666666666667
CA-2016-106950,2016-09-02,2016-09-06,JE-15715,OFF-AP-10000159,South,309.456,9,0.2,34.8138,0.11249999999999999
CA-2016-106950,2016-09-02,2016-09-06,JE-15715,OFF-AR-10003560,South,19.456,4,0.2,3.4048,0.175
CA-2016-106950,2016-09-02,2016-09-06,JE-15715,FUR-TA-10001768,South,472.518,3,0.4,-149.6307,-0.31666666666666665
CA-2016-106950,2016-09-02,2016-09-06,JE-15715,TEC-AC-10002049,South,1012.68,3,0.2,303.804,0.3
CA-2016-106950,2016-09-02,2016-09-06,JE-15715,OFF-BI-10003166,South,17.22,5,0.7,-12.628,-0.7333333333333334
CA-2017-118724,2017-07-21,2017-07-25,AR-10825,OFF-AR-10003469,West,3.52,2,0.0,1.6896,0.48
CA-2017-118724,2017-07-21,2017-07-25,AR-10825,TEC-PH-10002549,West,1626.192,9,0.2,121.9644,0.075
CA-2017-112004,2017-09-25,2017-09-28,AH-10075,OFF-BI-10003476,East,8.595,5,0.7,-6.303,-0.7333333333333333
CA-2017-112004,2017-09-25,2017-09-28,AH-10075,OFF-SU-10000157,East,190.896,2,0.2,-42.9516,-0.225
US-2017-143175,2017-08-03,2017-08-06,GA-14515,OFF-ST-10003123,West,99.87,3,0.0,23.9688,0.24000000000000002
CA-2015-105844,2015-10-25,2015-10-27,JF-15415,OFF-AR-10001955,West,79.36,4,0.0,23.808,0.3
CA-2017-118864,2017-06-15,2017-06-19,KH-16690,TEC-PH-10001809,West,119.96,1,0.2,7.4975,0.0625
CA-2015-119480,2015-01-09,2015-01-13,CC-12685,OFF-PA-10000474,South,106.32,3,0.0,49.9704,0.47000000000000003
CA-2015-119480,2015-01-09,2015-01-13,CC-12685,OFF-AP-10001205,South,163.44,3,0.0,45.7632,0.27999999999999997
CA-2015-119480,2015-01-09,2015-01-13,CC-12685,OFF-AR-10004691,South,42.76,2,0.0,11.1176,0.26
CA-2015-119480,2015-01-09,2015-01-13,CC-12685,OFF-PA-10004996,South,51.55,5,0.0,24.2285,0.47000000000000003
US-2015-153374,2015-02-09,2015-02-13,JF-15565,TEC-AC-10001908,Central,479.952,6,0.2,89.991,0.1875
CA-2016-101980,2016-08-19,2016-08-20,RP-19390,OFF-BI-10000666,East,146.688,6,0.2,55.008,0.37500000000000006
CA-2016-101980,2016-08-19,2016-08-20,RP-19390,OFF-BI-10004318,East,276.784,2,0.2,89.9548,0.325
CA-2016-101980,2016-08-19,2016-08-20,RP-19390,OFF-BI-10003429,East,25.32,5,0.2,9.1785,0.3625
CA-2017-144596,2017-11-06,2017-11-10,CD-11980,OFF-PA-10003302,East,318.96,9,0.0,149.9112,0.47000000000000003
CA-2015-124933,2015-12-26,2015-12-30,DF-13135,OFF-PA-10003302,East,212.64,6,0.0,99.9408,0.47000000000000003
CA-2014-159625,2014-11-23,2014-11-28,SM-20005,OFF-EN-10002621,West,23.472,3,0.2,8.802,0.37499999999999994
CA-2016-144337,2016-08-01,2016-08-05,SG-20890,OFF-PA-10000249,Central,19.648,2,0.2,6.6312,0.33749999999999997
CA-2014-117478,2014-09-21,2014-09-24,LH-16750,OFF-BI-10000050,East,6.57,3,0.7,-5.037,-0.7666666666666666
CA-2017-147410,2017-09-04,2017-09-08,EJ-14155,OFF-ST-10003805,West,421.1,2,0.0,105.275,0.25
CA-2017-128944,2017-06-19,2017-06-21,KH-16330,FUR-CH-10000785,East,760.116,6,0.3,-43.4352,-0.05714285714285715
CA-2017-128944,2017-06-19,2017-06-21,KH-16330,FUR-FU-10004909,East,38.784,3,0.2,7.272,0.1875
CA-2017-128944,2017-06-19,2017-06-21,KH-16330,TEC-AC-10001553,East,122.328,9,0.2,1.5291,0.012499999999999999
CA-2016-109666,2016-04-19,2016-04-26,KM-16720,TEC-PH-10004774,East,25.98,2,0.0,0.7794,0.03
CA-2016-109666,2016-04-19,2016-04-26,KM-16720,OFF-AR-10004582,East,3.28,2,0.0,1.476,0.45
CA-2016-109666,2016-04-19,2016-04-26,KM-16720,OFF-ST-10000991,East,459.88,4,0.0,13.7964,0.030000000000000002
CA-2016-109666,2016-04-19,2016-04-26,KM-16720,OFF-SU-10002522,East,7.76,2,0.0,2.2504,0.29
CA-2016-109666,2016-04-19,2016-04-26,KM-16720,OFF-AR-10004022,East,71.96,2,0.0,17.99,0.25
CA-2016-109666,2016-04-19,2016-04-26,KM-16720,OFF-SU-10001218,East,54.9,5,0.0,15.372,0.28
CA-2016-109666,2016-04-19,2016-04-26,KM-16720,OFF-BI-10000174,East,9.28,2,0.2,3.248,0.35000000000000003
US-2016-102239,2016-05-05,2016-05-06,LW-16990,FUR-TA-10003392,West,1685.88,6,0.0,320.3172,0.19
US-2016-102239,2016-05-05,2016-05-06,LW-16990,OFF-BI-10001890,West,5.728,2,0.2,2.0048,0.35
CA-2014-143168,2014-10-18,2014-10-23,IG-15085,OFF-PA-10000167,West,61.96,2,0.0,27.882,0.45
CA-2014-143168,2014-10-18,2014-10-23,IG-15085,OFF-BI-10003784,West,1.344,1,0.2,0.4704,0.35
CA-2017-104906,2017-02-13,2017-02-17,JP-15460,OFF-PA-10001184,East,17.94,3,0.0,8.7906,0.48999999999999994
CA-2017-118122,2017-11-17,2017-11-24,GG-14650,OFF-BI-10002103,West,13.904,2,0.2,4.5188,0.32499999999999996
US-2014-147774,2014-01-20,2014-01-26,MM-18280,OFF-BI-10003091,South,67.194,1,0.7,-51.5154,-0.7666666666666666
CA-2017-166926,2017-12-01,2017-12-08,SO-20335,OFF-PA-10001593,West,41.86,7,0.0,18.837,0.45
CA-2017-166926,2017-12-01,2017-12-08,SO-20335,FUR-BO-10002598,West,141.96,2,0.0,41.1684,0.29
CA-2015-128013,2015-08-09,2015-08-16,MF-18250,FUR-FU-10000320,East,10.02,3,0.0,4.4088,0.44000000000000006
CA-2015-128013,2015-08-09,2015-08-16,MF-18250,OFF-PA-10001815,East,144.12,3,0.0,69.1776,0.48
CA-2016-123176,2016-09-27,2016-09-29,JG-15160,OFF-PA-10003971,South,17.94,3,0.0,8.7906,0.48999999999999994
CA-2016-123176,2016-09-27,2016-09-29,JG-15160,OFF-AR-10004685,South,13.89,3,0.0,4.5837,0.33
US-2016-117541,2016-11-14,2016-11-20,JM-16195,OFF-PA-10001609,East,16.45,5,0.0,7.567,0.46
US-2016-117541,2016-11-14,2016-11-20,JM-16195,FUR-FU-10000550,East,19.92,4,0.0,6.5736,0.32999999999999996
CA-2016-166282,2016-04-16,2016-04-22,PK-19075,TEC-AC-10004209,South,35.168,4,0.2,8.3524,0.2375
CA-2016-166282,2016-04-16,2016-04-22,PK-19075,OFF-PA-10003022,South,123.088,7,0.2,40.0036,0.325
CA-2017-141439,2017-11-26,2017-12-01,TT-21460,FUR-TA-10001039,Central,257.94,3,0.0,67.0644,0.26
CA-2017-141439,2017-11-26,2017-12-01,TT-21460,TEC-PH-10002624,Central,1879.96,4,0.0,545.1884,0.29
CA-2017-141439,2017-11-26,2017-12-01,TT-21460,FUR-FU-10001473,Central,27.46,2,0.0,9.8856,0.36
CA-2017-141439,2017-11-26,2017-12-01,TT-21460,TEC-PH-10001819,Central,89.98,2,0.0,43.1904,0.4799999999999999
CA-2017-141439,2017-11-26,2017-12-01,TT-21460,FUR-CH-10004287,Central,828.6,3,0.0,240.294,0.29
CA-2015-163965,2015-11-20,2015-11-27,SS-20875,OFF-BI-10004728,South,7.23,5,0.7,-5.784,-0.7999999999999999
CA-2015-163965,2015-11-20,2015-11-27,SS-20875,OFF-ST-10000918,South,17.44,2,0.2,1.308,0.075
CA-2015-163965,2015-11-20,2015-11-27,SS-20875,OFF-BI-10004593,South,62.88,4,0.7,-50.304,-0.8
CA-2015-163965,2015-11-20,2015-11-27,SS-20875,FUR-BO-10001337,South,290.352,3,0.2,-36.294,-0.125
CA-2017-128783,2017-09-07,2017-09-07,TG-21640,TEC-AC-10002473,Central,113.52,4,0.0,46.5432,0.41000000000000003
CA-2017-128783,2017-09-07,2017-09-07,TG-21640,FUR-FU-10003623,Central,135.3,5,0.0,37.884,0.27999999999999997
CA-2014-122217,2014-11-24,2014-11-29,HP-14815,FUR-FU-10002045,South,111.15,5,0.0,48.906,0.43999999999999995
US-2017-141558,2017-03-11,2017-03-16,MH-17290,TEC-PH-10002555,East,776.85,5,0.4,-181.265,-0.2333333333333333
US-2017-141558,2017-03-11,2017-03-16,MH-17290,OFF-BI-10002794,East,12.294,1,0.7,-8.6058,-0.7
US-2017-141558,2017-03-11,2017-03-16,MH-17290,FUR-TA-10004086,East,154.764,3,0.4,-46.4292,-0.3
US-2017-141558,2017-03-11,2017-03-16,MH-17290,OFF-ST-10004946,East,43.28,1,0.2,3.246,0.075
CA-2016-139941,2016-06-12,2016-06-17,CB-12415,OFF-PA-10000241,East,92.94,3,0.0,41.823,0.45
CA-2016-139941,2016-06-12,2016-06-17,CB-12415,OFF-AP-10004036,East,52.56,3,0.0,18.396,0.35
CA-2015-166583,2015-06-26,2015-06-30,VD-21670,TEC-PH-10001578,Central,971.88,3,0.2,109.3365,0.1125
CA-2017-100412,2017-12-22,2017-12-26,SR-20425,FUR-CH-10002647,South,141.96,2,0.0,35.49,0.25
CA-2017-142909,2017-12-22,2017-12-25,AG-10330,FUR-TA-10003008,West,182.55,2,0.5,-135.087,-0.7399999999999999
CA-2014-137911,2014-10-09,2014-10-15,BP-11095,OFF-PA-10004071,South,88.768,2,0.2,31.0688,0.35
CA-2015-106208,2015-12-10,2015-12-15,JW-16075,OFF-AP-10004980,Central,53.088,7,0.8,-108.8304,-2.05
US-2015-136749,2015-12-25,2015-12-27,LH-16900,FUR-FU-10000747,South,275.88,6,0.0,46.8996,0.17
US-2015-136749,2015-12-25,2015-12-27,LH-16900,OFF-BI-10004492,South,157.9,5,0.0,74.213,0.4699999999999999
CA-2017-126718,2017-04-29,2017-05-04,KT-16480,OFF-LA-10004055,East,4.91,1,0.0,2.4059,0.49
CA-2016-131380,2016-03-28,2016-03-31,CC-12220,OFF-ST-10002485,West,87.92,4,0.0,0.8792,0.01
CA-2016-131380,2016-03-28,2016-03-31,CC-12220,OFF-PA-10001243,West,5.98,1,0.0,2.9302,0.49
CA-2015-145835,2015-05-13,2015-05-18,BF-11170,TEC-PH-10004447,Central,222.384,2,0.2,16.6788,0.075
CA-2015-145835,2015-05-13,2015-05-18,BF-11170,OFF-FA-10002280,Central,16.0,4,0.2,5.6,0.35
CA-2014-138709,2014-07-04,2014-07-09,MS-17770,OFF-PA-10004734,South,21.84,3,0.0,10.92,0.5
CA-2014-138709,2014-07-04,2014-07-09,MS-17770,OFF-BI-10000145,South,15.6,5,0.0,7.644,0.49000000000000005
CA-2014-122070,2014-04-22,2014-04-24,AH-10030,OFF-EN-10004773,East,247.84,8,0.0,121.4416,0.49
CA-2014-122070,2014-04-22,2014-04-24,AH-10030,OFF-BI-10004970,East,9.912,3,0.2,3.3453,0.33749999999999997
CA-2016-158610,2016-09-19,2016-09-22,CK-12595,OFF-ST-10000604,East,69.52,2,0.0,17.38,0.25
CA-2014-117464,2014-07-22,2014-07-24,NP-18325,OFF-AR-10003190,West,11.52,4,0.0,3.2256,0.28
CA-2014-117464,2014-07-22,2014-07-24,NP-18325,FUR-CH-10000155,West,717.72,3,0.2,71.772,0.1
CA-2014-117464,2014-07-22,2014-07-24,NP-18325,OFF-ST-10003058,West,236.5,10,0.0,68.585,0.29
CA-2014-117464,2014-07-22,2014-07-24,NP-18325,FUR-TA-10004767,West,170.352,3,0.2,19.1646,0.1125
US-2017-168613,2017-10-08,2017-10-14,GM-14440,FUR-CH-10002372,East,145.764,2,0.1,3.2392,0.02222222222222222
CA-2017-125381,2017-04-25,2017-04-27,SG-20605,TEC-AC-10000158,West,107.97,3,0.0,22.6737,0.21
US-2017-141677,2017-03-26,2017-03-30,HK-14890,TEC-AC-10000158,Central,143.96,5,0.2,1.7995,0.0125
US-2017-141677,2017-03-26,2017-03-30,HK-14890,TEC-CO-10002313,Central,2399.96,5,0.2,569.9905,0.2375
US-2017-141677,2017-03-26,2017-03-30,HK-14890,OFF-PA-10002581,Central,74.352,3,0.2,23.235,0.3125
US-2017-141677,2017-03-26,2017-03-30,HK-14890,OFF-AP-10001205,Central,87.168,8,0.8,-226.6368,-2.5999999999999996
US-2017-141677,2017-03-26,2017-03-30,HK-14890,OFF-ST-10000344,Central,32.232,3,0.2,2.4174,0.07500000000000001
CA-2017-133067,2017-05-04,2017-05-10,MY-18295,OFF-BI-10002897,East,2.202,2,0.7,-1.5414,-0.7000000000000001
CA-2017-133067,2017-05-04,2017-05-10,MY-18295,OFF-BI-10003694,East,9.396,3,0.7,-7.5168,-0.7999999999999999
US-2016-144351,2016-11-14,2016-11-18,RC-19960,TEC-PH-10001644,East,89.97,3,0.0,25.1916,0.28
CA-2014-106054,2014-01-06,2014-01-07,JO-15145,OFF-AR-10002399,South,12.78,3,0.0,5.2398,0.41000000000000003
CA-2016-138667,2016-12-27,2016-12-30,MW-18220,TEC-AC-10003063,East,40.0,2,0.2,0.5,0.0125
CA-2017-150609,2017-04-30,2017-05-04,NZ-18565,OFF-BI-10002071,West,23.24,5,0.2,7.553,0.325
CA-2017-128853,2017-04-21,2017-04-23,JM-15250,FUR-CH-10004218,East,908.82,9,0.0,227.205,0.25
CA-2017-133102,2017-08-17,2017-08-24,ED-13885,OFF-SU-10000432,Central,5.552,2,0.2,-1.041,-0.1875
CA-2017-133102,2017-08-17,2017-08-24,ED-13885,OFF-AR-10003183,Central,8.016,3,0.2,1.002,0.125
CA-2017-133102,2017-08-17,2017-08-24,ED-13885,FUR-CH-10002017,Central,74.592,4,0.3,-2.1312,-0.028571428571428574
CA-2017-133102,2017-08-17,2017-08-24,ED-13885,FUR-FU-10003247,Central,16.784,2,0.6,-22.2388,-1.3250000000000002
CA-2017-133102,2017-08-17,2017-08-24,ED-13885,OFF-AP-10001563,Central,38.864,4,0.8,-99.1032,-2.5500000000000003
CA-2016-164399,2016-11-12,2016-11-15,DW-13480,TEC-PH-10004908,West,203.976,3,0.2,25.497,0.125
CA-2016-164399,2016-11-12,2016-11-15,DW-13480,FUR-TA-10003392,West,674.352,3,0.2,-8.4294,-0.012499999999999999
CA-2016-116918,2016-10-01,2016-10-06,JK-15205,OFF-BI-10004140,South,5.388,4,0.7,-4.49,-0.8333333333333334
CA-2016-116918,2016-10-01,2016-10-06,JK-15205,OFF-AR-10003631,South,30.976,8,0.2,5.0336,0.1625
CA-2016-110492,2016-02-12,2016-02-14,JS-15880,OFF-ST-10003716,South,1350.12,6,0.0,175.5156,0.13
CA-2016-110492,2016-02-12,2016-02-14,JS-15880,OFF-BI-10003274,South,15.92,4,0.0,7.4824,0.47000000000000003
CA-2016-147683,2016-11-13,2016-11-17,PO-19180,FUR-FU-10004848,West,19.54,2,0.0,7.2298,0.37
CA-2014-116785,2014-04-26,2014-04-30,MH-17290,OFF-AR-10003504,West,21.4,5,0.0,6.206,0.29000000000000004
CA-2014-116785,2014-04-26,2014-04-30,MH-17290,OFF-LA-10000305,West,12.6,2,0.0,5.796,0.46
US-2015-156797,2015-08-11,2015-08-15,PO-19180,OFF-AR-10001427,East,11.96,2,0.0,3.1096,0.25999999999999995
US-2015-156797,2015-08-11,2015-08-15,PO-19180,TEC-PH-10004614,East,138.0,2,0.0,34.5,0.25
CA-2016-104276,2016-11-27,2016-12-03,HF-14995,TEC-PH-10001944,South,116.76,1,0.2,14.595,0.125
CA-2016-104276,2016-11-27,2016-12-03,HF-14995,FUR-TA-10001039,South,331.023,7,0.45,-114.3534,-0.3454545454545454
CA-2016-120369,2016-10-28,2016-10-28,VB-21745,FUR-FU-10003806,East,756.8,5,0.0,75.68,0.10000000000000002
CA-2014-118276,2014-12-29,2015-01-02,MG-17890,FUR-FU-10002111,Central,8.736,3,0.6,-4.8048,-0.5499999999999999
CA-2015-136658,2015-09-10,2015-09-17,BO-11425,OFF-AR-10000817,East,6.08,2,0.0,2.0672,0.34
CA-2017-137414,2017-10-02,2017-10-06,CM-12115,FUR-FU-10001424,West,17.46,2,0.0,5.9364,0.33999999999999997
CA-2017-137414,2017-10-02,2017-10-06,CM-12115,TEC-MA-10002930,West,369.16,11,0.2,32.3015,0.08749999999999998
CA-2016-143476,2016-09-11,2016-09-13,LC-16930,OFF-AR-10003759,West,2.912,2,0.2,0.91,0.3125
CA-2016-143476,2016-09-11,2016-09-13,LC-16930,OFF-PA-10001837,West,20.736,4,0.2,7.2576,0.35
CA-2016-143476,2016-09-11,2016-09-13,LC-16930,OFF-PA-10001667,West,9.568,2,0.2,2.99,0.31250000000000006
US-2016-119046,2016-06-02,2016-06-06,EH-13765,OFF-PA-10000246,West,30.18,3,0.0,13.8828,0.45999999999999996
US-2016-119046,2016-06-02,2016-06-06,EH-13765,OFF-BI-10001078,West,51.648,12,0.2,18.7224,0.3625
US-2016-119046,2016-06-02,2016-06-06,EH-13765,OFF-BI-10000138,West,11.232,3,0.2,3.9312,0.35000000000000003
CA-2017-154949,2017-10-15,2017-10-19,MC-17275,OFF-LA-10002034,West,14.73,3,0.0,7.2177,0.49
CA-2015-103072,2015-09-27,2015-09-30,HW-14935,OFF-AR-10000127,Central,16.4,5,0.0,4.756,0.29000000000000004
CA-2015-103072,2015-09-27,2015-09-30,HW-14935,OFF-PA-10003172,Central,25.92,4,0.0,12.4416,0.4799999999999999
CA-2015-150770,2015-05-03,2015-05-06,LC-16870,OFF-AR-10001246,West,8.82,3,0.0,2.5578,0.29
CA-2015-150770,2015-05-03,2015-05-06,LC-16870,OFF-BI-10002026,West,62.496,2,0.2,21.8736,0.35
CA-2015-150770,2015-05-03,2015-05-06,LC-16870,TEC-AC-10000844,West,339.96,4,0.0,122.3856,0.36
CA-2015-150770,2015-05-03,2015-05-06,LC-16870,OFF-BI-10001575,West,49.568,2,0.2,17.3488,0.35000000000000003
CA-2017-154760,2017-01-09,2017-01-13,BP-11290,OFF-BI-10004632,East,274.491,3,0.7,-228.7425,-0.8333333333333334
US-2017-104437,2017-01-27,2017-01-31,TG-21310,TEC-PH-10000193,East,137.94,3,0.0,35.8644,0.26
CA-2017-113075,2017-09-02,2017-09-06,MC-18100,TEC-AC-10003441,Central,40.68,3,0.2,-7.119,-0.175
CA-2016-109953,2016-07-14,2016-07-18,RB-19360,TEC-PH-10004093,West,110.376,3,0.2,12.4173,0.11249999999999999
CA-2016-109953,2016-07-14,2016-07-18,RB-19360,OFF-AP-10002998,West,151.62,7,0.0,50.0346,0.32999999999999996
CA-2016-109953,2016-07-14,2016-07-18,RB-19360,FUR-FU-10000073,West,30.8,4,0.0,10.164,0.32999999999999996
CA-2017-127397,2017-02-24,2017-02-28,ES-14080,OFF-PA-10001125,East,123.92,5,0.2,38.725,0.3125
CA-2017-127397,2017-02-24,2017-02-28,ES-14080,TEC-AC-10003033,East,1319.8,5,0.2,214.4675,0.1625
CA-2014-157546,2014-07-20,2014-07-22,RD-19720,OFF-BI-10002498,West,89.712,6,0.2,30.2778,0.33749999999999997
CA-2014-157546,2014-07-20,2014-07-22,RD-19720,OFF-PA-10004569,West,22.83,3,0.0,10.7301,0.47000000000000003
CA-2017-153843,2017-03-13,2017-03-15,SC-20380,OFF-BI-10002353,East,30.88,2,0.0,15.44,0.5
CA-2017-153843,2017-03-13,2017-03-15,SC-20380,OFF-AP-10001564,East,465.16,2,0.0,120.9416,0.25999999999999995
CA-2017-153843,2017-03-13,2017-03-15,SC-20380,OFF-PA-10003673,East,27.12,4,0.0,12.4752,0.45999999999999996
CA-2016-137337,2016-03-08,2016-03-12,GB-14575,FUR-FU-10003347,East,113.6,8,0.0,44.304,0.39
CA-2016-137337,2016-03-08,2016-03-12,GB-14575,OFF-PA-10001934,East,12.96,2,0.0,6.3504,0.48999999999999994
CA-2016-137337,2016-03-08,2016-03-12,GB-14575,OFF-BI-10000632,East,69.456,2,0.2,22.5732,0.325
CA-2014-138737,2014-12-07,2014-12-10,FP-14320,OFF-AR-10003190,West,8.64,3,0.0,2.4192,0.27999999999999997
CA-2016-164924,2016-07-10,2016-07-10,EA-14035,TEC-MA-10000904,East,341.991,3,0.7,-319.1916,-0.9333333333333333
CA-2016-101651,2016-12-24,2016-12-30,SC-20305,FUR-FU-10000771,West,43.96,7,0.0,18.4632,0.42
CA-2016-101651,2016-12-24,2016-12-30,SC-20305,OFF-EN-10001990,West,39.76,7,0.0,18.6872,0.47000000000000003
CA-2017-136651,2017-04-23,2017-04-25,JF-15355,FUR-FU-10002445,West,66.36,7,0.0,26.544,0.4
CA-2017-136651,2017-04-23,2017-04-25,JF-15355,OFF-BI-10003638,West,92.88,6,0.2,30.186,0.325
CA-2017-136651,2017-04-23,2017-04-25,JF-15355,FUR-FU-10004864,West,24.14,2,0.0,7.9662,0.32999999999999996
CA-2017-118892,2017-08-17,2017-08-22,TP-21415,FUR-CH-10002024,East,4416.174,9,0.3,-630.882,-0.14285714285714285
US-2017-151127,2017-05-22,2017-05-25,RL-19615,OFF-AR-10002445,West,49.56,7,0.0,18.8328,0.37999999999999995
CA-2017-145807,2017-02-09,2017-02-13,SB-20170,OFF-ST-10001370,West,354.9,5,0.0,17.745,0.05
US-2014-127978,2014-03-03,2014-03-08,JS-15595,OFF-LA-10000305,East,15.12,3,0.2,4.914,0.325
US-2014-127978,2014-03-03,2014-03-08,JS-15595,FUR-BO-10001972,East,302.45,5,0.5,-199.617,-0.66
US-2014-127978,2014-03-03,2014-03-08,JS-15595,OFF-ST-10002486,East,44.672,8,0.2,-10.0512,-0.225
CA-2015-158491,2015-06-04,2015-06-09,BP-11155,TEC-AC-10001874,West,119.98,2,0.0,35.994,0.3
CA-2015-158491,2015-06-04,2015-06-09,BP-11155,TEC-AC-10003870,West,989.97,3,0.0,395.988,0.39999999999999997
CA-2016-116764,2016-08-27,2016-09-02,EM-13825,OFF-LA-10002473,South,9.216,4,0.2,3.3408,0.36250000000000004
CA-2016-152457,2016-09-12,2016-09-18,SC-20695,OFF-PA-10003790,Central,68.52,3,0.0,31.5192,0.46
CA-2016-152730,2016-05-30,2016-06-04,EM-14140,OFF-AP-10002684,Central,364.74,3,0.0,109.422,0.3
CA-2016-152730,2016-05-30,2016-06-04,EM-14140,FUR-FU-10001037,Central,47.4,5,0.0,21.33,0.44999999999999996
CA-2016-152730,2016-05-30,2016-06-04,EM-14140,OFF-ST-10000876,Central,49.76,4,0.0,13.9328,0.28
CA-2016-152730,2016-05-30,2016-06-04,EM-14140,OFF-AR-10003732,Central,5.56,2,0.0,1.4456,0.26
CA-2016-152730,2016-05-30,2016-06-04,EM-14140,OFF-PA-10000994,Central,629.1,6,0.0,301.968,0.48000000000000004
CA-2016-152730,2016-05-30,2016-06-04,EM-14140,OFF-AR-10000940,Central,14.7,5,0.0,3.969,0.27
CA-2016-152730,2016-05-30,2016-06-04,EM-14140,OFF-PA-10004888,Central,45.36,7,0.0,21.7728,0.48
CA-2016-152730,2016-05-30,2016-06-04,EM-14140,TEC-PH-10000441,Central,125.99,1,0.0,35.2772,0.28
CA-2017-137001,2017-06-10,2017-06-13,GZ-14545,OFF-AR-10001231,West,14.7,7,0.0,4.116,0.27999999999999997
CA-2017-156363,2017-10-22,2017-10-28,ML-17395,TEC-PH-10003988,East,32.7,5,0.4,-6.54,-0.19999999999999998
CA-2017-156363,2017-10-22,2017-10-28,ML-17395,OFF-EN-10003068,East,31.68,4,0.2,11.088,0.35
CA-2017-122056,2017-06-13,2017-06-17,PG-18895,OFF-AR-10004260,South,181.86,7,0.0,50.9208,0.27999999999999997
US-2014-143721,2014-11-23,2014-11-26,DK-12835,FUR-CH-10001973,Central,155.372,2,0.3,-35.5136,-0.22857142857142854
CA-2017-122987,2017-08-16,2017-08-16,SJ-20215,OFF-BI-10002824,South,13.428,3,0.7,-11.19,-0.8333333333333333
CA-2017-122987,2017-08-16,2017-08-16,SJ-20215,OFF-ST-10004950,South,67.136,4,0.2,-0.8392,-0.0125
CA-2016-133368,2016-01-14,2016-01-20,AG-10675,OFF-PA-10004039,South,89.568,2,0.2,32.4684,0.36250000000000004
CA-2016-133368,2016-01-14,2016-01-20,AG-10675,FUR-FU-10003374,South,315.776,8,0.2,31.5776,0.09999999999999999
CA-2016-123337,2016-09-16,2016-09-22,KD-16495,FUR-BO-10001918,West,273.666,2,0.15,-12.8784,-0.047058823529411764
CA-2016-123337,2016-09-16,2016-09-22,KD-16495,OFF-AP-10002287,West,17.48,4,0.0,4.5448,0.26
US-2016-150357,2016-10-10,2016-10-14,EB-13975,OFF-SU-10004498,South,20.608,2,0.2,-4.3792,-0.2125
US-2016-150357,2016-10-10,2016-10-14,EB-13975,OFF-BI-10002557,South,4.095,3,0.7,-2.73,-0.6666666666666667
CA-2015-144519,2015-11-13,2015-11-17,AW-10930,TEC-PH-10004908,West,339.96,5,0.2,42.495,0.125
CA-2015-144519,2015-11-13,2015-11-17,AW-10930,FUR-FU-10000794,West,63.98,7,0.0,21.7532,0.34
CA-2014-120670,2014-11-02,2014-11-06,JK-16120,TEC-AC-10004171,South,799.92,10,0.2,239.976,0.3
CA-2016-157217,2016-07-19,2016-07-21,TC-21535,TEC-PH-10002070,West,35.984,2,0.2,4.498,0.125
CA-2016-157217,2016-07-19,2016-07-21,TC-21535,TEC-AC-10003095,West,389.97,3,0.0,132.5898,0.33999999999999997
CA-2016-108224,2016-05-14,2016-05-14,TH-21235,TEC-AC-10003832,West,185.528,7,0.2,48.7011,0.2625
CA-2015-162782,2015-02-21,2015-02-27,PW-19240,OFF-BI-10003527,East,2541.98,2,0.0,1270.99,0.5
CA-2017-159282,2017-10-16,2017-10-21,GH-14410,TEC-MA-10001148,West,599.985,5,0.7,-479.988,-0.7999999999999999
CA-2017-155936,2017-06-22,2017-06-29,JK-15730,OFF-BI-10002432,Central,3.036,3,0.8,-5.0094,-1.6500000000000001
CA-2017-169439,2017-09-09,2017-09-13,LC-17140,OFF-AR-10001374,East,25.92,5,0.2,3.888,0.15
CA-2017-169439,2017-09-09,2017-09-13,LC-17140,FUR-FU-10000723,East,66.112,2,0.2,-9.0904,-0.1375
CA-2017-151183,2017-10-14,2017-10-19,BK-11260,TEC-AC-10003614,West,46.36,4,0.0,15.2988,0.33
CA-2016-149965,2016-06-20,2016-06-25,BS-11365,TEC-AC-10004877,Central,6.9,1,0.0,0.552,0.08
CA-2016-149965,2016-06-20,2016-06-25,BS-11365,FUR-FU-10004270,Central,57.69,3,0.0,23.6529,0.41
CA-2014-158281,2014-09-02,2014-09-07,AG-10525,TEC-MA-10002210,Central,559.71,3,0.4,-121.2705,-0.21666666666666665
CA-2016-153661,2016-01-30,2016-01-31,SC-20725,OFF-ST-10000675,West,305.01,9,0.0,76.2525,0.25
CA-2016-153661,2016-01-30,2016-01-31,SC-20725,OFF-BI-10004781,West,50.784,2,0.2,17.7744,0.35000000000000003
CA-2016-153661,2016-01-30,2016-01-31,SC-20725,OFF-LA-10004689,West,26.01,9,0.0,12.2247,0.47
CA-2017-109183,2017-12-04,2017-12-09,LR-16915,TEC-MA-10001856,South,649.0,2,0.5,-272.58,-0.42
CA-2016-113656,2016-01-23,2016-01-29,CB-12415,FUR-FU-10000719,West,59.99,7,0.0,21.5964,0.36
CA-2015-148964,2015-05-26,2015-05-31,RD-19900,FUR-FU-10003849,West,20.24,1,0.0,7.8936,0.39
CA-2014-111899,2014-05-04,2014-05-05,NC-18340,OFF-AR-10001725,Central,37.84,2,0.2,2.838,0.075
CA-2014-111899,2014-05-04,2014-05-05,NC-18340,OFF-FA-10000840,Central,5.472,6,0.2,1.8468,0.33749999999999997
CA-2015-101126,2015-02-10,2015-02-14,NB-18655,OFF-ST-10000943,East,77.24,5,0.2,7.724,0.1
CA-2014-163468,2014-11-18,2014-11-21,JK-15730,FUR-TA-10002533,Central,292.1,4,0.5,-175.26,-0.5999999999999999
CA-2014-163468,2014-11-18,2014-11-21,JK-15730,FUR-FU-10001546,Central,8.544,2,0.6,-7.476,-0.875
CA-2014-163468,2014-11-18,2014-11-21,JK-15730,FUR-BO-10003546,Central,424.116,6,0.3,-30.294,-0.07142857142857144
CA-2014-163468,2014-11-18,2014-11-21,JK-15730,OFF-BI-10004728,Central,2.892,3,0.8,-4.9164,-1.7000000000000002
CA-2014-163468,2014-11-18,2014-11-21,JK-15730,OFF-ST-10000025,Central,381.72,5,0.2,-66.801,-0.175
US-2017-117450,2017-09-04,2017-09-08,DO-13645,FUR-CH-10003817,South,97.184,2,0.2,6.074,0.0625
US-2017-117450,2017-09-04,2017-09-08,DO-13645,OFF-PA-10000289,South,10.368,2,0.2,3.6288,0.35
CA-2014-137274,2014-03-29,2014-04-02,MG-18145,FUR-TA-10001889,Central,890.841,3,0.3,-152.7156,-0.17142857142857143
CA-2016-144092,2016-11-05,2016-11-07,LH-17155,TEC-AC-10002305,West,72.0,4,0.0,12.96,0.18000000000000002
CA-2016-144092,2016-11-05,2016-11-07,LH-17155,FUR-CH-10004875,West,113.888,2,0.2,9.9652,0.0875
CA-2016-144092,2016-11-05,2016-11-07,LH-17155,OFF-EN-10001434,West,158.13,3,0.0,77.4837,0.49
CA-2017-112172,2017-06-10,2017-06-14,MM-18280,OFF-FA-10004395,East,14.13,3,0.0,0.7065,0.049999999999999996
CA-2015-121699,2015-08-10,2015-08-14,BD-11320,OFF-BI-10004632,Central,64.75,5,0.0,29.1375,0.45
CA-2015-162761,2015-10-09,2015-10-13,SC-20575,OFF-BI-10000145,South,1.872,2,0.7,-1.3104,-0.7
CA-2015-162761,2015-10-09,2015-10-13,SC-20575,OFF-BI-10002498,South,11.214,2,0.7,-8.5974,-0.7666666666666667
CA-2015-162761,2015-10-09,2015-10-13,SC-20575,OFF-AR-10001761,South,37.376,8,0.2,7.4752,0.2
CA-2016-121377,2016-05-28,2016-06-02,TN-21040,TEC-PH-10001817,Central,286.4,1,0.2,25.06,0.08750000000000001
CA-2017-115322,2017-05-11,2017-05-16,ZC-21910,OFF-AR-10004456,East,43.92,3,0.0,12.7368,0.29
CA-2016-132066,2016-10-16,2016-10-20,NB-18655,FUR-TA-10001539,East,142.182,1,0.4,-37.9152,-0.26666666666666666
CA-2017-158120,2017-11-17,2017-11-21,KH-16330,OFF-PA-10003205,West,19.608,3,0.2,6.6177,0.3375
CA-2017-158120,2017-11-17,2017-11-21,KH-16330,OFF-BI-10002813,West,4.158,7,0.7,-3.465,-0.8333333333333333
CA-2017-100097,2017-11-26,2017-11-29,MN-17935,TEC-PH-10002310,East,979.95,5,0.0,264.5865,0.26999999999999996
CA-2017-100097,2017-11-26,2017-11-29,MN-17935,FUR-FU-10003623,East,135.3,5,0.0,37.884,0.27999999999999997
CA-2017-167626,2017-09-03,2017-09-07,MY-18295,OFF-PA-10003424,Central,8.904,3,0.2,3.339,0.375
CA-2017-167626,2017-09-03,2017-09-07,MY-18295,TEC-AC-10004353,Central,100.8,2,0.2,21.42,0.21250000000000002
US-2017-126053,2017-12-05,2017-12-08,CS-11950,FUR-FU-10001934,East,41.96,2,0.0,10.9096,0.25999999999999995
US-2017-126053,2017-12-05,2017-12-08,CS-11950,OFF-LA-10003766,East,9.45,3,0.0,4.536,0.48
US-2017-128447,2017-11-10,2017-11-17,MC-17845,OFF-AP-10004540,West,400.8,5,0.0,112.224,0.28
US-2017-128447,2017-11-10,2017-11-17,MC-17845,OFF-BI-10001543,West,28.792,1,0.2,10.0772,0.35
US-2014-131275,2014-03-18,2014-03-24,SC-20050,FUR-FU-10004597,West,111.0,2,0.0,14.43,0.13
US-2014-131275,2014-03-18,2014-03-24,SC-20050,TEC-MA-10001148,West,1279.968,4,0.2,415.9896,0.32499999999999996
US-2014-131275,2014-03-18,2014-03-24,SC-20050,OFF-ST-10000078,West,1856.19,7,0.0,334.1142,0.18
CA-2016-149349,2016-11-12,2016-11-13,SP-20650,FUR-FU-10001037,Central,22.752,6,0.6,-8.532,-0.375
CA-2017-115119,2017-10-26,2017-10-30,SC-20440,TEC-PH-10001433,East,61.542,1,0.4,-13.3341,-0.21666666666666665
CA-2017-115119,2017-10-26,2017-10-30,SC-20440,OFF-BI-10003007,East,81.438,7,0.7,-65.1504,-0.8
CA-2015-125563,2015-04-11,2015-04-17,PR-18880,FUR-FU-10001290,South,67.36,2,0.2,10.104,0.15
CA-2015-125563,2015-04-11,2015-04-17,PR-18880,FUR-FU-10000087,South,54.528,3,0.2,14.3136,0.2625
CA-2015-113152,2015-12-25,2015-12-30,JK-15625,TEC-AC-10002049,East,843.9,2,0.0,371.316,0.44
CA-2015-113152,2015-12-25,2015-12-30,JK-15625,FUR-BO-10002613,East,449.568,2,0.2,56.196,0.125
CA-2017-165155,2017-09-21,2017-09-23,BM-11575,OFF-ST-10004950,West,15.51,1,0.0,3.8775,0.25
CA-2014-163412,2014-12-20,2014-12-23,SM-20950,FUR-CH-10004875,East,192.186,3,0.1,36.3018,0.18888888888888888
CA-2015-159590,2015-07-18,2015-07-21,KC-16255,OFF-AR-10003190,East,5.76,2,0.0,1.6128,0.28
CA-2014-116190,2014-07-26,2014-08-01,SG-20470,FUR-CH-10000553,South,67.88,2,0.0,18.3276,0.27
CA-2014-116190,2014-07-26,2014-08-01,SG-20470,OFF-LA-10002762,South,162.89,13,0.0,76.5583,0.47000000000000003
CA-2014-116190,2014-07-26,2014-08-01,SG-20470,FUR-FU-10000719,South,25.71,3,0.0,9.2556,0.36
CA-2014-168473,2014-12-26,2015-01-01,TB-21520,OFF-ST-10000563,East,191.88,6,0.0,19.188,0.09999999999999999
CA-2017-168389,2017-12-11,2017-12-17,DV-13045,FUR-TA-10004289,South,721.875,6,0.45,-420.0,-0.5818181818181818
CA-2017-168389,2017-12-11,2017-12-17,DV-13045,TEC-PH-10003555,South,73.568,4,0.2,-16.5528,-0.22500000000000003
CA-2017-168389,2017-12-11,2017-12-17,DV-13045,OFF-AR-10001958,South,13.584,1,0.2,1.3584,0.1
CA-2017-168389,2017-12-11,2017-12-17,DV-13045,FUR-CH-10000225,South,64.784,1,0.2,-12.147,-0.1875
CA-2014-130421,2014-03-03,2014-03-07,SC-20020,OFF-AP-10002534,Central,176.772,3,0.8,-459.6072,-2.6
CA-2017-142125,2017-10-21,2017-10-27,JB-15400,OFF-BI-10000301,Central,38.82,6,0.0,19.41,0.5
CA-2017-142125,2017-10-21,2017-10-27,JB-15400,OFF-BI-10003460,Central,21.9,5,0.0,10.512,0.48000000000000004
CA-2017-141138,2017-11-10,2017-11-16,GH-14425,TEC-AC-10001772,West,111.79,7,0.0,43.5981,0.39
CA-2017-152135,2017-03-16,2017-03-18,MG-17650,TEC-PH-10003505,East,445.44,8,0.4,-81.664,-0.18333333333333335
CA-2016-151974,2016-09-22,2016-09-29,RD-19660,OFF-LA-10004484,East,16.52,5,0.2,5.369,0.325
CA-2017-154102,2017-02-06,2017-02-13,SN-20560,OFF-PA-10001593,West,29.9,5,0.0,13.455,0.45
CA-2015-139780,2015-12-31,2016-01-02,AH-10690,OFF-BI-10004139,Central,116.4,8,0.0,52.38,0.45
CA-2016-114748,2016-10-09,2016-10-14,MZ-17335,OFF-AR-10001315,West,1.408,1,0.2,0.1584,0.11250000000000002
CA-2016-114748,2016-10-09,2016-10-14,MZ-17335,FUR-FU-10001488,West,169.568,2,0.2,0.0,0.0
US-2014-115189,2014-12-30,2015-01-03,AR-10345,TEC-PH-10002170,East,251.964,6,0.4,-50.3928,-0.2
US-2014-115189,2014-12-30,2015-01-03,AR-10345,FUR-TA-10004575,East,523.764,3,0.4,-192.0468,-0.36666666666666664
CA-2016-163594,2016-04-12,2016-04-14,JF-15295,OFF-PA-10000809,West,19.44,3,0.0,9.3312,0.48000000000000004
CA-2016-163594,2016-04-12,2016-04-14,JF-15295,FUR-CH-10000225,West,194.352,3,0.2,-36.441,-0.1875
CA-2016-163594,2016-04-12,2016-04-14,JF-15295,OFF-BI-10003707,West,36.624,3,0.2,13.734,0.375
CA-2016-127243,2016-11-28,2016-12-04,DS-13180,TEC-PH-10004539,East,340.182,3,0.4,-73.7061,-0.21666666666666667
CA-2016-127243,2016-11-28,2016-12-04,DS-13180,OFF-FA-10004076,East,12.672,8,0.2,2.6928,0.2125
CA-2016-127243,2016-11-28,2016-12-04,DS-13180,OFF-BI-10003166,East,6.888,2,0.7,-5.0512,-0.7333333333333333
CA-2016-127243,2016-11-28,2016-12-04,DS-13180,OFF-ST-10002301,East,32.544,2,0.2,-7.7292,-0.23750000000000002
CA-2016-127243,2016-11-28,2016-12-04,DS-13180,FUR-CH-10002647,East,347.802,7,0.3,-24.843,-0.07142857142857142
CA-2017-161851,2017-04-15,2017-04-17,BP-11095,OFF-BI-10004654,South,15.57,3,0.7,-11.937,-0.7666666666666666
CA-2015-110345,2015-03-09,2015-03-11,TG-21310,OFF-LA-10001175,South,4.608,2,0.2,1.6704,0.36250000000000004
CA-2014-107769,2014-10-28,2014-11-01,BT-11395,TEC-PH-10001336,Central,257.98,2,0.0,74.8142,0.29
US-2017-123862,2017-01-07,2017-01-09,JF-15190,OFF-ST-10000760,West,153.78,11,0.0,44.5962,0.29000000000000004
US-2017-123862,2017-01-07,2017-01-09,JF-15190,OFF-ST-10002301,West,61.02,3,0.0,0.6102,0.009999999999999998
US-2017-123862,2017-01-07,2017-01-09,JF-15190,OFF-SU-10004884,West,110.11,7,0.0,31.9319,0.29
US-2017-123862,2017-01-07,2017-01-09,JF-15190,OFF-FA-10003112,West,7.89,1,0.0,3.5505,0.45
CA-2017-100580,2017-08-13,2017-08-20,MK-17905,OFF-BI-10000069,West,36.024,3,0.2,11.7078,0.325
US-2017-145597,2017-11-02,2017-11-05,GG-14650,OFF-AR-10001958,Central,54.336,4,0.2,5.4336,0.1
CA-2014-132787,2014-09-19,2014-09-23,MC-18130,OFF-ST-10001321,West,92.52,6,0.0,24.9804,0.27
CA-2015-136224,2015-05-31,2015-05-31,ML-18265,OFF-AR-10003504,South,10.272,3,0.2,1.1556,0.11249999999999999
CA-2016-105732,2016-09-13,2016-09-18,AG-10270,OFF-ST-10000419,Central,40.74,3,0.0,0.4074,0.009999999999999998
CA-2016-105732,2016-09-13,2016-09-18,AG-10270,OFF-LA-10004559,Central,14.4,5,0.0,7.056,0.49
CA-2016-105732,2016-09-13,2016-09-18,AG-10270,TEC-PH-10001644,Central,149.95,5,0.0,41.986,0.28
CA-2016-105732,2016-09-13,2016-09-18,AG-10270,OFF-SU-10004782,Central,16.9,2,0.0,5.07,0.30000000000000004
CA-2016-105732,2016-09-13,2016-09-18,AG-10270,OFF-PA-10002250,Central,17.61,3,0.0,8.4528,0.48
CA-2016-105732,2016-09-13,2016-09-18,AG-10270,OFF-AP-10001394,Central,378.0,2,0.0,136.08,0.36000000000000004
CA-2016-105732,2016-09-13,2016-09-18,AG-10270,OFF-PA-10001838,Central,17.64,3,0.0,8.6436,0.48999999999999994
CA-2016-105732,2016-09-13,2016-09-18,AG-10270,OFF-ST-10004340,Central,373.08,6,0.0,100.7316,0.27
CA-2016-105732,2016-09-13,2016-09-18,AG-10270,FUR-FU-10003664,Central,1336.44,14,0.0,387.5676,0.29000000000000004
CA-2016-105732,2016-09-13,2016-09-18,AG-10270,TEC-PH-10004897,Central,29.97,3,0.0,0.2997,0.010000000000000002
CA-2017-108035,2017-11-29,2017-12-03,TT-21070,FUR-CH-10000454,South,390.368,2,0.2,48.796,0.125
CA-2017-108035,2017-11-29,2017-12-03,TT-21070,FUR-FU-10004017,South,101.52,5,0.2,19.035,0.1875
CA-2017-160031,2017-12-04,2017-12-07,LT-16765,OFF-PA-10000241,East,74.352,3,0.2,23.235,0.3125
CA-2017-147844,2017-05-02,2017-05-06,DD-13570,OFF-PA-10003016,West,15.7,5,0.0,7.065,0.45000000000000007
CA-2017-147844,2017-05-02,2017-05-06,DD-13570,OFF-AR-10001615,West,59.52,3,0.0,15.4752,0.25999999999999995
CA-2017-147844,2017-05-02,2017-05-06,DD-13570,OFF-PA-10002713,West,34.4,5,0.0,15.824,0.46
CA-2016-110975,2016-12-25,2016-12-30,DB-12970,FUR-TA-10002958,East,313.176,2,0.4,-120.0508,-0.38333333333333336
CA-2016-110975,2016-12-25,2016-12-30,DB-12970,FUR-CH-10003746,East,866.646,3,0.1,173.3292,0.19999999999999998
CA-2014-141649,2014-09-30,2014-09-30,DM-12955,OFF-AP-10003217,East,795.408,6,0.2,59.6556,0.075
CA-2014-124807,2014-07-12,2014-07-15,ME-17725,OFF-PA-10001526,Central,35.856,9,0.2,12.9978,0.3625
CA-2014-124807,2014-07-12,2014-07-15,ME-17725,TEC-AC-10002857,Central,23.84,4,0.2,3.278,0.1375
CA-2016-110009,2016-09-08,2016-09-13,TR-21325,FUR-FU-10003039,West,43.13,1,0.0,14.6642,0.33999999999999997
CA-2016-110009,2016-09-08,2016-09-13,TR-21325,OFF-PA-10002615,West,30.87,7,0.0,14.2002,0.46
CA-2017-168172,2017-08-06,2017-08-10,SH-20395,OFF-SU-10002573,East,70.12,4,0.0,21.036,0.3
CA-2015-100146,2015-05-14,2015-05-19,CB-12535,FUR-BO-10004015,West,509.9575,5,0.15,41.9965,0.08235294117647059
CA-2015-100146,2015-05-14,2015-05-19,CB-12535,FUR-FU-10001979,West,122.91,3,0.0,34.4148,0.28
CA-2015-100146,2015-05-14,2015-05-19,CB-12535,FUR-CH-10003833,West,97.568,2,0.2,-6.098,-0.0625
CA-2015-100146,2015-05-14,2015-05-19,CB-12535,FUR-CH-10004495,West,722.352,3,0.2,81.2646,0.1125
CA-2017-152079,2017-01-20,2017-01-21,ML-17410,OFF-LA-10001613,Central,11.52,5,0.2,4.176,0.36250000000000004
CA-2016-129728,2016-05-30,2016-06-06,JG-15310,FUR-FU-10003247,West,167.84,8,0.0,11.7488,0.06999999999999999
CA-2014-121769,2014-04-08,2014-04-12,JS-15880,FUR-TA-10004442,East,172.11,1,0.4,-94.6605,-0.5499999999999999
CA-2014-103058,2014-07-23,2014-07-24,AG-10270,TEC-AC-10001314,East,99.98,2,0.0,7.9984,0.08
CA-2017-121125,2017-05-30,2017-06-03,MG-17890,TEC-PH-10001619,West,156.792,1,0.2,17.6391,0.11249999999999999
CA-2017-121125,2017-05-30,2017-06-03,MG-17890,TEC-AC-10002323,West,35.36,2,0.2,-3.094,-0.0875
CA-2017-121125,2017-05-30,2017-06-03,MG-17890,FUR-FU-10000820,West,13.592,1,0.2,-0.3398,-0.024999999999999998
US-2016-114013,2016-03-13,2016-03-15,SC-20770,FUR-CH-10004287,East,386.68,2,0.3,-5.524,-0.014285714285714285
US-2016-114013,2016-03-13,2016-03-15,SC-20770,TEC-AC-10000474,East,379.96,5,0.2,47.495,0.125
US-2016-114013,2016-03-13,2016-03-15,SC-20770,TEC-PH-10001494,East,539.91,3,0.4,-116.9805,-0.2166666666666667
US-2016-114013,2016-03-13,2016-03-15,SC-20770,OFF-PA-10004996,East,41.24,5,0.2,13.9185,0.33749999999999997
US-2016-114013,2016-03-13,2016-03-15,SC-20770,OFF-BI-10004318,East,51.897,1,0.7,-41.5176,-0.8
US-2016-114013,2016-03-13,2016-03-15,SC-20770,OFF-ST-10002574,East,552.56,5,0.2,-138.14,-0.25
US-2016-114013,2016-03-13,2016-03-15,SC-20770,OFF-BI-10002353,East,23.16,5,0.7,-15.44,-0.6666666666666666
US-2016-114013,2016-03-13,2016-03-15,SC-20770,OFF-ST-10003641,East,126.08,2,0.2,-28.368,-0.22499999999999998
US-2016-114013,2016-03-13,2016-03-15,SC-20770,TEC-MA-10001148,East,449.1,3,0.7,-643.71,-1.4333333333333333
CA-2017-135069,2017-04-10,2017-04-14,BS-11755,OFF-AP-10000026,East,195.104,4,0.2,21.9492,0.1125
CA-2017-135069,2017-04-10,2017-04-14,BS-11755,FUR-FU-10003878,East,36.672,3,0.2,6.4176,0.17500000000000002
CA-2016-101693,2016-06-25,2016-06-27,LC-17140,FUR-CH-10001146,Central,85.246,2,0.3,-6.089,-0.07142857142857144
CA-2016-101693,2016-06-25,2016-06-27,LC-17140,FUR-FU-10003919,Central,32.712,2,0.6,-26.1696,-0.7999999999999999
US-2014-164763,2014-03-17,2014-03-21,MH-17440,OFF-BI-10000605,South,11.43,3,0.0,5.3721,0.47
US-2014-164763,2014-03-17,2014-03-21,MH-17440,OFF-BI-10000309,South,30.44,2,0.0,14.9156,0.49
US-2014-164763,2014-03-17,2014-03-21,MH-17440,OFF-PA-10003349,South,12.96,2,0.0,6.3504,0.48999999999999994
US-2014-164763,2014-03-17,2014-03-21,MH-17440,OFF-PA-10003063,South,16.0,4,0.0,7.68,0.48
US-2014-164763,2014-03-17,2014-03-21,MH-17440,OFF-AP-10003971,South,32.67,3,0.0,8.4942,0.25999999999999995
CA-2014-161249,2014-08-09,2014-08-13,RD-19720,OFF-FA-10004838,West,4.464,3,0.2,-0.9486,-0.21249999999999997
CA-2014-161249,2014-08-09,2014-08-13,RD-19720,OFF-BI-10001097,West,9.345,5,0.7,-6.5415,-0.7
CA-2015-148180,2015-07-26,2015-07-31,BP-11095,OFF-BI-10000605,West,9.144,3,0.2,3.0861,0.3375
CA-2015-148180,2015-07-26,2015-07-31,BP-11095,OFF-BI-10003314,West,23.136,6,0.2,8.3868,0.3625
CA-2015-148180,2015-07-26,2015-07-31,BP-11095,OFF-AR-10002067,West,99.2,5,0.0,25.792,0.26
CA-2014-165568,2014-02-15,2014-02-19,BF-11020,OFF-BI-10001031,West,21.36,5,0.2,7.209,0.33749999999999997
CA-2015-145457,2015-03-24,2015-03-27,CP-12085,FUR-FU-10003832,West,46.9,5,0.0,13.132,0.28
US-2017-163657,2017-09-02,2017-09-06,JL-15235,OFF-BI-10000138,West,18.72,5,0.2,6.552,0.35
US-2017-163657,2017-09-02,2017-09-06,JL-15235,FUR-TA-10004607,West,236.528,2,0.2,-2.9566,-0.0125
CA-2015-120446,2015-11-16,2015-11-18,JG-15805,OFF-LA-10003148,West,18.9,3,0.0,8.694,0.4600000000000001
CA-2014-109932,2014-12-09,2014-12-11,VP-21760,OFF-PA-10001804,Central,10.688,2,0.2,3.7408,0.35
CA-2014-109932,2014-12-09,2014-12-11,VP-21760,OFF-ST-10000036,Central,237.096,3,0.2,20.7459,0.0875
CA-2017-127474,2017-02-03,2017-02-07,RD-19810,OFF-PA-10001166,Central,5.184,1,0.2,1.8144,0.35
CA-2017-127474,2017-02-03,2017-02-07,RD-19810,OFF-PA-10001033,Central,65.584,2,0.2,23.7742,0.3625
CA-2017-127474,2017-02-03,2017-02-07,RD-19810,FUR-FU-10004597,Central,22.2,1,0.6,-26.085,-1.175
CA-2017-127474,2017-02-03,2017-02-07,RD-19810,OFF-PA-10000418,Central,419.4,5,0.2,146.79,0.35
CA-2017-115448,2017-11-11,2017-11-14,MH-18025,FUR-FU-10004090,South,88.92,5,0.2,14.4495,0.1625
CA-2017-105669,2017-09-17,2017-09-22,SJ-20125,OFF-AR-10000390,Central,9.912,3,0.2,3.2214,0.32499999999999996
CA-2017-105669,2017-09-17,2017-09-22,SJ-20125,FUR-CH-10003774,Central,318.43,5,0.3,-77.333,-0.24285714285714285
CA-2017-105669,2017-09-17,2017-09-22,SJ-20125,OFF-BI-10002412,Central,5.8,5,0.8,-10.15,-1.7500000000000002
CA-2017-105669,2017-09-17,2017-09-22,SJ-20125,TEC-PH-10002415,Central,1415.76,6,0.2,88.485,0.0625
CA-2017-134796,2017-06-25,2017-07-01,FM-14380,TEC-PH-10003505,Central,148.48,2,0.2,16.704,0.11250000000000002
CA-2016-137743,2016-07-30,2016-08-04,KH-16360,OFF-LA-10003663,Central,9.248,4,0.2,3.1212,0.3375
CA-2016-137743,2016-07-30,2016-08-04,KH-16360,OFF-ST-10001780,Central,1036.624,2,0.2,51.8312,0.05
CA-2015-137974,2015-04-16,2015-04-18,LL-16840,TEC-PH-10002033,South,569.64,2,0.0,148.1064,0.26
CA-2015-137974,2015-04-16,2015-04-18,LL-16840,OFF-BI-10001036,South,9.14,1,0.0,4.57,0.5
CA-2015-137974,2015-04-16,2015-04-18,LL-16840,FUR-FU-10001468,South,1196.86,7,0.0,119.686,0.10000000000000002
CA-2015-137974,2015-04-16,2015-04-18,LL-16840,FUR-BO-10001519,South,523.26,9,0.0,125.5824,0.24000000000000002
US-2015-136987,2015-04-11,2015-04-14,AR-10540,TEC-CO-10001943,West,639.968,4,0.2,215.9892,0.3375
US-2015-136987,2015-04-11,2015-04-14,AR-10540,OFF-PA-10003127,West,52.76,2,0.0,24.2696,0.46
CA-2015-138485,2015-02-27,2015-03-01,NP-18670,TEC-AC-10002076,West,538.92,9,0.0,80.838,0.15
CA-2016-103709,2016-09-08,2016-09-15,LP-17095,OFF-AR-10003338,West,14.88,2,0.0,3.72,0.25
CA-2016-103709,2016-09-08,2016-09-15,LP-17095,OFF-PA-10004610,West,34.24,8,0.0,15.408,0.44999999999999996
CA-2016-103709,2016-09-08,2016-09-15,LP-17095,OFF-ST-10001272,West,261.74,2,0.0,65.435,0.25
CA-2016-138282,2016-05-19,2016-05-23,AH-10690,OFF-AP-10001366,West,87.84,8,0.0,23.7168,0.26999999999999996
CA-2017-148985,2017-11-11,2017-11-15,TB-21190,FUR-FU-10001424,West,34.92,4,0.0,11.8728,0.33999999999999997
CA-2014-138100,2014-09-15,2014-09-20,AA-10315,OFF-PA-10000349,East,14.94,3,0.0,7.0218,0.47000000000000003
CA-2014-138100,2014-09-15,2014-09-20,AA-10315,FUR-FU-10002456,East,14.56,2,0.0,6.2608,0.42999999999999994
CA-2015-100734,2015-09-15,2015-09-20,AC-10615,OFF-BI-10002609,East,3.576,4,0.7,-2.8608,-0.7999999999999999
CA-2015-100734,2015-09-15,2015-09-20,AC-10615,OFF-ST-10001522,East,147.184,2,0.2,-29.4368,-0.2
CA-2016-139997,2016-07-01,2016-07-03,EM-14140,TEC-CO-10000971,West,1499.95,5,0.0,449.985,0.3
CA-2016-109652,2016-04-10,2016-04-15,QJ-19255,OFF-AR-10000034,Central,13.568,4,0.2,3.2224,0.2375
CA-2014-167199,2014-01-06,2014-01-10,ME-17320,FUR-CH-10004063,South,2573.82,9,0.0,746.4078,0.29
CA-2014-167199,2014-01-06,2014-01-10,ME-17320,OFF-BI-10004632,South,609.98,2,0.0,274.491,0.44999999999999996
CA-2014-167199,2014-01-06,2014-01-10,ME-17320,OFF-AR-10001662,South,5.48,2,0.0,1.4796,0.26999999999999996
CA-2014-167199,2014-01-06,2014-01-10,ME-17320,TEC-PH-10004977,South,391.98,2,0.0,113.6742,0.29
CA-2014-167199,2014-01-06,2014-01-10,ME-17320,TEC-PH-10004539,South,755.96,4,0.0,204.1092,0.26999999999999996
CA-2014-167199,2014-01-06,2014-01-10,ME-17320,OFF-FA-10001883,South,31.12,4,0.0,0.3112,0.009999999999999998
CA-2014-167199,2014-01-06,2014-01-10,ME-17320,OFF-PA-10000955,South,6.54,1,0.0,3.0084,0.45999999999999996
CA-2016-124583,2016-09-01,2016-09-03,LB-16795,OFF-EN-10002500,West,12.78,1,0.0,5.751,0.45000000000000007
CA-2014-113964,2014-09-23,2014-09-30,JP-16135,OFF-BI-10004654,East,18.464,4,0.2,6.924,0.37500000000000006
CA-2014-129938,2014-12-15,2014-12-17,EB-13705,FUR-CH-10003774,East,445.802,7,0.3,-108.2662,-0.24285714285714283
CA-2017-135111,2017-12-28,2018-01-02,CS-12400,OFF-AR-10004707,Central,2.48,1,0.0,0.868,0.35
CA-2017-135111,2017-12-28,2018-01-02,CS-12400,OFF-BI-10004040,Central,25.9,5,0.0,12.691,0.49000000000000005
US-2015-134558,2015-12-19,2015-12-24,PM-19135,OFF-PA-10001184,East,29.9,5,0.0,14.651,0.49
US-2015-134558,2015-12-19,2015-12-24,PM-19135,TEC-AC-10004145,East,2249.91,9,0.0,517.4793,0.23
US-2015-134558,2015-12-19,2015-12-24,PM-19135,FUR-TA-10003473,East,1053.164,4,0.3,-105.3164,-0.1
CA-2017-157196,2017-11-05,2017-11-09,AA-10645,OFF-PA-10003172,West,12.96,2,0.0,6.2208,0.4799999999999999
CA-2015-108672,2015-09-10,2015-09-16,FA-14230,FUR-FU-10003799,West,106.68,6,0.0,33.0708,0.30999999999999994
US-2017-118598,2017-11-16,2017-11-16,CM-12190,TEC-PH-10002583,East,119.94,6,0.0,5.997,0.05
US-2017-160836,2017-09-11,2017-09-16,CC-12475,OFF-PA-10004239,Central,10.272,3,0.2,3.21,0.3125
US-2017-160836,2017-09-11,2017-09-16,CC-12475,FUR-TA-10002855,Central,512.19,5,0.3,-65.853,-0.12857142857142856
US-2017-160836,2017-09-11,2017-09-16,CC-12475,OFF-AP-10001626,Central,1.556,2,0.8,-4.2012,-2.6999999999999997
CA-2017-121048,2017-07-14,2017-07-18,TC-21295,OFF-BI-10004022,West,4.448,2,0.2,1.4456,0.32499999999999996
CA-2017-121048,2017-07-14,2017-07-18,TC-21295,FUR-FU-10003601,West,276.69,3,0.0,49.8042,0.18
CA-2017-121048,2017-07-14,2017-07-18,TC-21295,OFF-FA-10000490,West,4.96,4,0.0,2.3312,0.47
CA-2017-121048,2017-07-14,2017-07-18,TC-21295,OFF-AR-10004042,West,71.92,4,0.0,20.8568,0.29
CA-2017-121048,2017-07-14,2017-07-18,TC-21295,FUR-FU-10002960,West,18.84,3,0.0,7.9128,0.42
CA-2017-121048,2017-07-14,2017-07-18,TC-21295,TEC-AC-10000991,West,140.97,3,0.0,19.7358,0.14
CA-2017-121048,2017-07-14,2017-07-18,TC-21295,TEC-PH-10004977,West,470.376,3,0.2,52.9173,0.1125
US-2017-120147,2017-03-30,2017-03-30,TB-21400,OFF-AR-10000817,West,6.08,2,0.0,2.0672,0.34
US-2017-120147,2017-03-30,2017-03-30,TB-21400,TEC-PH-10002447,West,164.792,1,0.2,18.5391,0.1125
CA-2016-158043,2016-01-31,2016-02-04,JK-15325,OFF-EN-10003134,East,23.36,2,0.0,11.68,0.5
US-2017-106579,2017-06-08,2017-06-13,BW-11200,OFF-BI-10000309,Central,12.176,4,0.8,-18.8728,-1.55
CA-2014-115889,2014-11-02,2014-11-06,SH-20395,TEC-PH-10001615,West,46.384,2,0.2,5.2182,0.1125
CA-2014-115889,2014-11-02,2014-11-06,SH-20395,OFF-ST-10003208,West,362.92,2,0.0,105.2468,0.29
US-2017-161935,2017-07-14,2017-07-18,JL-15835,OFF-PA-10000605,East,9.248,2,0.2,3.3524,0.3625
US-2017-161935,2017-07-14,2017-07-18,JL-15835,TEC-PH-10000560,East,1889.946,9,0.4,-377.9892,-0.2
US-2017-161935,2017-07-14,2017-07-18,JL-15835,OFF-ST-10003455,East,62.04,5,0.2,4.653,0.075
US-2017-161935,2017-07-14,2017-07-18,JL-15835,FUR-FU-10002937,East,396.92,5,0.2,148.845,0.375
US-2017-161935,2017-07-14,2017-07-18,JL-15835,OFF-ST-10001837,East,239.456,7,0.2,17.9592,0.075
US-2017-161935,2017-07-14,2017-07-18,JL-15835,OFF-AR-10004757,East,13.12,5,0.2,2.132,0.1625
US-2017-167920,2017-12-09,2017-12-12,JL-15835,OFF-BI-10004236,South,29.36,2,0.0,13.5056,0.45999999999999996
US-2017-167920,2017-12-09,2017-12-12,JL-15835,OFF-AP-10000159,South,214.9,5,0.0,62.321,0.29
US-2017-167920,2017-12-09,2017-12-12,JL-15835,OFF-BI-10003274,South,15.92,4,0.0,7.4824,0.47000000000000003
US-2017-167920,2017-12-09,2017-12-12,JL-15835,TEC-AC-10001013,South,146.45,5,0.0,48.3285,0.33
US-2017-167920,2017-12-09,2017-12-12,JL-15835,OFF-ST-10004963,South,15.14,1,0.0,0.6056,0.04
US-2017-167920,2017-12-09,2017-12-12,JL-15835,OFF-LA-10004409,South,5.76,2,0.0,2.6496,0.46
US-2017-167920,2017-12-09,2017-12-12,JL-15835,TEC-CO-10001046,South,1399.98,2,0.0,629.991,0.45
CA-2016-162383,2016-09-05,2016-09-11,MD-17350,OFF-BI-10002824,East,8.952,2,0.7,-7.46,-0.8333333333333334
CA-2016-162383,2016-09-05,2016-09-11,MD-17350,OFF-BI-10001757,East,8.856,6,0.7,-6.4944,-0.7333333333333333
CA-2016-162383,2016-09-05,2016-09-11,MD-17350,FUR-CH-10004477,East,85.246,2,0.3,-1.2178,-0.014285714285714287
CA-2014-125731,2014-09-10,2014-09-16,CL-12565,OFF-EN-10003072,West,21.728,7,0.2,7.6048,0.35
CA-2014-125731,2014-09-10,2014-09-16,CL-12565,FUR-CH-10003973,West,1487.04,5,0.2,148.704,0.1
US-2017-106145,2017-09-26,2017-09-26,RA-19885,OFF-EN-10001028,West,71.88,6,0.0,33.0648,0.46
US-2017-106145,2017-09-26,2017-09-26,RA-19885,FUR-FU-10003829,West,9.24,3,0.0,2.9568,0.31999999999999995
US-2017-106145,2017-09-26,2017-09-26,RA-19885,OFF-PA-10002245,West,35.88,6,0.0,16.146,0.45
US-2017-106145,2017-09-26,2017-09-26,RA-19885,OFF-BI-10002215,West,17.04,3,0.2,5.538,0.325
US-2017-106145,2017-09-26,2017-09-26,RA-19885,OFF-BI-10003925,West,931.176,3,0.2,314.2719,0.3375
CA-2016-107146,2016-06-17,2016-06-19,LC-16885,FUR-FU-10002298,West,266.352,3,0.2,-13.3176,-0.05000000000000001
CA-2016-107146,2016-06-17,2016-06-19,LC-16885,FUR-CH-10004853,West,483.136,4,0.2,54.3528,0.1125
US-2017-134642,2017-02-25,2017-03-01,SW-20245,FUR-CH-10002880,South,196.784,2,0.2,-22.1382,-0.11250000000000002
US-2017-134642,2017-02-25,2017-03-01,SW-20245,FUR-BO-10004709,South,231.92,5,0.2,5.798,0.025
US-2017-160143,2017-03-31,2017-04-07,HG-14965,OFF-SU-10004231,West,29.7,3,0.0,8.019,0.27
CA-2017-103415,2017-12-03,2017-12-08,MV-17485,FUR-FU-10000820,Central,13.592,2,0.6,-14.2716,-1.0499999999999998
CA-2016-106460,2016-02-19,2016-02-22,GT-14710,OFF-PA-10001736,West,70.88,2,0.0,33.3136,0.47000000000000003
US-2017-112347,2017-12-02,2017-12-06,BS-11380,OFF-ST-10003306,West,114.288,1,0.2,12.8574,0.1125
US-2017-112347,2017-12-02,2017-12-06,BS-11380,OFF-BI-10003707,West,36.624,8,0.7,-24.416,-0.6666666666666666
US-2017-112347,2017-12-02,2017-12-06,BS-11380,FUR-BO-10003546,West,242.352,8,0.7,-363.528,-1.5
US-2017-112347,2017-12-02,2017-12-06,BS-11380,TEC-PH-10000213,West,49.616,2,0.2,4.9616,0.09999999999999999
US-2017-112347,2017-12-02,2017-12-06,BS-11380,FUR-FU-10001488,West,508.704,6,0.2,0.0,0.0
US-2017-112347,2017-12-02,2017-12-06,BS-11380,TEC-PH-10004833,West,57.36,6,0.2,-14.34,-0.25
US-2017-112347,2017-12-02,2017-12-06,BS-11380,FUR-CH-10002335,West,906.68,5,0.2,68.001,0.07500000000000001
CA-2014-103492,2014-10-10,2014-10-15,CM-12715,TEC-PH-10001128,Central,719.952,6,0.2,71.9952,0.09999999999999999
CA-2014-103492,2014-10-10,2014-10-15,CM-12715,TEC-PH-10004667,Central,755.944,7,0.2,66.1451,0.08750000000000001
CA-2014-103492,2014-10-10,2014-10-15,CM-12715,OFF-BI-10004817,Central,11.98,5,0.8,-19.168,-1.5999999999999999
CA-2014-103492,2014-10-10,2014-10-15,CM-12715,OFF-BI-10004140,Central,0.898,1,0.8,-1.5715,-1.7499999999999998
CA-2016-136595,2016-09-05,2016-09-07,EM-13825,FUR-FU-10004671,Central,21.204,3,0.6,-11.6622,-0.55
CA-2014-140396,2014-11-20,2014-11-25,KH-16330,OFF-EN-10002592,East,34.74,3,0.0,17.37,0.5
CA-2014-140396,2014-11-20,2014-11-25,KH-16330,TEC-PH-10004447,East,833.94,6,0.0,216.8244,0.25999999999999995
CA-2014-140396,2014-11-20,2014-11-25,KH-16330,OFF-BI-10003669,East,12.96,3,0.2,4.536,0.3499999999999999
CA-2014-140396,2014-11-20,2014-11-25,KH-16330,OFF-PA-10000223,East,25.92,4,0.0,12.4416,0.4799999999999999
CA-2014-114181,2014-05-10,2014-05-14,AF-10885,FUR-BO-10004467,East,349.965,7,0.5,-216.9783,-0.62
CA-2014-114181,2014-05-10,2014-05-14,AF-10885,OFF-AR-10000716,East,22.32,5,0.2,5.301,0.23750000000000002
CA-2017-159506,2017-11-27,2017-12-02,JR-16210,OFF-PA-10003641,Central,158.28,6,0.0,72.8088,0.46
CA-2017-159506,2017-11-27,2017-12-02,JR-16210,OFF-BI-10004519,Central,497.94,3,0.0,224.073,0.45
US-2014-137155,2014-11-01,2014-11-05,DL-12925,OFF-AP-10002518,East,533.94,3,0.0,154.8426,0.29
US-2014-137155,2014-11-01,2014-11-05,DL-12925,OFF-PA-10000806,East,167.94,3,0.0,82.2906,0.49
US-2014-137155,2014-11-01,2014-11-05,DL-12925,FUR-FU-10003142,East,31.68,6,0.0,9.8208,0.31
CA-2016-105746,2016-12-30,2017-01-01,BD-11605,FUR-CH-10000454,East,170.786,1,0.3,0.0,0.0
US-2016-104815,2016-09-03,2016-09-07,RB-19570,FUR-BO-10003894,Central,198.744,4,0.3,0.0,0.0
CA-2017-157672,2017-10-05,2017-10-07,RB-19795,TEC-AC-10001714,West,63.824,2,0.2,13.5626,0.2125
US-2016-166660,2016-01-30,2016-02-01,TB-21250,FUR-CH-10001190,West,435.168,4,0.2,-59.8356,-0.13749999999999998
US-2016-166660,2016-01-30,2016-02-01,TB-21250,FUR-BO-10000468,West,48.58,1,0.0,7.7728,0.16
CA-2017-140802,2017-04-21,2017-04-23,KN-16390,TEC-AC-10001998,Central,47.976,3,0.2,8.3958,0.175
CA-2017-140802,2017-04-21,2017-04-23,KN-16390,OFF-PA-10001534,Central,20.736,4,0.2,7.2576,0.35
CA-2014-133830,2014-12-05,2014-12-10,RL-19615,OFF-AR-10003045,West,26.46,9,0.0,11.907,0.45
CA-2014-133830,2014-12-05,2014-12-10,RL-19615,OFF-PA-10001363,West,49.12,4,0.0,23.0864,0.47000000000000003
CA-2014-133830,2014-12-05,2014-12-10,RL-19615,OFF-FA-10002280,West,15.0,3,0.0,7.2,0.48000000000000004
CA-2014-100916,2014-10-21,2014-10-26,FH-14275,OFF-ST-10003479,South,194.7,5,0.0,9.735,0.05
CA-2014-100916,2014-10-21,2014-10-26,FH-14275,FUR-TA-10004607,South,591.32,4,0.0,112.3508,0.19
CA-2014-100916,2014-10-21,2014-10-26,FH-14275,OFF-AR-10001022,South,2.84,1,0.0,0.8804,0.31
CA-2015-129532,2015-12-08,2015-12-12,YS-21880,OFF-ST-10004186,West,221.96,2,0.0,4.4392,0.019999999999999997
CA-2015-129532,2015-12-08,2015-12-12,YS-21880,TEC-AC-10000865,West,236.0,4,0.0,40.12,0.16999999999999998
CA-2014-134726,2014-11-02,2014-11-07,SW-20755,TEC-AC-10000023,West,41.94,2,0.0,15.0984,0.36000000000000004
CA-2014-134726,2014-11-02,2014-11-07,SW-20755,TEC-PH-10001750,West,52.792,1,0.2,4.6193,0.0875
CA-2016-138597,2016-12-18,2016-12-21,PN-18775,FUR-CH-10004997,Central,563.94,3,0.0,112.788,0.19999999999999998
CA-2015-123113,2015-11-23,2015-11-27,AT-10735,OFF-AP-10000275,East,2625.12,8,0.0,735.0336,0.28
CA-2015-123113,2015-11-23,2015-11-27,AT-10735,OFF-AR-10004999,East,17.94,3,0.0,4.485,0.25
CA-2015-169656,2015-08-13,2015-08-16,EJ-13720,OFF-ST-10003816,East,422.856,3,0.2,15.8571,0.037500000000000006
CA-2015-142734,2015-04-16,2015-04-21,DM-13345,FUR-CH-10003968,East,127.764,2,0.1,2.8392,0.022222222222222223
CA-2014-163223,2014-03-21,2014-03-25,KH-16690,TEC-PH-10000730,South,3499.93,7,0.0,909.9818,0.26
CA-2014-163223,2014-03-21,2014-03-25,KH-16690,OFF-LA-10004409,South,14.4,5,0.0,6.624,0.45999999999999996
CA-2014-163223,2014-03-21,2014-03-25,KH-16690,OFF-PA-10000675,South,122.97,3,0.0,60.2553,0.49
CA-2014-163223,2014-03-21,2014-03-25,KH-16690,OFF-AR-10001573,South,9.32,4,0.0,2.7028,0.29
CA-2014-163223,2014-03-21,2014-03-25,KH-16690,OFF-BI-10001597,South,122.94,3,0.0,59.0112,0.48000000000000004
CA-2017-122945,2017-11-16,2017-11-22,MB-18085,FUR-FU-10001196,West,17.31,3,0.0,5.193,0.3
CA-2015-139738,2015-09-25,2015-09-29,DK-12895,OFF-AR-10004602,Central,128.744,7,0.2,12.8744,0.09999999999999999
CA-2016-158778,2016-09-05,2016-09-09,DB-13210,FUR-FU-10000260,East,58.248,9,0.2,11.6496,0.2
CA-2016-158778,2016-09-05,2016-09-09,DB-13210,FUR-CH-10001146,East,71.246,2,0.3,-19.3382,-0.27142857142857146
CA-2016-158778,2016-09-05,2016-09-09,DB-13210,OFF-AR-10000896,East,7.872,3,0.2,0.5904,0.07500000000000001
CA-2016-158778,2016-09-05,2016-09-09,DB-13210,FUR-CH-10000309,East,887.271,3,0.3,-63.3765,-0.07142857142857144
CA-2017-119655,2017-04-20,2017-04-24,CV-12295,OFF-BI-10001989,Central,146.86,7,0.0,70.4928,0.48
CA-2017-119655,2017-04-20,2017-04-24,CV-12295,OFF-BI-10001036,Central,36.56,4,0.0,18.28,0.5
CA-2015-164567,2015-06-15,2015-06-19,GK-14620,TEC-PH-10002103,West,225.576,3,0.2,22.5576,0.1
CA-2014-131947,2014-09-17,2014-09-22,JA-15970,OFF-AR-10001473,West,5.248,2,0.2,0.4592,0.0875
CA-2014-131947,2014-09-17,2014-09-22,JA-15970,OFF-AR-10000411,West,38.256,3,0.2,4.782,0.125
CA-2014-131947,2014-09-17,2014-09-22,JA-15970,OFF-PA-10000246,West,40.24,5,0.2,13.078,0.32499999999999996
CA-2014-131947,2014-09-17,2014-09-22,JA-15970,TEC-MA-10004086,West,29.925,5,0.7,-21.945,-0.7333333333333333
CA-2014-131947,2014-09-17,2014-09-22,JA-15970,OFF-PA-10003039,West,148.704,6,0.2,46.47,0.3125
CA-2014-131947,2014-09-17,2014-09-22,JA-15970,TEC-AC-10004633,West,55.92,10,0.2,16.776,0.3
CA-2016-152520,2016-07-08,2016-07-12,TH-21115,OFF-PA-10000289,East,12.96,2,0.0,6.2208,0.4799999999999999
CA-2016-101791,2016-05-27,2016-05-31,BS-11665,FUR-FU-10003247,Central,25.176,3,0.6,-33.3582,-1.325
CA-2016-101791,2016-05-27,2016-05-31,BS-11665,FUR-FU-10002191,Central,5.584,2,0.6,-1.6752,-0.30000000000000004
CA-2016-101791,2016-05-27,2016-05-31,BS-11665,OFF-ST-10001496,Central,1297.368,9,0.2,97.3026,0.075
CA-2017-121195,2017-12-24,2017-12-27,NS-18505,OFF-ST-10000585,Central,264.32,2,0.2,19.824,0.07500000000000001
CA-2017-163209,2017-05-03,2017-05-07,MK-18160,OFF-PA-10001166,West,25.92,4,0.0,12.4416,0.4799999999999999
CA-2017-163209,2017-05-03,2017-05-07,MK-18160,OFF-AR-10003651,West,22.96,7,0.0,6.6584,0.29
CA-2014-133354,2014-02-22,2014-02-24,SA-20830,OFF-PA-10001800,West,19.44,3,0.0,9.3312,0.48000000000000004
US-2015-130491,2015-02-08,2015-02-11,BH-11710,OFF-PA-10000791,Central,9.54,2,0.0,4.293,0.45000000000000007
US-2015-130491,2015-02-08,2015-02-11,BH-11710,OFF-FA-10000134,Central,5.81,1,0.0,1.8011,0.31
US-2015-130491,2015-02-08,2015-02-11,BH-11710,OFF-AR-10001149,Central,5.76,2,0.0,1.728,0.3
CA-2015-113740,2015-08-24,2015-08-28,SC-20380,FUR-FU-10000010,East,14.91,3,0.0,4.6221,0.31
CA-2014-148425,2014-11-30,2014-12-04,RF-19345,OFF-BI-10000201,South,6.642,9,0.7,-4.428,-0.6666666666666666
CA-2016-144309,2016-12-10,2016-12-16,CM-12235,OFF-PA-10001776,East,18.54,2,0.0,8.7138,0.4700000000000001
CA-2016-144309,2016-12-10,2016-12-16,CM-12235,OFF-BI-10003656,East,679.96,5,0.2,220.987,0.32499999999999996
CA-2017-151225,2017-10-27,2017-10-29,JM-15655,FUR-TA-10001539,West,189.576,1,0.2,9.4788,0.05
CA-2017-151225,2017-10-27,2017-10-29,JM-15655,TEC-PH-10004100,West,71.96,5,0.2,7.196,0.1
US-2014-144078,2014-11-25,2014-11-29,RB-19435,TEC-PH-10001580,West,539.92,5,0.2,47.243,0.08750000000000001
US-2014-144078,2014-11-25,2014-11-29,RB-19435,FUR-CH-10002335,West,725.344,4,0.2,54.4008,0.07499999999999998
US-2014-144078,2014-11-25,2014-11-29,RB-19435,OFF-AR-10004707,West,7.44,3,0.0,2.604,0.35
CA-2014-124464,2014-07-14,2014-07-20,SS-20515,OFF-AP-10000576,East,39.48,1,0.0,11.0544,0.28
CA-2015-136805,2015-05-23,2015-05-27,NM-18445,OFF-AP-10001394,Central,850.5,5,0.1,245.7,0.28888888888888886
CA-2015-136805,2015-05-23,2015-05-27,NM-18445,FUR-FU-10003724,Central,75.33,9,0.0,19.5858,0.26
US-2015-159499,2015-11-21,2015-11-23,EM-14095,OFF-AP-10002867,West,325.632,6,0.2,28.4928,0.0875
US-2015-159499,2015-11-21,2015-11-23,EM-14095,TEC-AC-10002718,West,23.344,2,0.2,-1.459,-0.0625
US-2015-159499,2015-11-21,2015-11-23,EM-14095,OFF-LA-10003121,West,16.52,5,0.2,5.369,0.325
CA-2014-162089,2014-03-30,2014-04-01,MP-17470,OFF-EN-10002230,Central,335.72,5,0.2,113.3055,0.33749999999999997
CA-2014-162089,2014-03-30,2014-04-01,MP-17470,TEC-PH-10001819,Central,251.944,7,0.2,88.1804,0.35000000000000003
CA-2014-162089,2014-03-30,2014-04-01,MP-17470,FUR-CH-10002304,Central,127.302,7,0.3,-9.093,-0.07142857142857142
US-2017-158526,2017-12-29,2018-01-01,KH-16360,FUR-CH-10002602,South,1207.84,8,0.0,314.0384,0.26000000000000006
US-2017-158526,2017-12-29,2018-01-01,KH-16360,OFF-BI-10002414,South,12.53,1,0.0,5.8891,0.47000000000000003
US-2017-158526,2017-12-29,2018-01-01,KH-16360,OFF-AR-10003696,South,34.58,1,0.0,10.0282,0.29000000000000004
US-2017-158526,2017-12-29,2018-01-01,KH-16360,FUR-CH-10004495,South,300.98,1,0.0,87.2842,0.29
US-2017-158526,2017-12-29,2018-01-01,KH-16360,FUR-CH-10001270,South,258.75,3,0.0,77.625,0.3
CA-2017-104885,2017-03-02,2017-03-08,DB-13555,OFF-AR-10001615,East,59.52,3,0.0,15.4752,0.25999999999999995
CA-2017-104885,2017-03-02,2017-03-08,DB-13555,OFF-EN-10003286,East,57.96,7,0.0,27.2412,0.47
CA-2017-104885,2017-03-02,2017-03-08,DB-13555,FUR-BO-10003660,East,441.96,2,0.0,101.6508,0.23
CA-2017-104885,2017-03-02,2017-03-08,DB-13555,OFF-PA-10002764,East,68.04,6,0.0,33.3396,0.48999999999999994
US-2016-157490,2016-10-06,2016-10-07,LB-16795,TEC-MA-10001695,West,703.71,6,0.7,-938.28,-1.3333333333333333
US-2016-157490,2016-10-06,2016-10-07,LB-16795,OFF-BI-10002824,West,17.904,4,0.7,-14.92,-0.8333333333333334
US-2016-157490,2016-10-06,2016-10-07,LB-16795,OFF-BI-10002571,West,11.976,4,0.7,-9.1816,-0.7666666666666666
US-2016-157490,2016-10-06,2016-10-07,LB-16795,TEC-AC-10001553,West,67.96,5,0.2,0.8495,0.012500000000000002
CA-2015-161452,2015-04-05,2015-04-11,CA-11965,FUR-CH-10003973,West,892.224,3,0.2,89.2224,0.09999999999999999
US-2014-115196,2014-09-09,2014-09-13,DL-12925,TEC-MA-10002073,South,1299.99,2,0.5,-571.9956,-0.43999999999999995
CA-2016-138968,2016-03-15,2016-03-16,FC-14335,OFF-BI-10003529,West,4.544,2,0.2,1.6472,0.36250000000000004
CA-2016-138968,2016-03-15,2016-03-16,FC-14335,FUR-CH-10000309,West,1352.032,4,0.2,84.502,0.0625
CA-2015-101889,2015-12-27,2015-12-31,DB-13120,FUR-TA-10004154,East,1548.99,9,0.4,-464.697,-0.3
CA-2015-101889,2015-12-27,2015-12-31,DB-13120,OFF-EN-10003286,East,19.872,3,0.2,6.7068,0.3375
CA-2017-110821,2017-08-07,2017-08-08,CK-12205,TEC-AC-10001552,Central,119.448,3,0.2,-13.4379,-0.11250000000000002
CA-2017-110821,2017-08-07,2017-08-08,CK-12205,OFF-ST-10002790,Central,118.16,2,0.2,-25.109,-0.21250000000000002
CA-2015-121552,2015-03-22,2015-03-27,FW-14395,OFF-AR-10003217,South,19.56,4,0.0,5.4768,0.28
CA-2015-107685,2015-11-30,2015-12-02,JM-15865,FUR-FU-10002813,West,80.96,4,0.0,29.1456,0.36000000000000004
CA-2015-107685,2015-11-30,2015-12-02,JM-15865,OFF-PA-10003848,West,25.92,4,0.0,12.4416,0.4799999999999999
US-2014-120740,2014-04-15,2014-04-15,PS-18970,OFF-AP-10000240,West,106.96,2,0.0,31.0184,0.29000000000000004
US-2014-120740,2014-04-15,2014-04-15,PS-18970,FUR-FU-10004091,West,187.76,4,0.0,76.9816,0.41000000000000003
CA-2017-155740,2017-07-30,2017-08-02,TC-21475,OFF-BI-10001071,East,76.776,4,0.7,-53.7432,-0.7000000000000001
CA-2017-146493,2017-06-01,2017-06-05,CV-12805,OFF-BI-10003676,Central,53.9,5,0.0,25.872,0.48000000000000004
CA-2014-105417,2014-01-07,2014-01-12,VS-21820,FUR-FU-10004864,Central,76.728,3,0.6,-53.7096,-0.7000000000000001
CA-2014-105417,2014-01-07,2014-01-12,VS-21820,OFF-BI-10003708,Central,10.43,7,0.8,-18.2525,-1.7500000000000002
US-2017-141509,2017-09-29,2017-10-01,SC-20575,OFF-AR-10002067,West,99.2,5,0.0,25.792,0.26
CA-2017-139493,2017-09-13,2017-09-19,SG-20605,OFF-AR-10003158,South,15.92,5,0.2,2.786,0.17500000000000002
CA-2014-151967,2014-10-22,2014-10-26,NB-18580,FUR-FU-10000193,South,129.92,4,0.0,10.3936,0.08
US-2016-140158,2016-10-04,2016-10-08,DR-12940,OFF-BI-10000977,East,30.4,1,0.0,13.984,0.46
US-2016-140158,2016-10-04,2016-10-08,DR-12940,TEC-CO-10001449,East,5399.91,9,0.0,2591.9568,0.48
US-2016-140158,2016-10-04,2016-10-08,DR-12940,OFF-ST-10000136,East,119.1,3,0.0,34.539,0.29000000000000004
CA-2015-130974,2015-11-27,2015-11-29,MA-17560,OFF-PA-10000743,East,40.08,6,0.0,19.2384,0.48
CA-2015-130974,2015-11-27,2015-11-29,MA-17560,OFF-PA-10001019,East,59.94,3,0.0,28.1718,0.47000000000000003
CA-2015-130974,2015-11-27,2015-11-29,MA-17560,TEC-AC-10003095,East,259.98,2,0.0,88.3932,0.33999999999999997
CA-2015-130974,2015-11-27,2015-11-29,MA-17560,FUR-BO-10002916,East,170.98,1,0.0,32.4862,0.19
CA-2015-130974,2015-11-27,2015-11-29,MA-17560,FUR-FU-10002506,East,38.97,3,0.0,4.6764,0.12000000000000001
CA-2015-130974,2015-11-27,2015-11-29,MA-17560,OFF-PA-10003823,East,154.9,5,0.0,69.705,0.44999999999999996
CA-2015-130974,2015-11-27,2015-11-29,MA-17560,FUR-TA-10004619,East,446.068,4,0.3,0.0,0.0
CA-2017-133487,2017-05-06,2017-05-09,TS-21655,OFF-AP-10001271,West,152.94,3,0.0,41.2938,0.26999999999999996
CA-2014-142951,2014-10-08,2014-10-08,JG-15115,TEC-AC-10002331,South,23.472,3,0.2,4.9878,0.2125
CA-2014-133592,2014-12-31,2015-01-07,KM-16375,OFF-PA-10003228,East,195.64,4,0.0,91.9508,0.47000000000000003
CA-2014-133592,2014-12-31,2015-01-07,KM-16375,OFF-PA-10002586,East,14.94,3,0.0,7.0218,0.47000000000000003
CA-2014-133592,2014-12-31,2015-01-07,KM-16375,TEC-AC-10002049,East,1687.8,4,0.0,742.632,0.44
CA-2014-133592,2014-12-31,2015-01-07,KM-16375,FUR-BO-10000362,East,341.96,2,0.0,78.6508,0.23000000000000004
CA-2014-133592,2014-12-31,2015-01-07,KM-16375,FUR-CH-10004218,East,605.88,6,0.0,151.47,0.25
CA-2015-120782,2015-04-28,2015-05-01,SD-20485,OFF-AP-10003779,Central,186.732,1,0.1,41.496,0.22222222222222224
CA-2015-120782,2015-04-28,2015-05-01,SD-20485,OFF-BI-10003527,Central,3812.97,3,0.0,1906.485,0.5
CA-2015-116876,2015-02-14,2015-02-21,TT-21070,OFF-BI-10002897,East,26.424,9,0.2,9.5787,0.3625
CA-2015-116876,2015-02-14,2015-02-21,TT-21070,TEC-PH-10002584,East,625.99,1,0.0,187.797,0.3
CA-2016-169838,2016-11-25,2016-11-29,BB-11545,FUR-TA-10001095,Central,1568.61,9,0.0,329.4081,0.21000000000000002
CA-2016-169838,2016-11-25,2016-11-29,BB-11545,OFF-BI-10004002,Central,17.3,1,0.0,8.304,0.48
CA-2016-169838,2016-11-25,2016-11-29,BB-11545,TEC-AC-10004518,Central,160.0,8,0.0,62.4,0.39
US-2017-128951,2017-07-15,2017-07-17,RS-19420,OFF-AP-10002191,South,179.94,3,0.0,50.3832,0.28
US-2017-128951,2017-07-15,2017-07-17,RS-19420,FUR-TA-10004575,South,872.94,3,0.0,157.1292,0.18
US-2017-128951,2017-07-15,2017-07-17,RS-19420,OFF-PA-10003177,South,12.96,2,0.0,6.2208,0.4799999999999999
CA-2014-102330,2014-12-29,2015-01-03,AI-10855,OFF-LA-10003923,West,88.8,6,0.0,44.4,0.5
CA-2014-102330,2014-12-29,2015-01-03,AI-10855,TEC-PH-10001051,West,319.968,4,0.2,35.9964,0.1125
CA-2016-118899,2016-03-22,2016-03-22,MC-17275,FUR-CH-10004754,West,167.888,7,0.2,14.6902,0.08750000000000001
CA-2017-107958,2017-07-02,2017-07-05,AH-10120,OFF-PA-10000357,Central,163.96,5,0.2,59.4355,0.3625
CA-2017-107958,2017-07-02,2017-07-05,AH-10120,OFF-BI-10001787,Central,5.232,4,0.8,-8.1096,-1.55
CA-2017-151799,2017-12-14,2017-12-18,BF-11170,TEC-CO-10002313,East,1199.98,2,0.0,467.9922,0.39
CA-2017-151799,2017-12-14,2017-12-18,BF-11170,OFF-ST-10002790,East,73.85,1,0.0,2.2155,0.030000000000000002
CA-2017-151799,2017-12-14,2017-12-18,BF-11170,OFF-SU-10001664,East,25.71,3,0.0,6.6846,0.25999999999999995
CA-2017-151799,2017-12-14,2017-12-18,BF-11170,OFF-FA-10001332,East,17.28,6,0.0,8.1216,0.47000000000000003
CA-2017-151799,2017-12-14,2017-12-18,BF-11170,FUR-TA-10003473,East,526.582,2,0.3,-52.6582,-0.1
CA-2016-114601,2016-08-26,2016-09-02,AA-10480,OFF-PA-10000605,Central,11.56,2,0.0,5.6644,0.48999999999999994
CA-2016-114601,2016-08-26,2016-09-02,AA-10480,TEC-PH-10002170,Central,209.97,3,0.0,58.7916,0.28
CA-2016-114601,2016-08-26,2016-09-02,AA-10480,FUR-TA-10004147,Central,447.84,4,0.0,98.5248,0.22
CA-2016-114601,2016-08-26,2016-09-02,AA-10480,TEC-AC-10003911,Central,479.97,3,0.0,163.1898,0.33999999999999997
CA-2016-114601,2016-08-26,2016-09-02,AA-10480,OFF-AR-10002578,Central,8.64,3,0.0,2.5056,0.29
CA-2017-100237,2017-10-15,2017-10-19,SV-20815,OFF-AR-10001761,West,11.68,2,0.0,4.2048,0.36
CA-2014-139542,2014-10-25,2014-10-29,EH-14185,TEC-AC-10001553,East,40.776,3,0.2,0.5097,0.0125
CA-2014-139542,2014-10-25,2014-10-29,EH-14185,OFF-BI-10000309,East,13.698,3,0.7,-9.5886,-0.7
US-2015-142811,2015-04-02,2015-04-07,JL-15850,TEC-PH-10003095,West,87.8,5,0.2,32.925,0.375
CA-2017-139353,2017-10-28,2017-10-30,JM-15250,FUR-FU-10001876,South,77.952,3,0.2,15.5904,0.2
CA-2017-139353,2017-10-28,2017-10-30,JM-15250,OFF-ST-10001522,South,147.184,2,0.2,-29.4368,-0.2
CA-2017-139353,2017-10-28,2017-10-30,JM-15250,OFF-PA-10000300,South,47.952,3,0.2,16.1838,0.3375
CA-2014-150203,2014-12-05,2014-12-07,JB-15925,OFF-AP-10001469,West,250.26,6,0.0,72.5754,0.29000000000000004
US-2017-101518,2017-11-03,2017-11-08,PB-19105,TEC-AC-10001553,East,40.776,3,0.2,0.5097,0.0125
CA-2015-149636,2015-01-06,2015-01-12,SP-20620,OFF-PA-10004041,West,29.6,5,0.2,9.25,0.3125
CA-2015-149636,2015-01-06,2015-01-12,SP-20620,OFF-BI-10002764,West,1.938,2,0.7,-1.3566,-0.7000000000000001
US-2017-146213,2017-09-09,2017-09-14,MC-17605,TEC-AC-10001114,West,159.96,4,0.0,51.1872,0.31999999999999995
CA-2015-108588,2015-01-05,2015-01-10,BG-11695,OFF-AR-10001615,East,59.52,3,0.0,15.4752,0.25999999999999995
CA-2015-108588,2015-01-05,2015-01-10,BG-11695,OFF-EN-10000461,East,17.48,2,0.0,8.2156,0.47000000000000003
CA-2015-108588,2015-01-05,2015-01-10,BG-11695,OFF-BI-10004506,East,13.168,2,0.2,4.6088,0.35
US-2017-138086,2017-04-16,2017-04-20,JO-15550,OFF-AP-10000027,West,40.74,3,0.0,12.222,0.3
CA-2015-139374,2015-09-10,2015-09-14,AR-10345,FUR-CH-10003981,Central,179.886,1,0.3,-2.5698,-0.014285714285714285
CA-2016-113978,2016-09-25,2016-09-29,TS-21505,OFF-AP-10003849,East,286.256,1,0.2,17.891,0.0625
CA-2016-113978,2016-09-25,2016-09-29,TS-21505,OFF-ST-10004963,East,24.224,2,0.2,-4.8448,-0.2
CA-2016-113978,2016-09-25,2016-09-29,TS-21505,OFF-ST-10002574,East,331.536,3,0.2,-82.884,-0.25
US-2015-150231,2015-03-16,2015-03-20,JK-15640,OFF-AR-10001761,East,17.52,3,0.0,6.3072,0.36
CA-2016-106915,2016-11-26,2016-12-02,GA-14515,OFF-AR-10000716,Central,17.856,4,0.2,4.2408,0.2375
US-2016-109260,2016-09-26,2016-10-01,TN-21040,TEC-AC-10002637,South,431.976,3,0.2,-75.5958,-0.175
CA-2017-104850,2017-06-13,2017-06-19,TW-21025,FUR-CH-10003774,West,291.136,4,0.2,-25.4744,-0.0875
CA-2017-140508,2017-09-18,2017-09-21,PA-19060,OFF-EN-10000927,Central,114.848,4,0.2,35.89,0.3125
CA-2017-143294,2017-06-02,2017-06-08,JD-15790,OFF-PA-10000743,Central,10.688,2,0.2,3.7408,0.35
CA-2016-165673,2016-05-15,2016-05-19,MN-17935,OFF-PA-10000697,East,15.232,4,0.2,5.5216,0.36250000000000004
CA-2017-134418,2017-09-15,2017-09-20,GM-14500,OFF-AR-10004441,West,12.42,3,0.0,5.2164,0.42000000000000004
US-2016-106313,2016-08-22,2016-08-26,DG-13300,OFF-PA-10001870,West,19.44,3,0.0,9.3312,0.48000000000000004
CA-2014-105872,2014-05-30,2014-06-06,JG-15160,OFF-BI-10003684,East,70.368,4,0.2,26.388,0.37500000000000006
CA-2017-108287,2017-12-18,2017-12-20,AG-10330,OFF-AR-10001315,South,12.672,9,0.2,1.4256,0.11249999999999999
CA-2017-141103,2017-07-30,2017-08-06,JF-15355,TEC-PH-10003589,East,89.95,5,0.0,43.176,0.48
CA-2014-154781,2014-11-21,2014-11-26,SC-20680,OFF-PA-10001609,West,6.58,2,0.0,3.0268,0.46
CA-2014-154781,2014-11-21,2014-11-26,SC-20680,TEC-AC-10000474,West,94.99,1,0.0,28.497,0.3
CA-2015-147816,2015-09-24,2015-09-26,CM-11935,TEC-PH-10003095,West,35.12,2,0.2,13.17,0.375
CA-2017-105326,2017-08-20,2017-08-27,KT-16480,OFF-PA-10001639,West,25.92,4,0.0,12.4416,0.4799999999999999
CA-2016-133613,2016-06-17,2016-06-22,CP-12340,OFF-BI-10002003,East,7.96,2,0.0,3.7412,0.47000000000000003
CA-2016-133613,2016-06-17,2016-06-22,CP-12340,TEC-PH-10004539,East,566.97,3,0.0,153.0819,0.26999999999999996
CA-2016-133613,2016-06-17,2016-06-22,CP-12340,OFF-AR-10003829,East,9.84,3,0.0,2.8536,0.29000000000000004
CA-2015-109113,2015-12-19,2015-12-23,EK-13795,TEC-AC-10004761,Central,25.488,2,0.2,4.779,0.1875
CA-2015-156153,2015-05-31,2015-06-02,CW-11905,OFF-FA-10003472,East,7.56,6,0.0,0.3024,0.04
CA-2015-133242,2015-06-18,2015-06-24,KH-16510,FUR-FU-10003464,South,60.84,3,0.0,19.4688,0.32
CA-2015-133242,2015-06-18,2015-06-24,KH-16510,OFF-ST-10003716,South,450.04,2,0.0,58.5052,0.13
CA-2015-133242,2015-06-18,2015-06-24,KH-16510,OFF-BI-10004002,South,34.6,2,0.0,16.608,0.48
CA-2015-133242,2015-06-18,2015-06-24,KH-16510,TEC-PH-10002496,South,467.97,3,0.0,140.391,0.3
CA-2015-133242,2015-06-18,2015-06-24,KH-16510,OFF-BI-10004826,South,33.02,2,0.0,15.8496,0.48
CA-2015-158323,2015-11-30,2015-12-03,AB-10600,FUR-FU-10001546,South,17.088,2,0.2,1.068,0.0625
CA-2015-161795,2015-12-21,2015-12-23,AH-10075,OFF-AR-10001919,East,3.008,2,0.2,0.3384,0.11249999999999999
CA-2017-100902,2017-11-17,2017-11-21,CK-12595,OFF-PA-10002558,South,268.24,7,0.2,93.884,0.35
CA-2017-100902,2017-11-17,2017-11-21,CK-12595,TEC-AC-10003174,South,431.16,5,0.2,107.79,0.25
CA-2017-112844,2017-11-13,2017-11-16,SP-20620,TEC-PH-10003988,East,43.6,4,0.0,12.208,0.27999999999999997
CA-2017-112844,2017-11-13,2017-11-16,SP-20620,FUR-FU-10004845,East,154.95,3,0.0,30.99,0.2
CA-2016-158925,2016-10-24,2016-10-28,JP-15460,OFF-PA-10003072,Central,15.552,3,0.2,5.4432,0.35000000000000003
CA-2014-155390,2014-12-06,2014-12-11,BG-11035,OFF-PA-10003641,South,42.208,2,0.2,13.7176,0.325
CA-2017-123071,2017-12-03,2017-12-06,CC-12550,OFF-PA-10003729,Central,10.368,2,0.2,3.6288,0.35
CA-2017-156391,2017-09-26,2017-09-28,SL-20155,OFF-AR-10003251,West,2.224,1,0.2,0.556,0.25
CA-2015-103093,2015-02-03,2015-02-07,FO-14305,OFF-EN-10003286,South,74.52,9,0.0,35.0244,0.47000000000000003
US-2017-118941,2017-08-12,2017-08-12,BB-11545,OFF-AR-10004078,East,17.52,3,0.0,5.256,0.30000000000000004
US-2017-118941,2017-08-12,2017-08-12,BB-11545,FUR-CH-10002331,East,1779.9,5,0.0,373.779,0.21
US-2017-118941,2017-08-12,2017-08-12,BB-11545,OFF-AR-10001953,East,219.9,5,0.0,59.373,0.26999999999999996
CA-2015-169299,2015-08-24,2015-08-26,DO-13435,OFF-AR-10002053,West,7.152,3,0.2,0.7152,0.09999999999999999
CA-2017-154088,2017-11-12,2017-11-17,LB-16735,OFF-PA-10003651,South,26.72,5,0.2,9.352,0.35000000000000003
CA-2016-155978,2016-08-01,2016-08-01,TS-21205,TEC-PH-10002885,West,1039.728,2,0.2,90.9762,0.0875
CA-2016-155978,2016-08-01,2016-08-01,TS-21205,OFF-AP-10002892,West,45.96,2,0.0,13.788,0.3
CA-2016-108196,2016-11-25,2016-12-02,CS-12505,OFF-BI-10000545,East,456.588,2,0.7,-304.392,-0.6666666666666666
CA-2016-108196,2016-11-25,2016-12-02,CS-12505,TEC-MA-10000418,East,4499.985,5,0.7,-6599.978,-1.4666666666666668
CA-2016-108196,2016-11-25,2016-12-02,CS-12505,TEC-AC-10000926,East,59.976,3,0.2,11.9952,0.2
CA-2016-152800,2016-04-13,2016-04-15,SP-20920,OFF-EN-10001509,West,6.12,3,0.0,2.8764,0.47
CA-2014-166961,2014-12-27,2014-12-31,CD-12790,OFF-AP-10001366,West,10.98,1,0.0,2.9646,0.26999999999999996
CA-2014-166961,2014-12-27,2014-12-31,CD-12790,OFF-FA-10003485,West,7.86,3,0.0,3.6156,0.46
CA-2014-166961,2014-12-27,2014-12-31,CD-12790,OFF-ST-10004507,West,51.45,3,0.0,13.8915,0.27
CA-2014-166961,2014-12-27,2014-12-31,CD-12790,OFF-BI-10002353,West,37.056,3,0.2,13.896,0.37500000000000006
CA-2016-139381,2016-04-18,2016-04-22,RF-19840,OFF-AP-10001271,South,203.92,4,0.0,55.0584,0.27
CA-2016-139381,2016-04-18,2016-04-22,RF-19840,TEC-PH-10004924,South,29.56,4,0.0,7.9812,0.27
CA-2015-132136,2015-03-08,2015-03-12,FO-14305,OFF-BI-10002706,Central,8.568,3,0.8,-14.5656,-1.7
CA-2016-162236,2016-11-04,2016-11-06,ER-13855,OFF-ST-10003442,South,45.248,2,0.2,3.9592,0.08750000000000001
CA-2016-162236,2016-11-04,2016-11-06,ER-13855,FUR-TA-10002533,South,876.3,10,0.4,-292.1,-0.33333333333333337
CA-2016-162236,2016-11-04,2016-11-06,ER-13855,OFF-SU-10003505,South,185.376,2,0.2,-34.758,-0.1875
US-2014-111353,2014-11-29,2014-12-06,PB-19150,OFF-LA-10002762,East,25.06,2,0.0,11.7782,0.47000000000000003
US-2016-117037,2016-05-17,2016-05-20,LW-17215,OFF-BI-10000279,Central,2.89,1,0.8,-4.7685,-1.6500000000000001
US-2016-117037,2016-05-17,2016-05-20,LW-17215,OFF-FA-10000936,Central,7.896,3,0.2,2.4675,0.3125
US-2016-117037,2016-05-17,2016-05-20,LW-17215,FUR-FU-10004973,Central,22.608,3,0.6,-10.1736,-0.45
US-2016-117037,2016-05-17,2016-05-20,LW-17215,OFF-PA-10000791,Central,30.528,8,0.2,9.54,0.3125
CA-2017-160801,2017-09-19,2017-09-19,FG-14260,OFF-BI-10001132,East,4.842,3,0.7,-3.3894,-0.7000000000000001
CA-2016-108364,2016-12-19,2016-12-24,BP-11050,OFF-BI-10002012,Central,1.8,5,0.8,-2.88,-1.5999999999999999
CA-2017-169362,2017-10-12,2017-10-15,SP-20860,TEC-AC-10001383,Central,39.984,2,0.2,-1.4994,-0.0375
CA-2015-127481,2015-12-12,2015-12-15,JD-15895,OFF-PA-10002036,West,32.4,5,0.0,15.876,0.49
CA-2015-127481,2015-12-12,2015-12-15,JD-15895,OFF-PA-10002377,West,97.88,2,0.0,48.94,0.5
CA-2015-112711,2015-07-12,2015-07-18,FM-14380,TEC-PH-10000526,Central,307.168,4,0.2,30.7168,0.09999999999999999
US-2015-145121,2015-10-02,2015-10-06,MP-17965,OFF-BI-10001078,East,26.9,5,0.0,13.181,0.49
CA-2017-166184,2017-03-24,2017-03-27,HR-14830,OFF-EN-10004483,East,47.01,3,0.0,22.0947,0.47000000000000003
CA-2017-166184,2017-03-24,2017-03-27,HR-14830,TEC-PH-10002624,East,469.99,1,0.0,136.2971,0.29
CA-2017-166184,2017-03-24,2017-03-27,HR-14830,FUR-CH-10003396,East,207.846,3,0.1,2.3094,0.011111111111111112
CA-2017-157413,2017-06-01,2017-06-06,BW-11065,OFF-ST-10002756,East,324.744,3,0.2,-77.1267,-0.2375
CA-2014-143637,2014-03-24,2014-03-29,MS-17710,FUR-FU-10002813,West,40.48,2,0.0,14.5728,0.36000000000000004
CA-2015-102260,2015-09-22,2015-09-26,SJ-20125,OFF-LA-10003714,South,12.0,4,0.2,4.2,0.35000000000000003
CA-2015-102260,2015-09-22,2015-09-26,SJ-20125,OFF-ST-10003716,South,720.064,4,0.2,-63.0056,-0.08750000000000001
CA-2015-102260,2015-09-22,2015-09-26,SJ-20125,OFF-ST-10002289,South,25.424,1,0.2,-4.767,-0.18750000000000003
CA-2015-102260,2015-09-22,2015-09-26,SJ-20125,OFF-AR-10001315,South,2.816,2,0.2,0.3168,0.11250000000000002
CA-2015-102260,2015-09-22,2015-09-26,SJ-20125,OFF-BI-10000042,South,3.204,2,0.7,-2.5632,-0.8
US-2016-137295,2016-01-08,2016-01-13,VS-21820,OFF-BI-10004236,South,30.828,7,0.7,-24.6624,-0.8
US-2016-137295,2016-01-08,2016-01-13,VS-21820,OFF-AR-10001955,South,47.616,3,0.2,5.952,0.125
US-2016-137295,2016-01-08,2016-01-13,VS-21820,TEC-PH-10004080,South,108.784,2,0.2,10.8784,0.09999999999999999
CA-2016-134334,2016-02-14,2016-02-15,DK-13090,OFF-PA-10000791,East,4.77,1,0.0,2.1465,0.45000000000000007
CA-2016-134334,2016-02-14,2016-02-15,DK-13090,OFF-AR-10001770,East,7.98,3,0.0,2.0748,0.26
CA-2016-134334,2016-02-14,2016-02-15,DK-13090,FUR-TA-10002356,East,550.431,3,0.3,-47.1798,-0.08571428571428572
CA-2016-134334,2016-02-14,2016-02-15,DK-13090,FUR-FU-10003274,East,10.56,6,0.0,4.6464,0.43999999999999995
US-2017-109316,2017-06-08,2017-06-10,MG-17680,FUR-BO-10004834,West,1497.666,2,0.15,140.9568,0.09411764705882353
US-2017-109316,2017-06-08,2017-06-10,MG-17680,TEC-PH-10000307,West,17.52,2,0.2,-3.504,-0.2
CA-2016-138478,2016-10-21,2016-10-26,DP-13390,OFF-AR-10002240,West,113.22,3,0.0,29.4372,0.26
CA-2016-138478,2016-10-21,2016-10-26,DP-13390,OFF-PA-10001801,West,35.88,6,0.0,17.5812,0.48999999999999994
CA-2016-138478,2016-10-21,2016-10-26,DP-13390,OFF-BI-10001120,West,4535.976,3,0.2,1644.2913,0.36250000000000004
CA-2017-150469,2017-01-26,2017-01-30,CJ-12010,OFF-FA-10000611,West,11.84,8,0.0,5.6832,0.48000000000000004
CA-2017-152436,2017-12-08,2017-12-10,CW-11905,OFF-ST-10000036,East,592.74,6,0.0,160.0398,0.27
CA-2016-169334,2016-10-21,2016-10-24,GW-14605,OFF-ST-10004950,South,111.672,9,0.2,6.9795,0.0625
US-2014-115413,2014-08-26,2014-09-01,PP-18955,OFF-AR-10003770,East,8.64,3,0.0,2.5056,0.29
US-2014-115413,2014-08-26,2014-09-01,PP-18955,TEC-AC-10002800,East,149.97,3,0.0,52.4895,0.35
CA-2014-125150,2014-05-16,2014-05-23,PW-19030,FUR-CH-10002439,West,232.88,5,0.2,17.466,0.07500000000000001
CA-2015-127327,2015-02-03,2015-02-07,PW-19030,FUR-CH-10004218,East,90.882,1,0.1,15.147,0.16666666666666666
CA-2017-117114,2017-10-31,2017-11-05,CY-12745,TEC-PH-10004042,Central,508.768,4,0.2,38.1576,0.07500000000000001
CA-2017-117114,2017-10-31,2017-11-05,CY-12745,OFF-EN-10001137,Central,9.912,3,0.2,3.2214,0.32499999999999996
CA-2015-137302,2015-04-26,2015-05-01,BW-11110,FUR-CH-10002017,West,63.936,3,0.2,6.3936,0.1
CA-2015-137302,2015-04-26,2015-05-01,BW-11110,OFF-AR-10000588,West,59.52,3,0.0,15.4752,0.25999999999999995
CA-2015-137302,2015-04-26,2015-05-01,BW-11110,TEC-PH-10003174,West,311.976,3,0.2,38.997,0.125
CA-2015-137302,2015-04-26,2015-05-01,BW-11110,OFF-BI-10001524,West,50.352,3,0.2,17.6232,0.35000000000000003
CA-2016-112382,2016-05-09,2016-05-13,MB-18085,TEC-PH-10001552,Central,19.136,2,0.2,1.9136,0.1
CA-2015-128958,2015-01-24,2015-01-28,CR-12820,OFF-AR-10004757,South,13.12,5,0.2,2.132,0.1625
CA-2015-106257,2015-04-13,2015-04-17,EB-14110,FUR-TA-10002530,West,241.568,2,0.2,-15.098,-0.0625
CA-2015-106257,2015-04-13,2015-04-17,EB-14110,TEC-PH-10001494,West,479.92,2,0.2,41.993,0.08750000000000001
CA-2015-149083,2015-09-25,2015-09-30,SH-19975,FUR-CH-10004289,West,307.136,4,0.2,-11.5176,-0.0375
CA-2015-149083,2015-09-25,2015-09-30,SH-19975,OFF-LA-10002945,West,12.6,2,0.0,5.796,0.46
CA-2015-149083,2015-09-25,2015-09-30,SH-19975,TEC-AC-10002567,West,159.98,2,0.0,57.5928,0.36
US-2014-137869,2014-03-28,2014-04-02,CV-12295,OFF-EN-10001509,Central,6.12,3,0.0,2.8764,0.47
US-2014-137869,2014-03-28,2014-04-02,CV-12295,FUR-TA-10003954,Central,1184.72,4,0.0,106.6248,0.09
CA-2016-116603,2016-07-17,2016-07-22,AT-10735,OFF-AP-10002892,East,45.96,2,0.0,13.788,0.3
CA-2014-158470,2014-04-19,2014-04-23,AG-10390,OFF-BI-10003638,South,58.05,3,0.0,26.703,0.46
CA-2014-158470,2014-04-19,2014-04-23,AG-10390,OFF-PA-10001569,South,71.28,11,0.0,34.2144,0.48
US-2017-123834,2017-07-21,2017-07-25,GM-14500,FUR-TA-10001676,Central,124.404,4,0.3,-21.3264,-0.17142857142857143
CA-2015-125976,2015-09-27,2015-10-02,JK-15205,OFF-PA-10001125,South,154.9,5,0.0,69.705,0.44999999999999996
CA-2015-125976,2015-09-27,2015-10-02,JK-15205,TEC-PH-10002496,South,1871.88,12,0.0,561.564,0.3
CA-2016-128706,2016-02-27,2016-03-02,DW-13540,FUR-FU-10004053,Central,16.192,2,0.6,-6.8816,-0.425
CA-2016-104311,2016-05-02,2016-05-06,AS-10090,OFF-ST-10000321,Central,18.936,3,0.2,-3.7872,-0.19999999999999998
CA-2016-104311,2016-05-02,2016-05-06,AS-10090,OFF-ST-10002957,Central,12.672,3,0.2,-3.168,-0.25
CA-2016-104311,2016-05-02,2016-05-06,AS-10090,OFF-LA-10000973,Central,5.04,2,0.2,1.764,0.35
CA-2014-169649,2014-12-09,2014-12-15,TS-21205,OFF-PA-10000143,Central,8.448,2,0.2,2.9568,0.35
CA-2014-169649,2014-12-09,2014-12-15,TS-21205,OFF-AP-10003287,Central,20.388,2,0.8,-53.0088,-2.5999999999999996
CA-2015-144890,2015-12-25,2015-12-29,SM-20320,OFF-PA-10001526,West,9.96,2,0.0,4.8804,0.48999999999999994
CA-2017-135587,2017-12-07,2017-12-12,BH-11710,OFF-AP-10004540,South,320.64,4,0.0,89.7792,0.28
CA-2017-135587,2017-12-07,2017-12-12,BH-11710,TEC-AC-10001266,South,52.0,4,0.0,23.4,0.44999999999999996
CA-2014-103429,2014-05-30,2014-06-01,LW-16825,OFF-BI-10004233,East,25.584,2,0.2,8.9544,0.35
CA-2014-103429,2014-05-30,2014-06-01,LW-16825,TEC-PH-10003505,East,464.0,5,0.0,134.56,0.29
CA-2014-103429,2014-05-30,2014-06-01,LW-16825,OFF-AP-10001005,East,235.95,3,0.0,77.8635,0.33
CA-2014-103429,2014-05-30,2014-06-01,LW-16825,OFF-PA-10001712,East,39.96,4,0.0,17.982,0.44999999999999996
CA-2017-152261,2017-03-02,2017-03-06,JA-15970,OFF-BI-10002353,East,18.528,4,0.7,-12.352,-0.6666666666666667
CA-2015-142993,2015-10-12,2015-10-17,KA-16525,TEC-AC-10003038,West,17.9,2,0.0,3.401,0.19
CA-2015-142993,2015-10-12,2015-10-17,KA-16525,OFF-ST-10000934,West,81.96,2,0.0,0.0,0.0
CA-2015-143364,2015-07-14,2015-07-19,TG-21310,OFF-ST-10002743,West,272.736,3,0.2,-64.7748,-0.23750000000000002
CA-2015-143364,2015-07-14,2015-07-19,TG-21310,OFF-PA-10001846,West,18.496,4,0.2,6.7048,0.3625
CA-2015-143364,2015-07-14,2015-07-19,TG-21310,FUR-CH-10004287,West,441.92,2,0.2,49.716,0.1125
CA-2015-143364,2015-07-14,2015-07-19,TG-21310,FUR-BO-10001608,West,127.764,6,0.7,-191.646,-1.5
CA-2014-100972,2014-11-19,2014-11-24,DB-13360,OFF-PA-10000357,West,166.44,3,0.0,79.8912,0.48
CA-2016-136994,2016-05-27,2016-06-02,LS-17245,OFF-PA-10000575,West,13.38,2,0.0,6.1548,0.45999999999999996
US-2017-166233,2017-07-03,2017-07-09,MO-17950,TEC-AC-10002167,South,24.0,2,0.2,-2.7,-0.1125
CA-2017-122112,2017-09-25,2017-09-29,CA-11965,OFF-EN-10004459,East,24.448,4,0.2,8.8624,0.36249999999999993
CA-2016-101672,2016-10-03,2016-10-07,DB-12910,OFF-LA-10002271,West,6.16,2,0.0,2.9568,0.48
CA-2016-101672,2016-10-03,2016-10-07,DB-12910,FUR-CH-10004063,West,915.136,4,0.2,102.9528,0.1125
CA-2016-101672,2016-10-03,2016-10-07,DB-12910,OFF-PA-10004610,West,8.56,2,0.0,3.852,0.44999999999999996
CA-2016-101672,2016-10-03,2016-10-07,DB-12910,OFF-PA-10001878,West,97.82,2,0.0,45.9754,0.47000000000000003
CA-2017-168403,2017-09-09,2017-09-15,DK-12835,OFF-PA-10002036,West,31.104,6,0.2,11.2752,0.3625
CA-2017-168403,2017-09-09,2017-09-15,DK-12835,OFF-AP-10003278,West,11.176,1,0.2,0.8382,0.075
CA-2015-148705,2015-03-12,2015-03-18,EB-14170,OFF-LA-10001641,South,5.04,2,0.2,1.764,0.35
CA-2016-160241,2016-11-29,2016-12-04,DR-12940,FUR-FU-10003806,Central,242.176,4,0.6,-302.72,-1.2500000000000002
CA-2016-155747,2016-06-14,2016-06-21,JS-15685,FUR-TA-10003392,East,337.176,2,0.4,-118.0116,-0.35000000000000003
CA-2017-118017,2017-12-03,2017-12-06,LC-16870,OFF-AR-10003856,West,13.344,6,0.2,1.0008,0.075
CA-2017-118017,2017-12-03,2017-12-06,LC-16870,TEC-AC-10002006,West,76.752,6,0.2,10.5534,0.1375
CA-2017-118017,2017-12-03,2017-12-06,LC-16870,OFF-PA-10002246,West,10.32,2,0.2,3.741,0.3625
CA-2017-118017,2017-12-03,2017-12-06,LC-16870,OFF-SU-10004782,West,47.32,7,0.2,5.915,0.125
CA-2017-118017,2017-12-03,2017-12-06,LC-16870,FUR-FU-10004351,West,23.376,3,0.2,7.0128,0.3
CA-2017-118017,2017-12-03,2017-12-06,LC-16870,FUR-FU-10004270,West,16.72,5,0.2,3.344,0.2
CA-2017-118017,2017-12-03,2017-12-06,LC-16870,FUR-FU-10004053,West,16.192,1,0.2,4.6552,0.2875
CA-2016-113117,2016-08-16,2016-08-22,JP-15520,OFF-PA-10000019,West,32.4,5,0.0,15.552,0.48
CA-2016-148684,2016-12-25,2016-12-29,TS-21655,OFF-AR-10003811,South,19.89,9,0.0,5.3703,0.27
CA-2016-148684,2016-12-25,2016-12-29,TS-21655,TEC-AC-10001838,South,399.98,2,0.0,171.9914,0.43
CA-2016-148684,2016-12-25,2016-12-29,TS-21655,FUR-FU-10003553,South,343.85,5,0.0,137.54,0.39999999999999997
CA-2016-148684,2016-12-25,2016-12-29,TS-21655,OFF-PA-10003302,South,106.32,3,0.0,49.9704,0.47000000000000003
CA-2017-125367,2017-07-23,2017-07-30,NM-18445,OFF-BI-10002412,East,13.92,3,0.2,4.35,0.3125
CA-2017-124744,2017-06-21,2017-06-25,EH-14125,OFF-BI-10002852,East,82.4,5,0.0,40.376,0.48999999999999994
CA-2017-124744,2017-06-21,2017-06-25,EH-14125,OFF-BI-10000145,East,6.24,2,0.0,3.0576,0.48999999999999994
CA-2017-124744,2017-06-21,2017-06-25,EH-14125,OFF-PA-10001970,East,447.84,8,0.0,219.4416,0.49
CA-2017-128363,2017-08-13,2017-08-18,DC-12850,OFF-AP-10001563,South,272.048,7,0.2,30.6054,0.1125
CA-2017-128363,2017-08-13,2017-08-18,DC-12850,OFF-BI-10001359,South,1614.582,6,0.7,-1237.8462,-0.7666666666666666
CA-2017-128363,2017-08-13,2017-08-18,DC-12850,OFF-FA-10003495,South,24.32,5,0.2,9.12,0.37499999999999994
CA-2017-128363,2017-08-13,2017-08-18,DC-12850,TEC-AC-10003709,South,1.584,2,0.2,0.4752,0.3
CA-2017-128363,2017-08-13,2017-08-18,DC-12850,FUR-FU-10003268,South,31.984,1,0.2,0.0,0.0
CA-2017-128363,2017-08-13,2017-08-18,DC-12850,OFF-EN-10003845,South,14.76,5,0.2,4.797,0.325
CA-2017-128363,2017-08-13,2017-08-18,DC-12850,FUR-CH-10002073,South,423.648,2,0.2,47.6604,0.1125
CA-2015-126669,2015-11-07,2015-11-13,DO-13645,OFF-PA-10001357,Central,76.64,2,0.2,26.824,0.35000000000000003
US-2015-118766,2015-10-15,2015-10-22,LS-16975,OFF-EN-10001415,Central,4.464,1,0.2,1.674,0.37499999999999994
US-2015-118766,2015-10-15,2015-10-22,LS-16975,OFF-BI-10002813,Central,3.96,10,0.8,-6.93,-1.75
CA-2016-112585,2016-07-30,2016-08-02,RW-19630,OFF-AP-10003849,West,715.64,2,0.0,178.91,0.25
CA-2016-149762,2016-12-03,2016-12-07,RD-19720,FUR-TA-10004147,West,268.704,3,0.2,6.7176,0.024999999999999998
CA-2016-149762,2016-12-03,2016-12-07,RD-19720,OFF-AR-10001662,West,21.92,8,0.0,5.9184,0.26999999999999996
CA-2016-149762,2016-12-03,2016-12-07,RD-19720,OFF-ST-10001558,West,48.72,3,0.0,7.308,0.15
CA-2016-149762,2016-12-03,2016-12-07,RD-19720,FUR-BO-10001337,West,205.666,2,0.15,-12.098,-0.05882352941176471
CA-2016-167605,2016-04-28,2016-04-30,RB-19570,FUR-FU-10001602,Central,30.344,2,0.6,-31.8612,-1.05
US-2017-105697,2017-08-25,2017-08-27,JE-15715,OFF-ST-10003996,East,25.696,2,0.2,1.9272,0.075
CA-2017-165323,2017-06-17,2017-06-21,SR-20740,TEC-MA-10003673,East,3404.5,5,0.0,1668.205,0.49
CA-2017-165323,2017-06-17,2017-06-21,SR-20740,TEC-AC-10004992,East,101.34,3,0.0,8.1072,0.08
CA-2015-110891,2015-11-20,2015-11-24,PO-19195,FUR-CH-10002880,East,344.372,4,0.3,-93.4724,-0.2714285714285714
CA-2017-100783,2017-09-04,2017-09-08,JK-16120,OFF-AR-10000380,Central,30.384,1,0.2,3.798,0.125
CA-2015-152513,2015-07-04,2015-07-08,JP-16135,OFF-BI-10002706,West,22.848,2,0.2,7.4256,0.325
CA-2017-139822,2017-09-15,2017-09-21,Dp-13240,OFF-ST-10000943,East,38.62,2,0.0,10.8136,0.27999999999999997
CA-2017-139822,2017-09-15,2017-09-21,Dp-13240,TEC-AC-10001090,East,59.98,2,0.0,10.7964,0.18000000000000002
CA-2017-107713,2017-03-13,2017-03-17,JB-16000,OFF-BI-10002026,East,174.3,3,0.0,81.921,0.47000000000000003
CA-2017-134096,2017-09-24,2017-09-29,PP-18955,TEC-PH-10000526,South,383.96,5,0.2,38.396,0.1
CA-2017-134096,2017-09-24,2017-09-29,PP-18955,OFF-BI-10004002,South,15.57,3,0.7,-11.418,-0.7333333333333333
CA-2016-125843,2016-08-13,2016-08-16,RF-19840,OFF-BI-10002309,South,22.32,4,0.0,10.7136,0.48
CA-2016-125843,2016-08-13,2016-08-16,RF-19840,OFF-LA-10003923,South,103.6,7,0.0,51.8,0.5
CA-2017-120404,2017-11-20,2017-11-24,KH-16330,TEC-AC-10003433,East,2.97,3,0.0,1.3365,0.44999999999999996
CA-2017-120404,2017-11-20,2017-11-24,KH-16330,TEC-PH-10001363,East,569.99,1,0.0,170.997,0.30000000000000004
CA-2017-120404,2017-11-20,2017-11-24,KH-16330,FUR-FU-10000820,East,50.97,3,0.0,9.1746,0.18
CA-2017-167549,2017-07-25,2017-07-27,EM-14200,FUR-TA-10004767,Central,298.116,6,0.3,-4.2588,-0.014285714285714287
CA-2016-120082,2016-03-25,2016-03-27,DK-12835,OFF-AR-10001955,East,59.52,3,0.0,17.856,0.3
US-2016-168095,2016-07-15,2016-07-20,MC-17425,FUR-CH-10004886,West,230.28,3,0.2,23.028,0.09999999999999999
US-2016-168095,2016-07-15,2016-07-20,MC-17425,OFF-PA-10003641,West,105.52,5,0.2,34.294,0.32499999999999996
CA-2017-166093,2017-08-17,2017-08-24,RW-19540,OFF-EN-10003134,West,23.36,2,0.0,11.68,0.5
CA-2017-166093,2017-08-17,2017-08-24,RW-19540,TEC-PH-10002564,West,71.976,3,0.2,8.997,0.125
CA-2017-166093,2017-08-17,2017-08-24,RW-19540,OFF-PA-10003893,West,8.56,2,0.0,3.852,0.44999999999999996
CA-2017-166093,2017-08-17,2017-08-24,RW-19540,OFF-BI-10000174,West,13.92,3,0.2,4.872,0.35
CA-2017-166093,2017-08-17,2017-08-24,RW-19540,OFF-AP-10001058,West,2518.29,9,0.0,654.7554,0.26
CA-2017-166093,2017-08-17,2017-08-24,RW-19540,OFF-ST-10001496,West,540.57,3,0.0,140.5482,0.26
CA-2017-166093,2017-08-17,2017-08-24,RW-19540,OFF-BI-10004230,West,221.056,8,0.2,77.3696,0.35000000000000003
CA-2016-146325,2016-12-14,2016-12-17,DS-13180,FUR-CH-10001146,West,81.424,2,0.2,-9.1602,-0.11249999999999999
CA-2016-146325,2016-12-14,2016-12-17,DS-13180,OFF-ST-10001590,West,134.8,10,0.0,35.048,0.26
CA-2017-134194,2017-12-25,2018-01-01,GA-14725,OFF-BI-10003684,Central,39.582,9,0.8,-59.373,-1.5
CA-2017-134194,2017-12-25,2018-01-01,GA-14725,OFF-SU-10000946,Central,44.688,7,0.2,5.0274,0.1125
CA-2017-134194,2017-12-25,2018-01-01,GA-14725,OFF-AR-10001615,Central,31.744,2,0.2,2.3808,0.075
CA-2017-134194,2017-12-25,2018-01-01,GA-14725,OFF-BI-10001597,Central,40.98,5,0.8,-65.568,-1.6
CA-2017-134194,2017-12-25,2018-01-01,GA-14725,OFF-BI-10001116,Central,3.168,3,0.8,-5.0688,-1.6
CA-2014-131009,2014-03-01,2014-03-05,SC-20380,OFF-FA-10004395,Central,18.84,5,0.2,-3.5325,-0.1875
CA-2014-131009,2014-03-01,2014-03-05,SC-20380,FUR-CH-10001270,Central,362.25,6,0.3,0.0,0.0
CA-2014-131009,2014-03-01,2014-03-05,SC-20380,FUR-FU-10001095,Central,63.552,6,0.6,-34.9536,-0.55
CA-2014-131009,2014-03-01,2014-03-05,SC-20380,OFF-ST-10001469,Central,129.552,3,0.2,-22.6716,-0.17500000000000002
CA-2015-145814,2015-11-19,2015-11-24,KD-16345,OFF-BI-10003196,East,5.984,2,0.2,2.244,0.37500000000000006
CA-2015-145814,2015-11-19,2015-11-24,KD-16345,TEC-PH-10002200,East,861.76,4,0.0,249.9104,0.29000000000000004
CA-2014-138359,2014-04-01,2014-04-06,KH-16330,OFF-ST-10000636,East,66.96,4,0.0,2.6784,0.04
CA-2014-138359,2014-04-01,2014-04-06,KH-16330,OFF-BI-10000145,East,6.24,2,0.0,3.0576,0.48999999999999994
CA-2017-131807,2017-10-05,2017-10-10,GG-14650,FUR-CH-10001190,West,435.168,4,0.2,-59.8356,-0.13749999999999998
CA-2017-131807,2017-10-05,2017-10-10,GG-14650,OFF-FA-10002780,West,14.9,5,0.0,6.854,0.46
CA-2017-131807,2017-10-05,2017-10-10,GG-14650,OFF-AP-10004052,West,15.8,4,0.0,4.108,0.25999999999999995
CA-2017-131807,2017-10-05,2017-10-10,GG-14650,FUR-FU-10004666,West,72.9,5,0.0,26.973,0.36999999999999994
CA-2017-131807,2017-10-05,2017-10-10,GG-14650,FUR-TA-10004086,West,206.352,3,0.2,5.1588,0.025
CA-2017-131807,2017-10-05,2017-10-10,GG-14650,TEC-PH-10000702,West,7.992,1,0.2,2.6973,0.33749999999999997
CA-2017-104864,2017-11-18,2017-11-23,JS-15685,OFF-ST-10002301,South,81.36,5,0.2,-19.323,-0.23750000000000002
CA-2017-104864,2017-11-18,2017-11-23,JS-15685,OFF-BI-10001636,South,20.232,8,0.7,-16.1856,-0.8
CA-2017-104864,2017-11-18,2017-11-23,JS-15685,OFF-AP-10002684,South,389.056,4,0.2,48.632,0.125
CA-2017-104864,2017-11-18,2017-11-23,JS-15685,OFF-PA-10004609,South,20.736,4,0.2,7.2576,0.35
CA-2017-104864,2017-11-18,2017-11-23,JS-15685,OFF-PA-10003309,South,41.472,8,0.2,14.5152,0.35
CA-2015-138219,2015-03-23,2015-03-30,BP-11095,OFF-PA-10000380,West,33.36,4,0.0,16.68,0.5
CA-2016-157707,2016-10-10,2016-10-12,CC-12610,FUR-BO-10001567,West,90.882,3,0.7,-190.8522,-2.1
CA-2016-157707,2016-10-10,2016-10-12,CC-12610,TEC-PH-10002583,West,15.992,1,0.2,-2.9985,-0.18749999999999997
CA-2016-157707,2016-10-10,2016-10-12,CC-12610,FUR-CH-10004853,West,120.784,1,0.2,13.5882,0.1125
US-2015-126753,2015-08-16,2015-08-20,SP-20860,TEC-PH-10003580,East,519.792,4,0.4,-112.6216,-0.21666666666666665
US-2015-126753,2015-08-16,2015-08-20,SP-20860,TEC-AC-10004227,East,31.176,3,0.2,-5.4558,-0.17500000000000002
US-2015-126753,2015-08-16,2015-08-20,SP-20860,OFF-PA-10002787,East,10.368,2,0.2,3.6288,0.35
US-2015-126753,2015-08-16,2015-08-20,SP-20860,OFF-BI-10003981,East,2.724,2,0.7,-1.9068,-0.7
US-2015-126753,2015-08-16,2015-08-20,SP-20860,FUR-FU-10001488,East,254.352,3,0.2,0.0,0.0
US-2015-126753,2015-08-16,2015-08-20,SP-20860,OFF-BI-10003727,East,3.762,3,0.7,-2.7588,-0.7333333333333333
US-2015-126753,2015-08-16,2015-08-20,SP-20860,OFF-PA-10000130,East,10.272,3,0.2,3.21,0.3125
CA-2014-166051,2014-05-31,2014-06-05,JK-15625,TEC-PH-10002680,South,659.97,3,0.0,197.991,0.3
CA-2014-166051,2014-05-31,2014-06-05,JK-15625,TEC-PH-10002538,South,113.73,3,0.0,32.9817,0.29
CA-2015-113040,2015-08-27,2015-08-31,CC-12100,OFF-BI-10001249,West,5.104,1,0.2,1.6588,0.325
CA-2014-103800,2014-01-03,2014-01-07,DP-13000,OFF-PA-10000174,Central,16.448,2,0.2,5.5512,0.33749999999999997
CA-2014-113383,2014-09-10,2014-09-13,SF-20065,OFF-AP-10004532,East,81.92,4,0.0,22.1184,0.27
CA-2014-113383,2014-09-10,2014-09-13,SF-20065,FUR-FU-10001986,East,254.9,5,0.0,76.47,0.3
CA-2017-152499,2017-01-22,2017-01-25,EH-13765,OFF-FA-10002975,Central,15.12,5,0.2,4.914,0.325
CA-2017-152499,2017-01-22,2017-01-25,EH-13765,OFF-AR-10003481,Central,7.872,3,0.2,0.8856,0.1125
CA-2016-151498,2016-04-21,2016-04-24,DN-13690,OFF-BI-10004967,West,8.32,5,0.2,2.808,0.33749999999999997
CA-2016-137939,2016-07-20,2016-07-23,PJ-19015,TEC-PH-10003589,East,89.95,5,0.0,43.176,0.48
US-2016-117793,2016-08-23,2016-08-29,MA-17560,OFF-LA-10002945,Central,25.2,4,0.0,11.592,0.46
US-2016-117793,2016-08-23,2016-08-29,MA-17560,OFF-LA-10003537,Central,37.59,3,0.0,17.6673,0.47
US-2016-117793,2016-08-23,2016-08-29,MA-17560,OFF-ST-10002406,Central,14.97,1,0.0,4.1916,0.28
US-2016-117793,2016-08-23,2016-08-29,MA-17560,TEC-AC-10003433,Central,1.98,2,0.0,0.891,0.45
CA-2016-133872,2016-06-14,2016-06-17,VM-21835,OFF-BI-10002082,South,39.936,4,0.7,-26.624,-0.6666666666666666
CA-2016-133872,2016-06-14,2016-06-17,VM-21835,TEC-AC-10000521,South,18.464,2,0.2,2.308,0.125
US-2015-165743,2015-11-20,2015-11-23,MM-18055,OFF-BI-10001982,West,4.896,3,0.7,-3.4272,-0.7000000000000001
US-2015-165743,2015-11-20,2015-11-23,MM-18055,FUR-BO-10002268,West,145.764,6,0.7,-247.7988,-1.7
US-2015-165743,2015-11-20,2015-11-23,MM-18055,OFF-BI-10001758,West,9.612,6,0.7,-7.3692,-0.7666666666666667
US-2017-105998,2017-11-03,2017-11-05,CR-12580,TEC-AC-10004469,West,199.75,5,0.0,87.89,0.44
US-2017-105998,2017-11-03,2017-11-05,CR-12580,FUR-TA-10001095,West,1673.184,12,0.2,20.9148,0.0125
US-2014-148194,2014-05-04,2014-05-07,BS-11365,FUR-FU-10001852,West,12.18,7,0.0,3.8976,0.32
US-2014-148194,2014-05-04,2014-05-07,BS-11365,OFF-AP-10000696,West,57.68,4,0.0,19.0344,0.33
US-2015-151407,2015-11-08,2015-11-12,RD-19585,TEC-PH-10003885,Central,263.96,4,0.0,76.5484,0.29000000000000004
CA-2015-110870,2015-12-12,2015-12-15,KD-16270,TEC-AC-10002926,West,299.94,6,0.0,128.9742,0.43
CA-2015-110870,2015-12-12,2015-12-15,KD-16270,OFF-SU-10001225,West,25.76,7,0.0,0.5152,0.019999999999999997
CA-2014-143210,2014-12-01,2014-12-03,AA-10645,TEC-PH-10004434,East,271.9,2,0.0,78.851,0.29000000000000004
CA-2014-143210,2014-12-01,2014-12-03,AA-10645,FUR-FU-10003878,East,45.84,3,0.0,15.5856,0.33999999999999997
CA-2014-143210,2014-12-01,2014-12-03,AA-10645,FUR-FU-10002268,East,9.82,2,0.0,3.2406,0.33
CA-2016-139808,2016-10-07,2016-10-11,MC-18100,OFF-FA-10001883,West,93.36,12,0.0,0.9336,0.01
CA-2015-110863,2015-11-17,2015-11-24,AA-10645,OFF-ST-10002756,Central,541.24,4,0.0,5.4124,0.01
CA-2015-110863,2015-11-17,2015-11-24,AA-10645,OFF-PA-10000474,Central,106.32,3,0.0,49.9704,0.47000000000000003
CA-2015-110863,2015-11-17,2015-11-24,AA-10645,FUR-CH-10002073,Central,1323.9,5,0.0,383.931,0.29
CA-2014-127859,2014-03-17,2014-03-20,QJ-19255,OFF-PA-10003641,East,126.624,6,0.2,41.1528,0.325
US-2015-136427,2015-06-20,2015-06-23,JM-16195,TEC-PH-10002070,West,125.944,7,0.2,15.743,0.125
CA-2017-120168,2017-05-25,2017-05-25,TB-21625,OFF-BI-10004519,East,663.92,5,0.2,207.475,0.3125
CA-2017-120168,2017-05-25,2017-05-25,TB-21625,TEC-AC-10002167,East,120.0,8,0.0,13.2,0.11
CA-2017-120168,2017-05-25,2017-05-25,TB-21625,OFF-FA-10000936,East,3.29,1,0.0,1.4805,0.44999999999999996
CA-2017-120168,2017-05-25,2017-05-25,TB-21625,FUR-FU-10000732,East,18.84,3,0.0,6.0288,0.32
US-2014-131870,2014-09-09,2014-09-11,NF-18595,FUR-FU-10002501,East,60.672,6,0.2,12.8928,0.2125
US-2014-131870,2014-09-09,2014-09-11,NF-18595,OFF-AR-10000634,East,30.816,9,0.2,2.6964,0.08750000000000001
CA-2017-114804,2017-10-17,2017-10-19,BF-11020,TEC-PH-10001700,West,52.792,1,0.2,4.6193,0.0875
CA-2017-167227,2017-11-02,2017-11-05,NP-18670,OFF-AP-10001962,Central,83.9,10,0.0,20.975,0.25
CA-2017-167227,2017-11-02,2017-11-05,NP-18670,OFF-PA-10001838,Central,11.76,2,0.0,5.7624,0.49000000000000005
CA-2014-129189,2014-07-21,2014-07-25,HM-14860,OFF-AP-10000124,Central,4.992,3,0.8,-12.9792,-2.6
CA-2014-129189,2014-07-21,2014-07-25,HM-14860,OFF-EN-10003567,Central,87.92,5,0.2,29.673,0.33749999999999997
CA-2014-129189,2014-07-21,2014-07-25,HM-14860,FUR-CH-10004997,Central,657.93,5,0.3,-93.99,-0.14285714285714285
CA-2014-129189,2014-07-21,2014-07-25,HM-14860,OFF-BI-10000494,Central,1.044,1,0.8,-1.827,-1.75
CA-2015-132465,2015-09-11,2015-09-15,DM-13525,FUR-FU-10000277,East,210.68,2,0.0,50.5632,0.24
CA-2015-132465,2015-09-11,2015-09-15,DM-13525,OFF-ST-10003641,East,78.8,1,0.0,1.576,0.02
CA-2015-132465,2015-09-11,2015-09-15,DM-13525,TEC-AC-10001998,East,19.99,1,0.0,6.7966,0.34
CA-2015-132465,2015-09-11,2015-09-15,DM-13525,OFF-ST-10001932,East,772.68,4,0.0,108.1752,0.14
CA-2016-166373,2016-10-21,2016-10-25,JF-15565,TEC-AC-10002323,Central,106.08,6,0.2,-9.282,-0.08750000000000001
CA-2016-158806,2016-01-07,2016-01-11,NM-18520,FUR-FU-10004270,Central,23.076,3,0.6,-10.9611,-0.475
CA-2016-158806,2016-01-07,2016-01-11,NM-18520,OFF-PA-10004621,Central,25.92,5,0.2,9.072,0.3499999999999999
CA-2015-119690,2015-06-25,2015-06-28,MV-17485,OFF-PA-10001019,Central,47.952,3,0.2,16.1838,0.3375
CA-2015-119690,2015-06-25,2015-06-28,MV-17485,OFF-BI-10000201,Central,0.984,2,0.8,-1.476,-1.5
CA-2015-119690,2015-06-25,2015-06-28,MV-17485,FUR-FU-10004587,Central,75.384,9,0.6,-20.7306,-0.27499999999999997
CA-2015-119690,2015-06-25,2015-06-28,MV-17485,OFF-LA-10001613,Central,4.608,2,0.2,1.6704,0.36250000000000004
CA-2015-153738,2015-09-20,2015-09-22,AG-10270,OFF-BI-10001308,East,37.68,6,0.0,16.956,0.45
CA-2017-169012,2017-07-10,2017-07-14,BF-11275,OFF-AP-10003278,South,41.91,3,0.0,10.8966,0.26
CA-2017-109393,2017-06-30,2017-07-02,JC-15775,FUR-BO-10003966,West,435.999,3,0.15,5.1294,0.011764705882352941
CA-2017-121489,2017-08-21,2017-08-25,CM-11815,FUR-CH-10004698,West,388.704,6,0.2,38.8704,0.09999999999999999
CA-2017-121489,2017-08-21,2017-08-25,CM-11815,OFF-ST-10000025,West,572.58,6,0.0,34.3548,0.05999999999999999
CA-2017-121489,2017-08-21,2017-08-25,CM-11815,TEC-AC-10000682,West,33.18,2,0.0,11.613,0.35
US-2017-133081,2017-03-11,2017-03-15,PV-18985,TEC-AC-10001772,East,63.88,4,0.0,24.9132,0.38999999999999996
US-2017-133081,2017-03-11,2017-03-15,PV-18985,FUR-FU-10001379,East,26.72,1,0.0,11.7568,0.44
CA-2017-165008,2017-09-15,2017-09-17,DO-13645,OFF-BI-10002794,West,295.056,9,0.2,106.9578,0.36250000000000004
CA-2016-145611,2016-09-20,2016-09-24,HA-14905,OFF-AP-10001005,East,393.25,5,0.0,129.7725,0.33
CA-2016-113600,2016-12-15,2016-12-17,SH-20395,OFF-BI-10000201,East,2.214,3,0.7,-1.476,-0.6666666666666666
CA-2017-130834,2017-11-03,2017-11-06,JM-16195,OFF-PA-10003673,South,16.272,3,0.2,5.2884,0.32500000000000007
CA-2016-168543,2016-07-03,2016-07-07,DK-13225,OFF-AP-10000938,East,706.86,7,0.0,197.9208,0.28
CA-2014-144974,2014-09-26,2014-09-30,CM-12715,OFF-BI-10003274,East,5.97,5,0.7,-4.577,-0.7666666666666667
CA-2014-144974,2014-09-26,2014-09-30,CM-12715,FUR-FU-10001095,East,21.184,1,0.2,4.7664,0.22499999999999998
CA-2014-144974,2014-09-26,2014-09-30,CM-12715,OFF-AP-10001492,East,41.376,6,0.2,3.1032,0.07500000000000001
CA-2014-109904,2014-07-14,2014-07-17,BF-10975,OFF-AR-10004999,East,17.94,3,0.0,4.485,0.25
CA-2017-152205,2017-09-28,2017-10-05,SF-20965,OFF-BI-10004094,East,2.655,1,0.7,-1.8585,-0.7000000000000001
CA-2015-121188,2015-08-28,2015-09-04,CB-12025,OFF-ST-10001490,West,892.35,5,0.0,267.705,0.3
CA-2015-121188,2015-08-28,2015-09-04,CB-12025,FUR-BO-10004695,West,307.666,2,0.15,28.9568,0.09411764705882353
CA-2015-121188,2015-08-28,2015-09-04,CB-12025,OFF-ST-10000736,West,728.82,9,0.0,29.1528,0.039999999999999994
CA-2015-121188,2015-08-28,2015-09-04,CB-12025,OFF-BI-10001617,West,41.36,5,0.2,13.959,0.3375
CA-2015-121188,2015-08-28,2015-09-04,CB-12025,TEC-PH-10003589,West,43.176,3,0.2,15.1116,0.35
CA-2015-121188,2015-08-28,2015-09-04,CB-12025,FUR-FU-10003981,West,4.16,2,0.0,1.7472,0.42
CA-2015-156013,2015-09-20,2015-09-26,TC-20980,OFF-PA-10001970,East,61.4,5,0.0,28.858,0.47000000000000003
CA-2015-156013,2015-09-20,2015-09-26,TC-20980,OFF-BI-10002437,East,24.448,2,0.2,8.8624,0.36249999999999993
CA-2016-132997,2016-11-07,2016-11-09,LW-17215,TEC-PH-10000586,East,263.96,4,0.0,71.2692,0.27
CA-2016-132997,2016-11-07,2016-11-09,LW-17215,TEC-PH-10003811,East,359.97,3,0.0,100.7916,0.27999999999999997
CA-2016-132997,2016-11-07,2016-11-09,LW-17215,OFF-PA-10004983,East,12.96,2,0.0,6.2208,0.4799999999999999
CA-2016-132997,2016-11-07,2016-11-09,LW-17215,OFF-ST-10003479,East,116.82,3,0.0,5.841,0.05
CA-2016-132997,2016-11-07,2016-11-09,LW-17215,OFF-BI-10004318,East,276.784,2,0.2,89.9548,0.325
US-2015-160563,2015-10-20,2015-10-24,NS-18640,TEC-AC-10002567,West,239.97,3,0.0,86.3892,0.36
US-2015-160563,2015-10-20,2015-10-24,NS-18640,FUR-FU-10001731,West,16.02,6,0.0,6.0876,0.38
CA-2017-151750,2017-01-01,2017-01-05,JM-15250,OFF-ST-10002743,Central,454.56,5,0.2,-107.958,-0.2375
CA-2017-151750,2017-01-01,2017-01-05,JM-15250,FUR-FU-10002116,Central,141.42,5,0.6,-187.3815,-1.325
CA-2017-151750,2017-01-01,2017-01-05,JM-15250,FUR-CH-10003199,Central,310.744,4,0.3,-26.6352,-0.08571428571428572
CA-2017-151750,2017-01-01,2017-01-05,JM-15250,OFF-AR-10003158,Central,12.736,4,0.2,2.2288,0.175
CA-2017-151750,2017-01-01,2017-01-05,JM-15250,OFF-BI-10000301,Central,6.47,5,0.8,-9.705,-1.5
CA-2017-151750,2017-01-01,2017-01-05,JM-15250,OFF-BI-10000343,Central,13.748,14,0.8,-22.6842,-1.6500000000000001
CA-2017-151750,2017-01-01,2017-01-05,JM-15250,OFF-AP-10004708,Central,15.224,2,0.8,-38.8212,-2.55
CA-2015-106187,2015-06-23,2015-06-29,RF-19345,FUR-FU-10000794,South,27.42,3,0.0,9.3228,0.34
CA-2015-106187,2015-06-23,2015-06-29,RF-19345,OFF-BI-10004519,South,165.98,1,0.0,74.691,0.45000000000000007
CA-2015-106187,2015-06-23,2015-06-29,RF-19345,TEC-AC-10001590,South,75.0,3,0.0,18.0,0.24
US-2016-164945,2016-11-22,2016-11-27,CA-12055,OFF-BI-10001524,East,134.272,8,0.2,46.9952,0.35
CA-2015-150714,2015-10-26,2015-11-01,KH-16690,OFF-LA-10001474,West,146.544,6,0.2,47.6268,0.325
CA-2015-150714,2015-10-26,2015-11-01,KH-16690,OFF-PA-10001497,West,131.904,3,0.2,47.8152,0.3625
CA-2015-150714,2015-10-26,2015-11-01,KH-16690,OFF-AP-10003287,West,203.88,5,0.2,20.388,0.1
CA-2015-150714,2015-10-26,2015-11-01,KH-16690,OFF-BI-10002982,West,14.301,7,0.7,-10.4874,-0.7333333333333333
CA-2015-150714,2015-10-26,2015-11-01,KH-16690,OFF-ST-10001809,West,718.64,10,0.2,-161.694,-0.22499999999999998
CA-2016-105753,2016-10-20,2016-10-26,LC-16960,FUR-FU-10000246,South,61.1,5,0.0,18.33,0.3
CA-2017-120894,2017-04-28,2017-05-02,JL-15130,OFF-AP-10000252,South,28.08,3,0.2,5.265,0.1875
CA-2016-106621,2016-09-29,2016-10-01,DM-12955,OFF-AR-10002375,West,10.496,4,0.2,1.1808,0.1125
CA-2015-107020,2015-07-10,2015-07-14,MV-18190,OFF-BI-10003719,West,39.92,2,0.2,12.974,0.325
US-2015-117492,2015-08-07,2015-08-09,NS-18640,OFF-AP-10001492,East,77.58,9,0.0,20.1708,0.26
CA-2014-101392,2014-12-07,2014-12-13,AS-10630,OFF-ST-10000532,West,269.36,7,0.0,70.0336,0.26
CA-2015-127502,2015-12-10,2015-12-14,MT-17815,OFF-LA-10001613,West,5.76,2,0.0,2.8224,0.49000000000000005
CA-2017-143658,2017-11-08,2017-11-13,SR-20425,OFF-AR-10002818,East,109.9,5,0.0,32.97,0.3
CA-2017-133046,2017-07-27,2017-08-01,DK-13375,FUR-FU-10001940,West,23.88,3,0.0,10.5072,0.44
CA-2017-133046,2017-07-27,2017-08-01,DK-13375,OFF-PA-10003883,West,26.2,4,0.0,12.052,0.46
CA-2017-133046,2017-07-27,2017-08-01,DK-13375,OFF-PA-10002787,West,12.96,2,0.0,6.2208,0.4799999999999999
CA-2017-133046,2017-07-27,2017-08-01,DK-13375,TEC-AC-10000991,West,234.95,5,0.0,32.893,0.14
CA-2017-122798,2017-12-28,2018-01-01,SV-20935,OFF-ST-10003058,West,118.25,5,0.0,34.2925,0.29
CA-2017-122798,2017-12-28,2018-01-01,SV-20935,OFF-PA-10004239,West,4.28,1,0.0,1.926,0.44999999999999996
CA-2016-169663,2016-03-10,2016-03-13,RH-19510,TEC-AC-10003038,West,26.85,3,0.0,5.1015,0.18999999999999997
CA-2016-169663,2016-03-10,2016-03-13,RH-19510,TEC-MA-10000984,West,3357.6,3,0.2,377.73,0.1125
CA-2015-149846,2015-05-22,2015-05-26,SB-20185,OFF-LA-10004484,West,8.26,2,0.0,3.7996,0.46
CA-2015-149846,2015-05-22,2015-05-26,SB-20185,TEC-MA-10004002,West,2973.32,7,0.2,334.4985,0.11249999999999999
CA-2015-149846,2015-05-22,2015-05-26,SB-20185,OFF-ST-10002406,West,104.79,7,0.0,29.3412,0.27999999999999997
CA-2015-149846,2015-05-22,2015-05-26,SB-20185,TEC-PH-10003645,West,775.728,6,0.2,58.1796,0.07500000000000001
CA-2017-159149,2017-02-17,2017-02-19,CR-12820,FUR-BO-10001601,Central,89.0664,1,0.32,-17.0274,-0.19117647058823528
CA-2017-159149,2017-02-17,2017-02-19,CR-12820,OFF-AR-10000937,Central,175.44,6,0.2,52.632,0.3
CA-2017-159149,2017-02-17,2017-02-19,CR-12820,TEC-PH-10000038,Central,438.336,4,0.2,-87.6672,-0.19999999999999998
US-2017-167570,2017-12-08,2017-12-15,EG-13900,FUR-CH-10003396,East,215.544,4,0.3,-58.5048,-0.2714285714285714
CA-2017-160122,2017-11-18,2017-11-23,RD-19930,OFF-EN-10002592,Central,55.584,6,0.2,20.844,0.375
CA-2017-160122,2017-11-18,2017-11-23,RD-19930,FUR-CH-10000422,Central,127.386,2,0.3,-25.4772,-0.2
CA-2016-130393,2016-12-01,2016-12-03,JM-15865,FUR-CH-10002647,Central,248.43,5,0.3,-17.745,-0.07142857142857142
CA-2016-130393,2016-12-01,2016-12-03,JM-15865,OFF-AP-10004859,Central,11.648,4,0.8,-30.8672,-2.65
CA-2016-130393,2016-12-01,2016-12-03,JM-15865,FUR-CH-10004477,Central,85.246,2,0.3,-1.2178,-0.014285714285714287
CA-2017-144820,2017-10-03,2017-10-07,LW-16825,OFF-AR-10004817,Central,20.64,5,0.2,2.322,0.1125
CA-2017-101014,2017-08-29,2017-09-04,RW-19540,FUR-FU-10003374,West,148.02,3,0.0,41.4456,0.27999999999999997
CA-2017-105543,2017-11-24,2017-11-24,BG-11695,OFF-ST-10003123,Central,33.29,1,0.0,7.9896,0.24000000000000002
US-2017-113201,2017-06-30,2017-07-05,TT-21220,OFF-PA-10000675,West,204.95,5,0.0,100.4255,0.49000000000000005
US-2017-106551,2017-07-22,2017-07-27,EB-13930,FUR-CH-10004997,Central,526.344,4,0.3,-75.192,-0.14285714285714282
CA-2016-116722,2016-11-11,2016-11-16,LP-17080,FUR-FU-10001934,West,41.96,2,0.0,10.9096,0.25999999999999995
CA-2016-116722,2016-11-11,2016-11-16,LP-17080,FUR-CH-10004997,West,451.152,3,0.2,0.0,0.0
CA-2016-116722,2016-11-11,2016-11-16,LP-17080,OFF-BI-10001890,West,31.504,11,0.2,11.0264,0.35000000000000003
CA-2014-138128,2014-12-09,2014-12-15,FP-14320,OFF-EN-10002500,East,30.672,3,0.2,9.585,0.3125
CA-2014-138128,2014-12-09,2014-12-15,FP-14320,TEC-CO-10001766,East,1079.976,4,0.4,125.9972,0.11666666666666665
US-2017-150070,2017-09-07,2017-09-12,JA-15970,FUR-CH-10004860,West,161.568,2,0.2,-28.2744,-0.175
CA-2015-137064,2015-02-06,2015-02-13,TS-21655,OFF-BI-10002049,Central,2.934,3,0.8,-4.9878,-1.7
CA-2015-137064,2015-02-06,2015-02-13,TS-21655,TEC-AC-10003499,Central,18.528,2,0.2,4.4004,0.23750000000000004
CA-2015-137064,2015-02-06,2015-02-13,TS-21655,OFF-ST-10003470,Central,670.752,3,0.2,-125.766,-0.18750000000000003
CA-2017-157350,2017-08-26,2017-09-01,DP-13000,FUR-FU-10000222,Central,64.96,5,0.6,-43.848,-0.675
CA-2014-127866,2014-07-20,2014-07-23,JD-15895,TEC-AC-10000023,West,41.94,2,0.0,15.0984,0.36000000000000004
CA-2014-127866,2014-07-20,2014-07-23,JD-15895,OFF-PA-10003971,West,11.96,2,0.0,5.8604,0.49
CA-2014-127866,2014-07-20,2014-07-23,JD-15895,OFF-AR-10003481,West,13.12,4,0.0,3.8048,0.29000000000000004
CA-2014-127866,2014-07-20,2014-07-23,JD-15895,OFF-ST-10001490,West,535.41,3,0.0,160.623,0.3
CA-2015-131352,2015-10-08,2015-10-13,GH-14485,FUR-FU-10003708,Central,72.78,3,0.6,-70.9605,-0.975
CA-2015-121776,2015-02-16,2015-02-21,RD-19585,OFF-PA-10001970,West,36.84,3,0.0,17.3148,0.47000000000000003
CA-2015-121776,2015-02-16,2015-02-21,RD-19585,OFF-LA-10002762,West,87.71,7,0.0,41.2237,0.47000000000000003
CA-2016-118073,2016-08-12,2016-08-16,CS-12490,FUR-TA-10002533,South,562.2925,7,0.45,-255.5875,-0.45454545454545453
CA-2014-103219,2014-11-09,2014-11-13,BF-11215,FUR-FU-10004091,East,56.52,9,0.0,21.4776,0.37999999999999995
CA-2016-102561,2016-07-18,2016-07-22,NK-18490,OFF-AR-10001545,East,11.264,8,0.2,1.2672,0.11250000000000002
CA-2016-102561,2016-07-18,2016-07-22,NK-18490,OFF-ST-10001476,East,284.08,10,0.2,24.857,0.08750000000000001
CA-2016-102561,2016-07-18,2016-07-22,NK-18490,OFF-PA-10004971,East,18.496,4,0.2,6.7048,0.3625
CA-2016-100993,2016-02-05,2016-02-10,AZ-10750,OFF-LA-10003223,West,14.73,3,0.0,7.2177,0.49
CA-2016-100993,2016-02-05,2016-02-10,AZ-10750,OFF-ST-10004340,West,186.54,3,0.0,50.3658,0.27
CA-2016-100993,2016-02-05,2016-02-10,AZ-10750,FUR-TA-10001095,West,557.728,4,0.2,6.9716,0.0125
CA-2016-100993,2016-02-05,2016-02-10,AZ-10750,TEC-PH-10001448,West,159.968,4,0.2,-31.9936,-0.2
US-2014-112949,2014-06-20,2014-06-27,Co-12640,OFF-AP-10001005,Central,471.9,6,0.0,155.727,0.33
US-2014-112949,2014-06-20,2014-06-27,Co-12640,OFF-AR-10003469,Central,3.52,2,0.0,1.6896,0.48
US-2017-146822,2017-06-09,2017-06-14,AG-10675,OFF-PA-10000249,South,49.12,4,0.0,23.0864,0.47000000000000003
US-2016-131058,2016-12-27,2016-12-31,EM-14140,OFF-LA-10001613,West,20.16,7,0.0,9.8784,0.48999999999999994
CA-2014-167997,2014-01-26,2014-01-29,CA-11965,OFF-BI-10001758,Central,10.68,2,0.0,5.0196,0.47
CA-2014-167997,2014-01-26,2014-01-29,CA-11965,FUR-BO-10004409,Central,141.96,2,0.0,39.7488,0.28
CA-2017-140151,2017-03-23,2017-03-25,RB-19360,OFF-ST-10001558,West,32.48,2,0.0,4.872,0.15000000000000002
CA-2017-140151,2017-03-23,2017-03-25,RB-19360,OFF-PA-10002986,West,20.04,3,0.0,9.6192,0.48
CA-2017-140151,2017-03-23,2017-03-25,RB-19360,TEC-CO-10004722,West,13999.96,4,0.0,6719.9808,0.48000000000000004
US-2017-143770,2017-03-20,2017-03-24,RD-19720,TEC-AC-10002842,East,238.0,2,0.0,38.08,0.16
US-2017-143770,2017-03-20,2017-03-24,RD-19720,OFF-PA-10001125,East,61.96,2,0.0,27.882,0.45
CA-2016-131296,2016-10-04,2016-10-09,MS-17830,FUR-TA-10002622,East,239.372,2,0.3,-23.9372,-0.09999999999999999
CA-2016-103464,2016-11-18,2016-11-22,PG-18820,TEC-AC-10002842,West,595.0,5,0.0,95.2,0.16
CA-2017-136238,2017-12-26,2018-01-01,KB-16240,OFF-PA-10004285,Central,16.032,3,0.2,5.6112,0.35000000000000003
CA-2016-120803,2016-03-09,2016-03-13,RB-19465,TEC-AC-10004469,East,199.75,5,0.0,87.89,0.44
CA-2016-134138,2016-02-16,2016-02-20,JD-15790,FUR-CH-10001545,East,227.96,2,0.0,36.4736,0.15999999999999998
CA-2015-120915,2015-09-28,2015-10-03,JJ-15445,OFF-AP-10002578,East,293.52,6,0.0,76.3152,0.26
CA-2015-120915,2015-09-28,2015-10-03,JJ-15445,TEC-PH-10003012,East,307.98,2,0.0,89.3142,0.29
CA-2015-168207,2015-11-02,2015-11-06,LT-17110,FUR-FU-10004909,West,96.96,6,0.0,33.936,0.35000000000000003
CA-2015-168207,2015-11-02,2015-11-06,LT-17110,OFF-BI-10001524,West,117.488,7,0.2,41.1208,0.35000000000000003
CA-2015-168207,2015-11-02,2015-11-06,LT-17110,OFF-BI-10003355,West,11.952,3,0.2,4.1832,0.35000000000000003
CA-2015-168207,2015-11-02,2015-11-06,LT-17110,FUR-BO-10004357,West,512.499,3,0.15,-30.147,-0.0588235294117647
CA-2016-144148,2016-07-31,2016-08-05,AH-10690,FUR-TA-10002774,West,863.128,7,0.2,-32.3673,-0.0375
CA-2017-107174,2017-11-06,2017-11-13,AB-10060,FUR-TA-10004575,West,2036.86,7,0.0,366.6348,0.18
CA-2017-107174,2017-11-06,2017-11-13,AB-10060,FUR-CH-10003312,West,449.568,2,0.2,-73.0548,-0.1625
CA-2017-107174,2017-11-06,2017-11-13,AB-10060,TEC-AC-10001465,West,108.96,3,0.0,32.688,0.30000000000000004
CA-2016-146150,2016-02-14,2016-02-19,FM-14380,OFF-AR-10002240,South,264.18,7,0.0,68.6868,0.26
CA-2014-114125,2014-07-09,2014-07-13,GH-14410,OFF-LA-10004559,West,2.88,1,0.0,1.4112,0.49000000000000005
CA-2014-114125,2014-07-09,2014-07-13,GH-14410,OFF-BI-10003291,West,41.904,6,0.2,14.1426,0.33749999999999997
CA-2014-114125,2014-07-09,2014-07-13,GH-14410,OFF-ST-10001505,West,23.92,4,0.0,4.0664,0.16999999999999998
CA-2016-114944,2016-01-30,2016-02-04,HE-14800,OFF-PA-10003892,Central,156.512,4,0.2,52.8228,0.3375
CA-2016-135965,2016-09-22,2016-09-25,SZ-20035,OFF-ST-10002370,East,128.34,6,0.0,37.2186,0.29000000000000004
CA-2017-149699,2017-12-22,2017-12-24,CM-12115,TEC-AC-10000474,West,474.95,5,0.0,142.485,0.30000000000000004
CA-2016-166429,2016-09-02,2016-09-08,TG-21310,TEC-CO-10002095,West,999.98,2,0.0,449.991,0.44999999999999996
CA-2015-112767,2015-08-02,2015-08-06,DK-12985,FUR-TA-10003469,West,277.5,4,0.5,-188.7,-0.6799999999999999
CA-2015-119879,2015-11-21,2015-11-25,SS-20410,FUR-TA-10002958,East,1252.704,8,0.4,-480.2032,-0.38333333333333336
CA-2015-119879,2015-11-21,2015-11-25,SS-20410,TEC-PH-10002923,East,110.97,5,0.4,-24.0435,-0.21666666666666667
CA-2017-155642,2017-05-18,2017-05-22,BM-11575,FUR-FU-10004973,Central,22.608,3,0.6,-10.1736,-0.45
CA-2017-155642,2017-05-18,2017-05-22,BM-11575,FUR-FU-10001918,Central,1.892,1,0.6,-0.9933,-0.525
US-2017-101721,2017-07-23,2017-07-27,MY-17380,OFF-PA-10003641,Central,63.312,3,0.2,20.5764,0.325
CA-2015-136728,2015-09-13,2015-09-17,AG-10900,OFF-EN-10002621,Central,7.824,1,0.2,2.934,0.37500000000000006
CA-2015-136728,2015-09-13,2015-09-17,AG-10900,FUR-CH-10003817,Central,170.072,4,0.3,-12.148,-0.07142857142857142
CA-2016-127194,2016-12-10,2016-12-16,BW-11110,OFF-PA-10000659,East,62.82,9,0.0,29.5254,0.47000000000000003
CA-2015-140375,2015-10-02,2015-10-05,SG-20470,OFF-PA-10001870,East,19.44,3,0.0,9.3312,0.48000000000000004
CA-2015-140375,2015-10-02,2015-10-05,SG-20470,OFF-BI-10000320,East,7.38,1,0.0,3.6162,0.49
US-2017-155866,2017-11-17,2017-11-21,CC-12370,OFF-PA-10004735,East,38.88,6,0.0,18.6624,0.48000000000000004
US-2017-155866,2017-11-17,2017-11-21,CC-12370,FUR-FU-10004091,East,187.76,4,0.0,76.9816,0.41000000000000003
CA-2015-141327,2015-11-30,2015-12-03,LR-16915,OFF-BI-10000546,South,6.048,7,0.7,-4.2336,-0.7
CA-2015-141327,2015-11-30,2015-12-03,LR-16915,OFF-AP-10001293,South,98.352,3,0.2,9.8352,0.1
CA-2015-141327,2015-11-30,2015-12-03,LR-16915,FUR-FU-10000576,South,335.744,2,0.2,25.1808,0.075
CA-2015-136700,2015-12-06,2015-12-11,DB-13120,OFF-PA-10004519,West,8.96,2,0.0,4.3904,0.48999999999999994
CA-2017-102736,2017-09-05,2017-09-09,LP-17095,TEC-AC-10004568,South,89.568,4,0.2,-1.1196,-0.012499999999999999
CA-2017-102736,2017-09-05,2017-09-09,LP-17095,OFF-AR-10001897,South,71.96,5,0.2,7.196,0.1
CA-2017-102736,2017-09-05,2017-09-09,LP-17095,OFF-PA-10001800,South,15.552,3,0.2,5.4432,0.35000000000000003
CA-2017-125269,2017-04-24,2017-04-30,AF-10870,OFF-BI-10001628,Central,10.43,5,0.8,-18.2525,-1.7500000000000002
CA-2017-125269,2017-04-24,2017-04-30,AF-10870,OFF-ST-10004123,Central,72.784,1,0.2,-18.196,-0.25
CA-2015-114811,2015-11-08,2015-11-08,KD-16495,OFF-ST-10000885,East,67.15,5,0.0,16.7875,0.25
CA-2015-114811,2015-11-08,2015-11-08,KD-16495,TEC-PH-10004165,East,549.98,2,0.0,142.9948,0.26
CA-2015-114811,2015-11-08,2015-11-08,KD-16495,FUR-FU-10002240,East,11.82,3,0.0,4.728,0.39999999999999997
CA-2015-114811,2015-11-08,2015-11-08,KD-16495,TEC-MA-10000045,East,4643.8,4,0.0,2229.024,0.48
CA-2015-114811,2015-11-08,2015-11-08,KD-16495,FUR-CH-10003746,East,577.764,2,0.1,115.5528,0.2
CA-2015-122266,2015-04-26,2015-04-30,SA-20830,FUR-TA-10000577,South,191.5155,1,0.45,-76.6062,-0.4
CA-2015-122266,2015-04-26,2015-04-30,SA-20830,OFF-AR-10004757,South,2.624,1,0.2,0.4264,0.1625
CA-2015-141565,2015-09-20,2015-09-24,BG-11035,OFF-BI-10000545,South,1369.764,6,0.7,-913.176,-0.6666666666666667
CA-2015-141565,2015-09-20,2015-09-24,BG-11035,OFF-ST-10001522,South,294.368,4,0.2,-58.8736,-0.2
CA-2017-128769,2017-09-07,2017-09-12,DM-12955,OFF-AP-10001271,South,81.568,2,0.2,7.1372,0.08750000000000001
CA-2016-116337,2016-11-07,2016-11-12,MC-17845,FUR-FU-10002030,Central,44.46,5,0.6,-17.784,-0.39999999999999997
CA-2016-116337,2016-11-07,2016-11-12,MC-17845,OFF-ST-10001272,Central,314.088,3,0.2,19.6305,0.0625
CA-2015-120845,2015-09-25,2015-10-02,ML-17395,OFF-BI-10001116,South,6.336,4,0.7,-4.6464,-0.7333333333333333
CA-2015-120845,2015-09-25,2015-10-02,ML-17395,OFF-PA-10004665,South,10.48,1,0.2,3.799,0.3625
CA-2015-120845,2015-09-25,2015-10-02,ML-17395,OFF-BI-10004506,South,2.469,1,0.7,-1.8106,-0.7333333333333334
CA-2015-120845,2015-09-25,2015-10-02,ML-17395,OFF-BI-10001982,South,3.264,2,0.7,-2.2848,-0.7000000000000001
CA-2014-120775,2014-10-03,2014-10-07,RD-19930,OFF-FA-10002676,Central,4.344,3,0.2,0.8688,0.19999999999999998
CA-2014-120775,2014-10-03,2014-10-07,RD-19930,FUR-FU-10000758,Central,31.776,3,0.6,-19.0656,-0.6
CA-2014-120775,2014-10-03,2014-10-07,RD-19930,OFF-LA-10002271,Central,4.928,2,0.2,1.7248,0.35000000000000003
CA-2014-120775,2014-10-03,2014-10-07,RD-19930,OFF-BI-10002609,Central,1.788,3,0.8,-3.0396,-1.7
CA-2014-120775,2014-10-03,2014-10-07,RD-19930,OFF-FA-10000254,Central,15.072,4,0.2,-3.768,-0.25
CA-2014-152905,2014-02-18,2014-02-24,AB-10015,OFF-ST-10000321,Central,12.624,2,0.2,-2.5248,-0.19999999999999998
CA-2016-104633,2016-06-12,2016-06-16,EA-14035,OFF-PA-10000241,West,185.88,6,0.0,83.646,0.45
CA-2016-104633,2016-06-12,2016-06-16,EA-14035,OFF-PA-10004782,West,12.96,2,0.0,6.2208,0.4799999999999999
CA-2017-104136,2017-11-01,2017-11-04,SF-20065,OFF-PA-10004243,East,189.7,10,0.0,91.056,0.48000000000000004
CA-2017-104136,2017-11-01,2017-11-04,SF-20065,OFF-PA-10001033,East,40.99,1,0.0,20.0851,0.49
CA-2016-123050,2016-04-04,2016-04-08,BC-11125,FUR-FU-10000723,East,82.64,2,0.0,7.4376,0.09
CA-2016-123050,2016-04-04,2016-04-08,BC-11125,OFF-ST-10003455,East,31.02,2,0.0,8.0652,0.26
CA-2016-123050,2016-04-04,2016-04-08,BC-11125,TEC-AC-10001109,East,89.97,3,0.0,37.7874,0.42
CA-2016-162355,2016-06-30,2016-07-02,PF-19165,OFF-AR-10004344,South,35.97,3,0.0,9.7119,0.27
CA-2016-162355,2016-06-30,2016-07-02,PF-19165,FUR-BO-10004695,South,1266.86,7,0.0,291.3778,0.23
CA-2014-158225,2014-09-22,2014-09-28,SE-20110,OFF-ST-10000675,West,169.45,5,0.0,42.3625,0.25
CA-2014-158225,2014-09-22,2014-09-28,SE-20110,OFF-ST-10002301,West,40.68,2,0.0,0.4068,0.01
CA-2017-102204,2017-05-01,2017-05-06,CJ-12010,OFF-SU-10001212,South,3.328,2,0.2,0.416,0.125
CA-2017-102204,2017-05-01,2017-05-06,CJ-12010,FUR-TA-10001889,South,933.262,4,0.45,-458.1468,-0.4909090909090909
CA-2017-102204,2017-05-01,2017-05-06,CJ-12010,FUR-CH-10002024,South,2803.92,5,0.2,0.0,0.0
CA-2017-103065,2017-10-20,2017-10-20,PT-19090,OFF-ST-10000617,South,4.768,2,0.2,-0.7748,-0.1625
CA-2017-103065,2017-10-20,2017-10-20,PT-19090,OFF-PA-10000380,South,6.672,1,0.2,2.502,0.375
CA-2017-103065,2017-10-20,2017-10-20,PT-19090,OFF-AR-10003251,South,4.448,2,0.2,1.112,0.25
CA-2017-103065,2017-10-20,2017-10-20,PT-19090,FUR-FU-10000175,South,43.936,4,0.2,6.0412,0.1375
CA-2014-109855,2014-09-01,2014-09-05,LH-16900,OFF-BI-10004716,East,23.744,2,0.2,8.3104,0.35
CA-2014-109855,2014-09-01,2014-09-05,LH-16900,TEC-AC-10002842,East,357.0,3,0.0,57.12,0.16
CA-2014-109897,2014-08-12,2014-08-16,BW-11200,TEC-PH-10003691,West,806.336,8,0.2,50.396,0.0625
CA-2014-109897,2014-08-12,2014-08-16,BW-11200,FUR-FU-10002878,West,85.44,3,0.0,31.6128,0.37
US-2014-143581,2014-08-19,2014-08-23,BS-11365,OFF-ST-10000991,South,344.91,3,0.0,10.3473,0.03
CA-2015-129217,2015-05-10,2015-05-10,DP-13390,OFF-AP-10002439,Central,70.97,5,0.8,-191.619,-2.7
CA-2015-129217,2015-05-10,2015-05-10,DP-13390,OFF-AR-10004602,Central,36.784,2,0.2,3.6784,0.1
CA-2016-133816,2016-05-10,2016-05-13,CS-12400,TEC-PH-10001795,East,743.988,2,0.4,-123.998,-0.16666666666666666
CA-2015-140221,2015-03-05,2015-03-09,MS-17365,OFF-BI-10002854,Central,11.212,2,0.8,-16.818,-1.5000000000000002
CA-2015-140221,2015-03-05,2015-03-09,MS-17365,FUR-FU-10000023,Central,4.712,2,0.6,-1.8848,-0.4
CA-2015-140221,2015-03-05,2015-03-09,MS-17365,OFF-AP-10000828,Central,180.98,5,0.8,-470.548,-2.6
CA-2015-140221,2015-03-05,2015-03-09,MS-17365,OFF-ST-10000777,Central,60.416,2,0.2,6.0416,0.1
CA-2017-152310,2017-08-12,2017-08-19,DK-12895,TEC-CO-10000971,West,299.99,1,0.0,89.997,0.3
CA-2017-152310,2017-08-12,2017-08-19,DK-12895,OFF-PA-10003134,West,192.16,4,0.0,92.2368,0.48000000000000004
CA-2017-152310,2017-08-12,2017-08-19,DK-12895,TEC-PH-10002538,West,242.624,8,0.2,27.2952,0.1125
CA-2017-152310,2017-08-12,2017-08-19,DK-12895,OFF-ST-10001228,West,46.74,3,0.0,11.685,0.25
CA-2017-152310,2017-08-12,2017-08-19,DK-12895,TEC-AC-10000397,West,174.95,5,0.0,12.2465,0.07
CA-2017-152310,2017-08-12,2017-08-19,DK-12895,OFF-BI-10004308,West,100.704,6,0.2,37.764,0.37500000000000006
CA-2016-118101,2016-06-26,2016-06-26,SN-20560,OFF-PA-10000357,Central,368.91,9,0.0,180.7659,0.48999999999999994
CA-2016-118101,2016-06-26,2016-06-26,SN-20560,OFF-BI-10000773,Central,8.02,1,0.0,3.7694,0.47000000000000003
CA-2016-118101,2016-06-26,2016-06-26,SN-20560,OFF-ST-10001837,Central,171.04,4,0.0,44.4704,0.26
CA-2016-100307,2016-12-15,2016-12-19,TC-21475,OFF-PA-10002552,South,19.44,3,0.0,9.3312,0.48000000000000004
CA-2015-138457,2015-09-13,2015-09-17,AM-10705,OFF-BI-10000014,South,13.092,4,0.7,-10.0372,-0.7666666666666666
CA-2014-131800,2014-12-30,2015-01-04,AJ-10960,OFF-AP-10004136,East,122.94,3,0.0,30.735,0.25
CA-2014-131800,2014-12-30,2015-01-04,AJ-10960,OFF-BI-10003429,East,35.448,7,0.2,12.8499,0.3625
CA-2014-118304,2014-04-29,2014-05-04,KH-16360,TEC-PH-10000376,East,19.98,2,0.0,5.1948,0.26
CA-2017-121790,2017-01-30,2017-02-06,LP-17095,FUR-TA-10003469,Central,69.375,1,0.5,-47.175,-0.6799999999999999
CA-2017-121790,2017-01-30,2017-02-06,LP-17095,OFF-SU-10004231,Central,31.68,4,0.2,2.772,0.0875
CA-2017-121790,2017-01-30,2017-02-06,LP-17095,TEC-PH-10002584,Central,2003.168,4,0.2,250.396,0.125
CA-2017-121790,2017-01-30,2017-02-06,LP-17095,OFF-AR-10003602,Central,9.344,2,0.2,3.1536,0.3375
CA-2016-169670,2016-12-25,2016-12-31,JE-15715,FUR-CH-10002331,East,2563.056,8,0.1,313.2624,0.12222222222222223
CA-2016-139549,2016-10-20,2016-10-25,MY-18295,FUR-CH-10001802,West,387.136,4,0.2,4.8392,0.012499999999999999
CA-2015-104059,2015-06-13,2015-06-15,FC-14245,OFF-AR-10000634,East,3.424,1,0.2,0.2996,0.0875
CA-2017-164112,2017-06-30,2017-07-04,ND-18460,OFF-ST-10002615,East,1085.42,7,0.0,282.2092,0.26
CA-2015-143882,2015-06-26,2015-06-30,DB-13360,OFF-PA-10004040,East,43.056,9,0.2,15.6078,0.3625
US-2016-139262,2016-02-21,2016-02-25,LC-16960,OFF-BI-10003727,South,3.762,3,0.7,-2.7588,-0.7333333333333333
US-2016-139262,2016-02-21,2016-02-25,LC-16960,OFF-BI-10002026,South,34.86,2,0.7,-26.726,-0.7666666666666666
US-2016-139262,2016-02-21,2016-02-25,LC-16960,OFF-ST-10001496,South,432.456,3,0.2,32.4342,0.07499999999999998
CA-2017-146192,2017-04-22,2017-04-26,BD-11725,OFF-ST-10003716,South,675.06,3,0.0,87.7578,0.13
CA-2017-134810,2017-05-09,2017-05-10,MC-17605,OFF-EN-10002504,South,65.232,3,0.2,22.0158,0.33749999999999997
CA-2017-134810,2017-05-09,2017-05-10,MC-17605,FUR-CH-10001270,South,207.0,3,0.2,25.875,0.125
CA-2015-154284,2015-12-21,2015-12-26,SZ-20035,TEC-MA-10004241,Central,600.53,2,0.3,137.264,0.2285714285714286
CA-2015-154284,2015-12-21,2015-12-26,SZ-20035,OFF-AR-10001468,Central,59.904,2,0.2,14.2272,0.2375
CA-2015-154284,2015-12-21,2015-12-26,SZ-20035,TEC-AC-10003198,Central,637.44,8,0.2,135.456,0.21249999999999997
CA-2015-154284,2015-12-21,2015-12-26,SZ-20035,FUR-FU-10003039,Central,51.756,3,0.6,-33.6414,-0.6499999999999999
CA-2014-156244,2014-08-12,2014-08-16,DH-13675,OFF-PA-10000295,South,31.104,6,0.2,10.8864,0.35000000000000003
CA-2014-156244,2014-08-12,2014-08-16,DH-13675,OFF-AR-10004344,South,47.96,5,0.2,4.1965,0.08750000000000001
CA-2014-156244,2014-08-12,2014-08-16,DH-13675,TEC-AC-10002473,South,158.928,7,0.2,41.7186,0.2625
CA-2014-156244,2014-08-12,2014-08-16,DH-13675,OFF-AP-10002403,South,211.248,6,0.2,15.8436,0.07500000000000001
CA-2014-156244,2014-08-12,2014-08-16,DH-13675,OFF-SU-10000432,South,5.552,2,0.2,-1.041,-0.1875
CA-2014-156244,2014-08-12,2014-08-16,DH-13675,OFF-LA-10000443,South,2.952,1,0.2,0.9963,0.33749999999999997
CA-2015-106362,2015-12-11,2015-12-15,LC-16885,OFF-BI-10003166,East,10.332,3,0.7,-7.5768,-0.7333333333333333
US-2017-168802,2017-11-03,2017-11-07,JO-15145,OFF-BI-10002393,West,18.368,4,0.2,5.9696,0.325
US-2017-146906,2017-03-13,2017-03-17,MT-17815,TEC-PH-10001809,East,299.9,2,0.0,74.975,0.25
CA-2016-166380,2016-05-30,2016-06-03,EB-13750,OFF-EN-10002600,South,26.55,9,0.0,12.744,0.48
CA-2016-166380,2016-05-30,2016-06-03,EB-13750,TEC-AC-10000109,South,111.98,2,0.0,26.8752,0.24
US-2015-158911,2015-07-05,2015-07-11,RS-19765,FUR-FU-10003829,South,4.928,2,0.2,0.7392,0.15
US-2015-158911,2015-07-05,2015-07-11,RS-19765,OFF-LA-10003223,South,11.784,3,0.2,4.2717,0.3625
US-2014-103338,2014-03-11,2014-03-15,RB-19435,OFF-AR-10001770,West,7.98,3,0.0,2.0748,0.26
CA-2015-109169,2015-04-20,2015-04-24,OT-18730,OFF-EN-10003296,Central,180.96,2,0.0,81.432,0.45
US-2017-167318,2017-07-26,2017-08-01,GZ-14545,TEC-AC-10003870,West,1649.95,5,0.0,659.98,0.4
US-2017-167318,2017-07-26,2017-08-01,GZ-14545,FUR-CH-10000665,West,362.352,3,0.2,45.294,0.125
US-2014-120313,2014-10-31,2014-11-02,NL-18310,TEC-PH-10003092,West,73.584,2,0.2,8.2782,0.11249999999999999
CA-2017-135419,2017-11-03,2017-11-09,BG-11740,FUR-TA-10001086,West,486.368,4,0.2,36.4776,0.07500000000000001
CA-2016-128671,2016-08-11,2016-08-16,MT-18070,OFF-PA-10001870,Central,32.4,5,0.0,15.552,0.48
CA-2016-128671,2016-08-11,2016-08-16,MT-18070,OFF-BI-10003305,Central,41.86,7,0.0,19.2556,0.46
CA-2016-128671,2016-08-11,2016-08-16,MT-18070,OFF-BI-10003007,Central,77.56,2,0.0,35.6776,0.45999999999999996
CA-2016-149335,2016-07-25,2016-07-25,BC-11125,OFF-AR-10001419,West,37.17,9,0.0,11.151,0.3
CA-2014-168312,2014-03-01,2014-03-07,GW-14605,OFF-ST-10003692,Central,137.352,3,0.2,8.5845,0.0625
CA-2014-168312,2014-03-01,2014-03-07,GW-14605,FUR-TA-10001866,Central,376.509,3,0.3,-43.0296,-0.11428571428571428
US-2017-105935,2017-01-26,2017-01-31,BD-11500,FUR-FU-10002157,South,62.72,4,0.0,24.4608,0.39
US-2017-105935,2017-01-26,2017-01-31,BD-11500,TEC-PH-10001459,South,2939.93,7,0.0,764.3818,0.26
CA-2014-161508,2014-07-12,2014-07-16,PV-18985,FUR-CH-10002126,Central,512.358,3,0.3,-14.6388,-0.028571428571428574
CA-2014-161508,2014-07-12,2014-07-16,PV-18985,OFF-FA-10001561,Central,3.488,2,0.2,0.5668,0.1625
CA-2014-161508,2014-07-12,2014-07-16,PV-18985,OFF-AR-10003158,Central,22.288,7,0.2,3.9004,0.175
CA-2014-161508,2014-07-12,2014-07-16,PV-18985,OFF-PA-10001804,Central,16.032,3,0.2,5.6112,0.35000000000000003
CA-2017-130904,2017-04-11,2017-04-16,HM-14980,OFF-AR-10000422,South,1.752,1,0.2,0.1533,0.0875
CA-2017-130904,2017-04-11,2017-04-16,HM-14980,OFF-AR-10000127,South,20.992,8,0.2,2.3616,0.1125
CA-2017-133620,2017-11-13,2017-11-18,EM-14065,OFF-ST-10004634,East,11.21,1,0.0,3.363,0.3
CA-2015-142937,2015-12-05,2015-12-06,SF-20065,OFF-AR-10003582,Central,45.04,2,0.2,4.504,0.09999999999999999
US-2016-149790,2016-09-26,2016-10-01,SC-20380,OFF-BI-10002026,Central,15.624,2,0.8,-24.9984,-1.5999999999999999
CA-2016-130778,2016-11-19,2016-11-25,ND-18370,OFF-AP-10000595,East,8.74,2,0.0,2.2724,0.26
CA-2016-130778,2016-11-19,2016-11-25,ND-18370,OFF-PA-10001509,East,44.75,5,0.0,20.585,0.46
CA-2017-144456,2017-09-08,2017-09-09,FC-14245,OFF-ST-10001321,South,61.68,5,0.2,5.397,0.08750000000000001
CA-2017-144456,2017-09-08,2017-09-09,FC-14245,TEC-PH-10001750,South,158.376,3,0.2,13.8579,0.08750000000000001
CA-2017-103478,2017-07-21,2017-07-24,KL-16555,OFF-BI-10001890,Central,2.864,4,0.8,-4.5824,-1.6
CA-2017-103478,2017-07-21,2017-07-24,KL-16555,OFF-BI-10004224,Central,94.192,7,0.8,-164.836,-1.7500000000000002
CA-2017-118577,2017-10-06,2017-10-11,XP-21865,OFF-PA-10001357,East,143.7,3,0.0,68.976,0.48000000000000004
CA-2017-118577,2017-10-06,2017-10-11,XP-21865,OFF-PA-10004888,East,6.48,1,0.0,3.1104,0.4799999999999999
CA-2017-113572,2017-11-07,2017-11-11,FP-14320,TEC-AC-10002370,East,7.88,4,0.0,2.5216,0.32
CA-2016-153269,2016-03-09,2016-03-12,PS-18760,OFF-ST-10004634,East,11.21,1,0.0,3.363,0.3
CA-2016-153269,2016-03-09,2016-03-12,PS-18760,FUR-CH-10002647,East,354.9,5,0.0,88.725,0.25
CA-2016-153269,2016-03-09,2016-03-12,PS-18760,OFF-PA-10001801,East,17.94,3,0.0,8.7906,0.48999999999999994
CA-2016-153269,2016-03-09,2016-03-12,PS-18760,OFF-BI-10004632,East,51.8,4,0.0,23.31,0.45
CA-2017-161655,2017-05-13,2017-05-18,CW-11905,OFF-BI-10002082,East,299.52,9,0.0,149.76,0.5
CA-2016-101469,2016-07-02,2016-07-08,KH-16360,OFF-AR-10003986,South,7.7,2,0.0,3.157,0.41
CA-2014-153087,2014-12-27,2015-01-03,TC-20980,OFF-PA-10001243,South,23.92,4,0.0,11.7208,0.49
CA-2014-153087,2014-12-27,2015-01-03,TC-20980,TEC-AC-10003198,South,498.0,5,0.0,184.26,0.37
CA-2017-135076,2017-04-13,2017-04-17,YS-21880,FUR-CH-10003774,West,436.704,6,0.2,-38.2116,-0.0875
CA-2014-161634,2014-11-14,2014-11-20,CC-12220,OFF-PA-10002262,South,32.4,5,0.0,15.552,0.48
CA-2017-141481,2017-06-11,2017-06-14,ZD-21925,OFF-AP-10004532,West,61.44,3,0.0,16.5888,0.27
CA-2016-132549,2016-11-25,2016-11-30,JK-15370,OFF-ST-10001325,South,73.36,7,0.0,19.8072,0.27
US-2014-155544,2014-03-21,2014-03-25,GM-14440,OFF-LA-10004544,South,59.2,5,0.2,22.2,0.37499999999999994
US-2014-155544,2014-03-21,2014-03-25,GM-14440,FUR-FU-10001473,South,32.952,3,0.2,6.5904,0.2
US-2014-155544,2014-03-21,2014-03-25,GM-14440,FUR-CH-10000422,South,218.376,3,0.2,-10.9188,-0.049999999999999996
US-2015-115238,2015-04-30,2015-05-04,JW-15220,FUR-FU-10002960,East,31.4,5,0.0,13.188,0.42000000000000004
US-2015-115238,2015-04-30,2015-05-04,JW-15220,FUR-FU-10002445,East,9.48,1,0.0,3.792,0.39999999999999997
US-2015-115238,2015-04-30,2015-05-04,JW-15220,TEC-PH-10001300,East,209.5,10,0.0,58.66,0.27999999999999997
US-2015-115238,2015-04-30,2015-05-04,JW-15220,FUR-FU-10001025,East,24.3,5,0.0,10.449,0.43
US-2015-115238,2015-04-30,2015-05-04,JW-15220,OFF-PA-10002689,East,6.48,1,0.0,3.1104,0.4799999999999999
CA-2017-132199,2017-05-03,2017-05-08,BO-11350,FUR-FU-10004245,East,32.448,2,0.2,7.3008,0.22499999999999998
CA-2017-132199,2017-05-03,2017-05-08,BO-11350,OFF-BI-10003684,East,26.388,4,0.7,-17.592,-0.6666666666666666
CA-2017-132199,2017-05-03,2017-05-08,BO-11350,FUR-TA-10003748,East,373.47,5,0.4,-112.041,-0.3
CA-2017-132199,2017-05-03,2017-05-08,BO-11350,OFF-BI-10002133,East,64.2,5,0.7,-44.94,-0.7
CA-2017-132199,2017-05-03,2017-05-08,BO-11350,OFF-FA-10002280,East,8.0,2,0.2,2.8,0.35
CA-2016-163174,2016-08-26,2016-08-30,XP-21865,FUR-FU-10000308,South,186.54,3,0.0,41.0388,0.22000000000000003
CA-2014-110555,2014-04-11,2014-04-18,MM-18055,OFF-ST-10000876,West,87.08,7,0.0,24.3824,0.28
CA-2014-110555,2014-04-11,2014-04-18,MM-18055,TEC-PH-10000586,West,105.584,2,0.2,9.2386,0.0875
CA-2014-110555,2014-04-11,2014-04-18,MM-18055,TEC-AC-10003399,West,217.44,6,0.0,91.3248,0.42
CA-2017-147207,2017-01-02,2017-01-04,TS-21655,OFF-AR-10001955,Central,31.744,2,0.2,3.968,0.125
CA-2017-147207,2017-01-02,2017-01-04,TS-21655,OFF-AP-10000027,Central,5.432,2,0.8,-13.58,-2.5
CA-2017-147207,2017-01-02,2017-01-04,TS-21655,FUR-TA-10002958,Central,913.43,5,0.3,-169.637,-0.18571428571428572
CA-2017-147207,2017-01-02,2017-01-04,TS-21655,OFF-ST-10002615,Central,372.144,3,0.2,27.9108,0.075
CA-2017-137631,2017-04-28,2017-05-02,JL-15235,TEC-PH-10002624,South,751.984,2,0.2,84.5982,0.1125
CA-2017-157273,2017-01-30,2017-02-02,SZ-20035,TEC-PH-10002275,West,604.768,4,0.2,60.4768,0.09999999999999999
CA-2014-109918,2014-09-07,2014-09-12,LR-17035,OFF-SU-10004290,West,27.36,4,0.0,7.3872,0.27
CA-2014-109918,2014-09-07,2014-09-12,LR-17035,OFF-PA-10000174,West,20.56,2,0.0,9.6632,0.47000000000000003
CA-2014-109918,2014-09-07,2014-09-12,LR-17035,OFF-BI-10004308,West,83.92,5,0.2,31.47,0.375
CA-2016-118745,2016-06-11,2016-06-16,SV-20365,FUR-TA-10003473,West,902.712,3,0.2,33.8517,0.0375
CA-2016-163972,2016-10-17,2016-10-21,MG-17890,FUR-BO-10003894,West,120.666,2,0.15,21.294,0.17647058823529413
CA-2014-165393,2014-12-27,2014-12-30,NC-18415,OFF-BI-10001658,Central,4.984,1,0.8,-8.4728,-1.7
CA-2016-113726,2016-11-24,2016-12-01,SC-20680,FUR-FU-10003535,West,82.26,3,0.0,33.7266,0.4099999999999999
CA-2016-152940,2016-11-10,2016-11-13,RO-19780,OFF-ST-10000352,West,29.74,1,0.0,4.461,0.15000000000000002
CA-2015-158701,2015-01-05,2015-01-10,JL-15175,OFF-AP-10004859,West,87.36,6,0.0,23.5872,0.27
CA-2015-158701,2015-01-05,2015-01-10,JL-15175,OFF-BI-10001294,West,56.16,6,0.2,17.55,0.31250000000000006
CA-2017-156272,2017-03-21,2017-03-27,PW-19030,OFF-AP-10001242,South,64.384,1,0.2,8.048,0.125
CA-2015-162964,2015-11-12,2015-11-18,MF-18250,OFF-ST-10002344,Central,64.784,1,0.2,-14.5764,-0.22499999999999998
CA-2015-162964,2015-11-12,2015-11-18,MF-18250,OFF-PA-10003349,Central,15.552,3,0.2,5.6376,0.3625
CA-2015-162964,2015-11-12,2015-11-18,MF-18250,OFF-EN-10003055,Central,223.888,7,0.2,69.965,0.3125
CA-2014-103527,2014-09-09,2014-09-14,CC-12220,OFF-PA-10001622,Central,10.896,3,0.2,3.405,0.31249999999999994
CA-2016-134544,2016-03-17,2016-03-19,AC-10660,TEC-PH-10003800,West,84.784,2,0.2,-20.1362,-0.23749999999999996
CA-2016-163048,2016-02-08,2016-02-15,MH-17440,FUR-CH-10001270,Central,241.5,4,0.3,0.0,0.0
CA-2016-145135,2016-11-26,2016-11-28,CD-12790,TEC-AC-10003447,East,59.97,3,0.0,14.9925,0.25
CA-2016-145135,2016-11-26,2016-11-28,CD-12790,OFF-PA-10004285,East,13.36,2,0.0,6.4128,0.48
CA-2017-137582,2017-09-04,2017-09-08,CV-12805,OFF-BI-10001757,West,11.808,3,0.2,4.1328,0.35
CA-2015-149601,2015-05-28,2015-06-03,TB-21625,OFF-ST-10001558,East,16.24,1,0.0,2.436,0.15000000000000002
CA-2015-149601,2015-05-28,2015-06-03,TB-21625,OFF-ST-10001328,East,77.55,5,0.0,21.714,0.27999999999999997
CA-2014-139423,2014-11-01,2014-11-05,DG-13300,OFF-AP-10004708,East,76.12,2,0.0,22.0748,0.29
CA-2016-102596,2016-12-27,2016-12-30,RD-19810,OFF-FA-10000621,East,17.184,6,0.2,6.2292,0.36249999999999993
CA-2017-153227,2017-12-04,2017-12-06,CS-12250,OFF-PA-10001838,West,11.76,2,0.0,5.7624,0.49000000000000005
CA-2017-110625,2017-12-23,2017-12-30,JB-16045,FUR-FU-10001473,East,27.46,2,0.0,9.8856,0.36
CA-2016-142594,2016-12-01,2016-12-06,EJ-14155,TEC-PH-10000193,East,137.94,3,0.0,35.8644,0.26
CA-2016-142594,2016-12-01,2016-12-06,EJ-14155,FUR-FU-10002045,East,111.15,5,0.0,48.906,0.43999999999999995
CA-2016-142594,2016-12-01,2016-12-06,EJ-14155,OFF-AP-10002945,East,901.95,3,0.0,297.6435,0.33
CA-2016-142594,2016-12-01,2016-12-06,EJ-14155,FUR-TA-10001095,East,366.009,3,0.3,-47.0583,-0.1285714285714286
CA-2014-152254,2014-06-30,2014-06-30,BD-11620,OFF-PA-10001144,South,310.688,7,0.2,108.7408,0.35
US-2014-120236,2014-09-03,2014-09-04,MR-17545,OFF-BI-10004099,Central,7.68,5,0.8,-11.52,-1.5
CA-2017-120061,2017-11-02,2017-11-07,SR-20425,FUR-CH-10001973,East,155.372,2,0.3,-35.5136,-0.22857142857142854
CA-2015-133837,2015-04-13,2015-04-18,TH-21100,OFF-ST-10000344,West,10.744,1,0.2,0.8058,0.075
CA-2015-110814,2015-12-05,2015-12-09,BD-11635,OFF-BI-10002026,East,232.4,5,0.2,78.435,0.3375
CA-2015-110814,2015-12-05,2015-12-09,BD-11635,FUR-CH-10003535,East,164.646,3,0.1,12.8058,0.07777777777777778
CA-2015-110814,2015-12-05,2015-12-09,BD-11635,OFF-PA-10004156,East,22.68,2,0.0,11.1132,0.49000000000000005
CA-2016-154067,2016-02-01,2016-02-07,SM-20950,OFF-PA-10002254,West,105.52,4,0.0,48.5392,0.46
CA-2017-140480,2017-07-08,2017-07-12,HE-14800,FUR-FU-10003247,East,83.92,4,0.0,5.8744,0.06999999999999999
CA-2017-140480,2017-07-08,2017-07-12,HE-14800,TEC-AC-10002473,East,141.9,5,0.0,58.179,0.41
CA-2017-140480,2017-07-08,2017-07-12,HE-14800,FUR-FU-10001057,East,39.98,2,0.0,9.1954,0.23
CA-2017-140480,2017-07-08,2017-07-12,HE-14800,OFF-AR-10001419,East,28.91,7,0.0,8.673,0.3
CA-2017-140480,2017-07-08,2017-07-12,HE-14800,OFF-AR-10004010,East,174.95,5,0.0,45.487,0.26
CA-2015-134082,2015-12-11,2015-12-17,JK-15640,OFF-BI-10004230,West,110.528,4,0.2,38.6848,0.35000000000000003
CA-2016-130820,2016-11-15,2016-11-15,ON-18715,FUR-TA-10001768,South,630.024,4,0.4,-199.5076,-0.31666666666666665
CA-2016-159765,2016-05-09,2016-05-12,TH-21100,OFF-AR-10003514,South,27.86,7,0.0,9.1938,0.33
CA-2017-132290,2017-03-10,2017-03-14,MD-17350,FUR-TA-10002228,Central,933.408,4,0.3,-173.3472,-0.1857142857142857
CA-2016-147109,2016-12-17,2016-12-21,AH-10075,OFF-PA-10001972,Central,51.84,10,0.2,18.144,0.3499999999999999
CA-2016-147109,2016-12-17,2016-12-21,AH-10075,TEC-AC-10002942,Central,165.6,3,0.2,-6.21,-0.0375
CA-2017-107265,2017-04-06,2017-04-12,ML-17755,OFF-PA-10000474,Central,106.32,3,0.0,49.9704,0.47000000000000003
CA-2017-118199,2017-05-09,2017-05-11,LB-16795,OFF-BI-10004330,West,147.92,5,0.2,46.225,0.31250000000000006
CA-2017-118199,2017-05-09,2017-05-11,LB-16795,OFF-ST-10000604,West,104.28,3,0.0,26.07,0.25
CA-2017-118199,2017-05-09,2017-05-11,LB-16795,FUR-TA-10004154,West,286.85,1,0.0,63.107,0.21999999999999997
CA-2017-118199,2017-05-09,2017-05-11,LB-16795,OFF-ST-10000636,West,66.96,4,0.0,2.6784,0.04
CA-2017-118199,2017-05-09,2017-05-11,LB-16795,TEC-AC-10004171,West,199.98,2,0.0,87.9912,0.44000000000000006
CA-2017-150091,2017-10-12,2017-10-16,NP-18670,TEC-AC-10002167,East,45.0,3,0.0,4.95,0.11
CA-2017-150091,2017-10-12,2017-10-16,NP-18670,OFF-FA-10000621,East,17.9,5,0.0,8.771,0.4900000000000001
CA-2017-150091,2017-10-12,2017-10-16,NP-18670,FUR-FU-10004053,East,40.48,2,0.0,17.4064,0.43000000000000005
CA-2017-150091,2017-10-12,2017-10-16,NP-18670,FUR-BO-10003404,East,2154.9,5,0.0,129.294,0.060000000000000005
CA-2016-137652,2016-08-28,2016-08-30,EB-13750,OFF-BI-10004099,East,18.432,8,0.7,-12.288,-0.6666666666666667
CA-2015-128356,2015-10-02,2015-10-07,RP-19390,OFF-SU-10004290,West,10.944,2,0.2,0.9576,0.0875
CA-2017-167017,2017-11-23,2017-11-25,DC-12850,OFF-SU-10001935,Central,4.36,2,0.0,0.1744,0.039999999999999994
US-2017-132220,2017-11-12,2017-11-16,DJ-13510,TEC-AC-10004227,West,62.352,6,0.2,-10.9116,-0.17500000000000002
CA-2016-118129,2016-12-19,2016-12-21,CL-12565,FUR-FU-10004904,East,303.92,5,0.2,-30.392,-0.09999999999999999
US-2014-113124,2014-03-30,2014-04-05,NC-18340,OFF-ST-10001511,Central,129.3,2,0.0,6.465,0.049999999999999996
CA-2017-155621,2017-11-08,2017-11-13,KN-16450,FUR-FU-10003535,East,274.2,10,0.0,112.422,0.41000000000000003
US-2014-127635,2014-09-14,2014-09-18,SC-20260,OFF-FA-10000053,Central,6.048,4,0.2,-1.3608,-0.225
US-2014-127635,2014-09-14,2014-09-18,SC-20260,OFF-PA-10004610,Central,6.848,2,0.2,2.14,0.3125
US-2014-127635,2014-09-14,2014-09-18,SC-20260,FUR-FU-10000550,Central,9.96,5,0.6,-6.723,-0.6749999999999999
US-2014-127635,2014-09-14,2014-09-18,SC-20260,OFF-BI-10001721,Central,8.552,2,0.8,-13.6832,-1.6
CA-2015-151470,2015-09-20,2015-09-26,AM-10705,OFF-BI-10004040,West,45.584,11,0.2,16.5242,0.3625
CA-2015-112823,2015-12-10,2015-12-16,RA-19945,TEC-AC-10002550,East,25.488,2,0.2,4.4604,0.175
CA-2014-108861,2014-05-28,2014-06-01,MM-17260,OFF-BI-10003876,West,136.96,4,0.2,51.36,0.375
CA-2017-114370,2017-03-14,2017-03-17,BN-11470,TEC-PH-10000213,Central,49.616,2,0.2,4.9616,0.09999999999999999
CA-2016-158302,2016-12-08,2016-12-12,JB-16045,OFF-PA-10002615,East,10.584,3,0.2,3.4398,0.325
CA-2017-145779,2017-05-06,2017-05-10,DB-13615,OFF-PA-10002254,West,84.416,4,0.2,27.4352,0.325
US-2016-155173,2016-03-06,2016-03-10,JB-16045,TEC-PH-10004586,East,431.94,2,0.4,-71.99,-0.16666666666666666
US-2016-155173,2016-03-06,2016-03-10,JB-16045,OFF-BI-10002982,East,2.043,1,0.7,-1.4982,-0.7333333333333333
US-2016-155173,2016-03-06,2016-03-10,JB-16045,TEC-PH-10002538,East,68.238,3,0.4,-12.5103,-0.18333333333333335
CA-2017-125451,2017-10-23,2017-10-24,AH-10075,FUR-TA-10001039,East,240.744,4,0.3,-13.7568,-0.05714285714285714
CA-2017-125451,2017-10-23,2017-10-24,AH-10075,FUR-FU-10004963,East,35.0,4,0.0,14.7,0.42
CA-2017-125451,2017-10-23,2017-10-24,AH-10075,FUR-FU-10000277,East,210.68,2,0.0,50.5632,0.24
CA-2017-125451,2017-10-23,2017-10-24,AH-10075,FUR-TA-10004915,East,637.896,3,0.3,-127.5792,-0.2
CA-2017-125451,2017-10-23,2017-10-24,AH-10075,OFF-PA-10003724,East,43.44,8,0.0,21.2856,0.49
CA-2017-125451,2017-10-23,2017-10-24,AH-10075,OFF-AP-10002906,East,2.22,1,0.0,0.666,0.3
CA-2014-131387,2014-04-28,2014-04-30,AI-10855,TEC-PH-10001459,West,1679.96,5,0.2,125.997,0.075
CA-2016-125087,2016-04-18,2016-04-23,TH-21115,FUR-CH-10002880,Central,344.372,4,0.3,-93.4724,-0.2714285714285714
CA-2016-125087,2016-04-18,2016-04-23,TH-21115,OFF-ST-10001780,Central,1554.936,3,0.2,77.7468,0.049999999999999996
CA-2016-125087,2016-04-18,2016-04-23,TH-21115,FUR-FU-10004748,Central,127.88,5,0.6,-67.137,-0.525
CA-2016-154081,2016-05-22,2016-05-29,JE-15610,TEC-PH-10001918,West,222.384,2,0.2,22.2384,0.1
US-2017-118556,2017-05-28,2017-06-02,TH-21235,FUR-CH-10001146,Central,106.869,3,0.3,-29.0073,-0.27142857142857146
US-2017-118556,2017-05-28,2017-06-02,TH-21235,OFF-BI-10004364,Central,3.564,3,0.8,-6.237,-1.75
CA-2014-126200,2014-08-25,2014-08-29,JE-15715,OFF-BI-10002133,Central,25.68,3,0.8,-39.804,-1.55
CA-2014-126200,2014-08-25,2014-08-29,JE-15715,OFF-BI-10002225,Central,12.384,3,0.8,-19.8144,-1.5999999999999999
CA-2014-146500,2014-08-30,2014-09-04,AT-10735,OFF-BI-10002432,East,25.3,5,0.0,11.891,0.47
CA-2014-146500,2014-08-30,2014-09-04,AT-10735,OFF-ST-10000563,East,95.94,3,0.0,9.594,0.09999999999999999
CA-2015-169537,2015-09-03,2015-09-07,JH-15820,OFF-LA-10001982,Central,7.5,2,0.0,3.6,0.48000000000000004
CA-2014-100881,2014-03-28,2014-04-01,DR-12940,TEC-PH-10003273,West,302.376,3,0.2,22.6782,0.07500000000000001
CA-2015-144043,2015-05-10,2015-05-15,AB-10165,TEC-AC-10002718,West,46.688,4,0.2,-2.918,-0.0625
CA-2015-116512,2015-04-09,2015-04-14,MC-18100,OFF-ST-10001505,East,17.94,3,0.0,3.0498,0.16999999999999998
CA-2015-101000,2015-04-09,2015-04-14,IG-15085,OFF-AP-10000179,East,370.14,3,0.0,144.3546,0.39
CA-2016-168557,2016-09-19,2016-09-23,FH-14275,OFF-BI-10002309,West,8.928,2,0.2,3.1248,0.35
US-2016-164196,2016-11-11,2016-11-17,AS-10285,FUR-TA-10001950,Central,2678.94,6,0.0,241.1046,0.09
US-2017-132031,2017-04-23,2017-04-27,PN-18775,FUR-BO-10001972,South,387.136,4,0.2,-14.5176,-0.0375
US-2017-132031,2017-04-23,2017-04-27,PN-18775,TEC-AC-10002473,South,45.408,2,0.2,11.9196,0.2625
US-2017-132031,2017-04-23,2017-04-27,PN-18775,FUR-FU-10000193,South,77.952,3,0.2,-11.6928,-0.15
US-2017-132031,2017-04-23,2017-04-27,PN-18775,OFF-LA-10000081,South,3.0,1,0.2,1.05,0.35000000000000003
CA-2015-169733,2015-10-22,2015-10-26,GM-14500,OFF-ST-10000876,South,9.952,1,0.2,0.9952,0.09999999999999999
CA-2017-169404,2017-04-09,2017-04-14,NC-18625,OFF-BI-10004492,East,37.896,4,0.7,-29.0536,-0.7666666666666666
CA-2017-169404,2017-04-09,2017-04-14,NC-18625,OFF-PA-10001033,East,65.584,2,0.2,23.7742,0.3625
CA-2017-134880,2017-10-27,2017-11-01,TW-21025,OFF-PA-10004039,West,44.784,1,0.2,16.2342,0.36250000000000004
CA-2015-145758,2015-10-30,2015-10-30,BF-11020,TEC-MA-10004552,East,1035.8,4,0.0,269.308,0.26
CA-2017-158736,2017-12-18,2017-12-24,TT-21460,OFF-AR-10002578,West,5.76,2,0.0,1.6704,0.29000000000000004
US-2016-119270,2016-03-12,2016-03-16,SW-20245,OFF-PA-10004022,West,19.98,2,0.0,8.991,0.44999999999999996
CA-2014-109890,2014-07-21,2014-07-27,PG-18820,TEC-PH-10004100,Central,35.98,2,0.0,10.0744,0.28
CA-2016-138583,2016-05-24,2016-05-28,DP-13390,OFF-AR-10001860,East,16.656,3,0.2,3.3312,0.2
US-2017-118535,2017-02-11,2017-02-15,DJ-13510,OFF-LA-10001297,East,20.7,2,0.0,9.936,0.48000000000000004
CA-2016-126284,2016-09-20,2016-09-24,EN-13780,OFF-BI-10004828,Central,83.7,5,0.0,41.013,0.48999999999999994
CA-2017-142391,2017-09-24,2017-09-24,PB-19150,FUR-FU-10002759,West,199.8,10,0.0,71.928,0.36
CA-2017-124716,2017-03-27,2017-03-31,BD-11560,OFF-PA-10000740,West,45.68,2,0.0,21.0128,0.45999999999999996
CA-2017-124716,2017-03-27,2017-03-31,BD-11560,OFF-PA-10001144,West,110.96,2,0.0,53.2608,0.48000000000000004
CA-2017-124716,2017-03-27,2017-03-31,BD-11560,OFF-PA-10000859,West,11.94,3,0.0,5.97,0.5
CA-2016-158841,2016-02-02,2016-02-04,SE-20110,TEC-MA-10001127,South,8749.95,5,0.0,2799.984,0.31999999999999995
CA-2016-158841,2016-02-02,2016-02-04,SE-20110,OFF-BI-10002557,South,36.4,8,0.0,18.2,0.5
CA-2016-158841,2016-02-02,2016-02-04,SE-20110,FUR-FU-10001731,South,18.69,7,0.0,7.1022,0.37999999999999995
CA-2017-106824,2017-07-07,2017-07-11,AT-10735,OFF-FA-10001135,West,5.94,3,0.0,0.1188,0.02
CA-2015-109190,2015-10-23,2015-10-28,CC-12685,OFF-PA-10000069,Central,60.736,8,0.2,20.4984,0.3375
CA-2015-109190,2015-10-23,2015-10-28,CC-12685,TEC-CO-10001943,Central,479.976,3,0.2,161.9919,0.33749999999999997
CA-2015-109190,2015-10-23,2015-10-28,CC-12685,OFF-BI-10000977,Central,6.08,1,0.8,-10.336,-1.7
CA-2016-143154,2016-12-02,2016-12-08,AS-10225,TEC-AC-10002942,West,165.6,3,0.2,-6.21,-0.0375
CA-2014-169061,2014-03-05,2014-03-08,AB-10150,OFF-AR-10000588,East,59.52,3,0.0,15.4752,0.25999999999999995
CA-2014-169061,2014-03-05,2014-03-08,AB-10150,TEC-AC-10002001,East,479.97,3,0.0,177.5889,0.37
CA-2014-169061,2014-03-05,2014-03-08,AB-10150,OFF-SU-10000381,East,18.62,2,0.0,5.3998,0.29
CA-2014-169061,2014-03-05,2014-03-08,AB-10150,OFF-BI-10001617,East,49.632,6,0.2,16.7508,0.3375
CA-2014-169061,2014-03-05,2014-03-08,AB-10150,OFF-PA-10001878,East,97.82,2,0.0,45.9754,0.47000000000000003
CA-2015-102316,2015-03-01,2015-03-03,DH-13075,TEC-PH-10000376,West,15.984,2,0.2,1.1988,0.07500000000000001
CA-2015-102316,2015-03-01,2015-03-03,DH-13075,FUR-CH-10003396,West,184.752,3,0.2,-20.7846,-0.1125
CA-2014-164903,2014-02-20,2014-02-24,SR-20740,OFF-PA-10003363,West,12.96,2,0.0,6.2208,0.4799999999999999
CA-2016-109400,2016-05-02,2016-05-06,NR-18550,FUR-CH-10003298,Central,366.744,4,0.3,-110.0232,-0.3
CA-2016-130400,2016-03-08,2016-03-12,SJ-20125,OFF-BI-10001757,Central,8.856,9,0.8,-14.1696,-1.6
CA-2016-130400,2016-03-08,2016-03-12,SJ-20125,TEC-AC-10004633,Central,27.96,5,0.2,8.388,0.3
CA-2016-130400,2016-03-08,2016-03-12,SJ-20125,OFF-EN-10001453,Central,146.352,3,0.2,49.3938,0.33749999999999997
CA-2015-135853,2015-12-11,2015-12-14,CA-12775,TEC-AC-10004761,Central,175.23,11,0.0,61.3305,0.35000000000000003
CA-2015-135853,2015-12-11,2015-12-14,CA-12775,TEC-PH-10003691,Central,125.99,1,0.0,31.4975,0.25
CA-2015-135853,2015-12-11,2015-12-14,CA-12775,OFF-BI-10004965,Central,23.0,2,0.0,10.35,0.45
CA-2016-103359,2016-12-22,2016-12-26,LC-16885,OFF-BI-10004233,East,25.584,2,0.2,8.9544,0.35
CA-2016-144645,2016-02-02,2016-02-08,NS-18640,FUR-FU-10003601,Central,73.784,2,0.6,-77.4732,-1.05
CA-2017-141614,2017-06-05,2017-06-09,NS-18640,OFF-PA-10002787,South,20.736,4,0.2,7.2576,0.35
CA-2015-122168,2015-08-21,2015-08-26,HG-14965,OFF-AR-10003602,South,17.52,3,0.0,8.2344,0.4700000000000001
CA-2015-122168,2015-08-21,2015-08-26,HG-14965,OFF-AR-10002053,South,35.76,12,0.0,10.0128,0.28
CA-2016-132899,2016-04-07,2016-04-11,SF-20200,OFF-AR-10002833,East,3.64,2,0.0,0.9828,0.27
CA-2017-149720,2017-06-04,2017-06-07,EM-14065,FUR-FU-10002501,Central,30.336,6,0.6,-17.4432,-0.5750000000000001
CA-2017-118003,2017-12-04,2017-12-10,DO-13645,FUR-FU-10002506,East,12.99,1,0.0,1.5588,0.12
CA-2017-118003,2017-12-04,2017-12-10,DO-13645,FUR-CH-10003817,East,182.22,3,0.0,45.555,0.25
CA-2017-118003,2017-12-04,2017-12-10,DO-13645,FUR-CH-10004860,East,302.94,3,0.0,18.1764,0.060000000000000005
CA-2016-141887,2016-01-11,2016-01-15,MP-17470,FUR-FU-10002268,East,54.992,14,0.2,8.9362,0.1625
US-2016-160206,2016-04-01,2016-04-07,MY-18295,TEC-PH-10000148,Central,12.99,1,0.0,0.2598,0.019999999999999997
CA-2017-133074,2017-09-21,2017-09-25,DB-13615,OFF-PA-10004082,West,55.86,7,0.0,27.93,0.5
CA-2017-161172,2017-03-16,2017-03-16,SP-20920,TEC-PH-10004348,East,44.376,2,0.4,-7.396,-0.16666666666666669
CA-2017-161172,2017-03-16,2017-03-16,SP-20920,FUR-FU-10003424,East,51.264,6,0.2,7.6896,0.15
CA-2017-161172,2017-03-16,2017-03-16,SP-20920,OFF-BI-10004654,East,5.193,3,0.7,-3.462,-0.6666666666666667
CA-2017-161172,2017-03-16,2017-03-16,SP-20920,TEC-AC-10004571,East,159.984,2,0.2,43.9956,0.275
CA-2017-161172,2017-03-16,2017-03-16,SP-20920,OFF-ST-10000675,East,54.224,2,0.2,3.389,0.0625
CA-2017-137624,2017-11-10,2017-11-17,ME-17320,FUR-CH-10001714,West,241.424,2,0.2,-36.2136,-0.15
CA-2016-156748,2016-11-30,2016-12-06,BS-11755,OFF-PA-10000380,Central,33.36,4,0.0,16.68,0.5
CA-2016-156748,2016-11-30,2016-12-06,BS-11755,OFF-PA-10002713,Central,13.76,2,0.0,6.3296,0.46
CA-2016-156748,2016-11-30,2016-12-06,BS-11755,OFF-ST-10001370,Central,496.86,7,0.0,24.843,0.049999999999999996
CA-2016-156748,2016-11-30,2016-12-06,BS-11755,FUR-CH-10000513,Central,389.97,3,0.0,35.0973,0.08999999999999998
CA-2015-169677,2015-01-13,2015-01-15,KS-16300,OFF-LA-10003223,South,9.82,2,0.0,4.8118,0.49
US-2014-163146,2014-05-16,2014-05-20,CC-12475,TEC-AC-10002217,West,56.4,3,0.0,3.384,0.06
CA-2015-157343,2015-06-07,2015-06-11,HD-14785,OFF-BI-10003707,East,18.312,4,0.7,-12.208,-0.6666666666666666
CA-2015-157343,2015-06-07,2015-06-11,HD-14785,OFF-PA-10000552,East,25.92,5,0.2,9.072,0.3499999999999999
CA-2015-157343,2015-06-07,2015-06-11,HD-14785,OFF-AR-10003183,East,8.016,3,0.2,1.002,0.125
CA-2017-147354,2017-03-09,2017-03-13,KB-16315,TEC-CO-10000971,West,479.984,2,0.2,59.998,0.125
CA-2017-147354,2017-03-09,2017-03-13,KB-16315,OFF-BI-10003910,West,30.84,5,0.2,9.6375,0.3125
CA-2015-157287,2015-12-22,2015-12-23,HR-14830,OFF-ST-10001172,East,33.568,2,0.2,1.6784,0.05
CA-2015-157287,2015-12-22,2015-12-23,HR-14830,FUR-CH-10001270,East,422.625,7,0.3,0.0,0.0
CA-2014-137575,2014-08-06,2014-08-11,TB-21625,TEC-AC-10004571,East,199.98,2,0.0,83.9916,0.42000000000000004
CA-2016-119074,2016-03-27,2016-03-31,DS-13180,FUR-FU-10004053,South,20.24,1,0.0,8.7032,0.43000000000000005
CA-2016-119074,2016-03-27,2016-03-31,DS-13180,FUR-FU-10003731,South,39.92,4,0.0,11.1776,0.27999999999999997
CA-2016-119074,2016-03-27,2016-03-31,DS-13180,OFF-BI-10000962,South,32.54,2,0.0,15.9446,0.49
CA-2015-149566,2015-12-05,2015-12-10,GB-14530,TEC-AC-10001266,West,39.0,3,0.0,17.55,0.45
CA-2015-149566,2015-12-05,2015-12-10,GB-14530,OFF-LA-10000452,West,12.6,4,0.0,6.048,0.48000000000000004
CA-2015-126186,2015-09-11,2015-09-12,GB-14530,FUR-FU-10000073,West,24.64,4,0.2,4.004,0.16249999999999998
CA-2015-121132,2015-07-17,2015-07-24,VB-21745,OFF-LA-10002368,Central,6.264,3,0.2,2.0358,0.325
CA-2015-121132,2015-07-17,2015-07-24,VB-21745,OFF-FA-10004248,Central,14.432,4,0.2,3.4276,0.2375
CA-2014-140473,2014-05-30,2014-06-03,MC-17425,TEC-CO-10004202,Central,719.976,3,0.2,134.9955,0.1875
US-2017-102904,2017-11-13,2017-11-20,CB-12025,TEC-AC-10000927,South,239.92,8,0.0,23.992,0.1
CA-2016-102092,2016-12-09,2016-12-11,PM-18940,FUR-TA-10002530,South,1056.86,7,0.0,158.529,0.15000000000000002
CA-2015-117884,2015-03-22,2015-03-22,DC-13285,TEC-AC-10002567,South,447.944,7,0.2,89.5888,0.2
CA-2015-117884,2015-03-22,2015-03-22,DC-13285,OFF-ST-10002182,South,150.408,9,0.2,-33.8418,-0.225
CA-2016-132829,2016-12-23,2016-12-26,LA-16780,TEC-PH-10004539,Central,453.576,3,0.2,39.6879,0.0875
CA-2016-132829,2016-12-23,2016-12-26,LA-16780,OFF-LA-10002945,Central,45.36,9,0.2,14.742,0.325
CA-2016-132829,2016-12-23,2016-12-26,LA-16780,TEC-PH-10004345,Central,287.88,3,0.2,35.985,0.125
CA-2016-132829,2016-12-23,2016-12-26,LA-16780,TEC-PH-10004912,Central,131.88,3,0.2,14.8365,0.1125
CA-2016-132829,2016-12-23,2016-12-26,LA-16780,FUR-FU-10000206,Central,2.328,2,0.6,-0.7566,-0.32500000000000007
CA-2016-123540,2016-04-02,2016-04-06,DJ-13420,FUR-CH-10000847,Central,1454.9,5,0.0,378.274,0.26
US-2017-108315,2017-04-30,2017-05-04,MH-18115,OFF-BI-10000822,South,4.842,3,0.7,-3.5508,-0.7333333333333334
US-2017-108315,2017-04-30,2017-05-04,MH-18115,FUR-FU-10000747,South,220.704,6,0.2,-8.2764,-0.0375
CA-2016-134110,2016-11-17,2016-11-18,BG-11035,TEC-PH-10002350,Central,67.176,3,0.2,6.7176,0.09999999999999999
CA-2016-134110,2016-11-17,2016-11-18,BG-11035,OFF-PA-10000697,Central,15.232,4,0.2,5.5216,0.36250000000000004
US-2016-136581,2016-11-10,2016-11-12,SV-20365,OFF-PA-10002787,East,31.104,6,0.2,10.8864,0.35000000000000003
CA-2016-162390,2016-12-06,2016-12-12,DP-13105,OFF-BI-10004318,East,968.744,7,0.2,314.8418,0.32499999999999996
CA-2016-162390,2016-12-06,2016-12-12,DP-13105,OFF-BI-10001721,East,222.352,13,0.2,77.8232,0.35
CA-2016-162390,2016-12-06,2016-12-12,DP-13105,TEC-CO-10004202,East,479.984,2,0.2,89.997,0.1875
CA-2016-162222,2016-04-03,2016-04-03,SR-20740,OFF-PA-10003893,Central,10.272,3,0.2,3.21,0.3125
CA-2014-121629,2014-11-28,2014-12-02,BT-11680,TEC-MA-10004679,Central,998.85,5,0.4,-199.77,-0.2
CA-2015-164623,2015-10-20,2015-10-22,MS-17770,OFF-PA-10000249,East,24.56,2,0.0,11.5432,0.47000000000000003
CA-2014-159849,2014-09-19,2014-09-19,JK-15640,OFF-FA-10000053,West,5.67,3,0.0,0.1134,0.02
CA-2017-101273,2017-08-27,2017-08-30,ST-20530,OFF-AP-10000804,South,14.336,4,0.2,0.896,0.0625
CA-2017-106747,2017-07-03,2017-07-04,TS-21505,FUR-FU-10004188,East,102.3,1,0.0,26.598,0.26
CA-2017-146164,2017-12-22,2017-12-26,CM-12190,FUR-TA-10004915,Central,607.52,2,0.0,97.2032,0.16
CA-2017-146164,2017-12-22,2017-12-26,CM-12190,OFF-ST-10001228,Central,31.16,2,0.0,7.79,0.25
CA-2016-111605,2016-12-27,2017-01-02,JW-15955,OFF-LA-10002368,South,2.61,1,0.0,1.2006,0.45999999999999996
CA-2014-130673,2014-05-20,2014-05-22,MC-17590,FUR-FU-10003489,Central,10.332,3,0.6,-5.9409,-0.575
CA-2014-130673,2014-05-20,2014-05-22,MC-17590,OFF-PA-10000289,Central,10.368,2,0.2,3.6288,0.35
CA-2014-130673,2014-05-20,2014-05-22,MC-17590,TEC-AC-10004227,Central,20.784,2,0.2,-3.6372,-0.17500000000000002
CA-2014-130673,2014-05-20,2014-05-22,MC-17590,OFF-ST-10000636,Central,66.96,5,0.2,-13.392,-0.2
CA-2014-104808,2014-02-04,2014-02-08,MH-17440,OFF-BI-10003676,West,17.248,2,0.2,6.0368,0.35
US-2017-132927,2017-12-09,2017-12-15,RD-19720,OFF-BI-10001116,East,11.088,7,0.7,-8.1312,-0.7333333333333334
CA-2017-162015,2017-07-11,2017-07-18,KB-16240,TEC-AC-10003832,West,1287.45,5,0.0,244.6155,0.19
CA-2017-162015,2017-07-11,2017-07-18,KB-16240,OFF-AP-10003040,West,168.1,5,0.0,43.706,0.26
CA-2015-138492,2015-05-15,2015-05-22,FC-14335,OFF-ST-10002583,East,51.968,2,0.2,-10.3936,-0.19999999999999998
CA-2017-145338,2017-01-29,2017-02-01,BD-11770,OFF-AR-10002053,East,4.768,2,0.2,0.4768,0.1
CA-2017-126676,2017-09-29,2017-10-01,FH-14365,OFF-EN-10004846,East,7.98,3,0.0,3.9102,0.49
CA-2017-101700,2017-04-23,2017-04-26,SO-20335,OFF-EN-10003134,West,18.688,2,0.2,7.008,0.375
CA-2017-101700,2017-04-23,2017-04-26,SO-20335,FUR-FU-10001025,West,11.664,3,0.2,3.3534,0.28750000000000003
CA-2017-159667,2017-11-09,2017-11-13,PM-19135,TEC-AC-10002567,South,191.976,3,0.2,38.3952,0.2
CA-2017-159667,2017-11-09,2017-11-13,PM-19135,TEC-PH-10004094,South,499.168,4,0.2,31.198,0.0625
CA-2014-111934,2014-05-05,2014-05-07,GD-14590,OFF-BI-10004364,South,11.88,2,0.0,5.346,0.44999999999999996
CA-2014-111934,2014-05-05,2014-05-07,GD-14590,OFF-PA-10000474,South,35.44,1,0.0,16.6568,0.47000000000000003
US-2016-117387,2016-10-27,2016-10-31,PA-19060,OFF-BI-10004308,West,67.136,4,0.2,25.176,0.375
CA-2014-141110,2014-11-26,2014-12-01,LS-17200,OFF-BI-10002012,West,4.32,3,0.2,1.512,0.35
CA-2014-141110,2014-11-26,2014-12-01,LS-17200,OFF-PA-10002586,West,14.94,3,0.0,7.0218,0.47000000000000003
CA-2014-141110,2014-11-26,2014-12-01,LS-17200,OFF-AP-10000692,West,40.54,2,0.0,11.3512,0.28
CA-2014-141110,2014-11-26,2014-12-01,LS-17200,OFF-BI-10001553,West,7.312,1,0.2,2.5592,0.35000000000000003
US-2014-133949,2014-12-31,2014-12-31,JL-15175,TEC-PH-10004908,West,475.944,7,0.2,59.493,0.125
US-2016-116365,2016-01-03,2016-01-08,CA-12310,TEC-AC-10002217,Central,30.08,2,0.2,-5.264,-0.17500000000000002
US-2016-116365,2016-01-03,2016-01-08,CA-12310,TEC-AC-10002942,Central,165.6,3,0.2,-6.21,-0.0375
US-2016-116365,2016-01-03,2016-01-08,CA-12310,TEC-PH-10002890,Central,180.96,5,0.2,13.572,0.075
CA-2017-162936,2017-08-18,2017-08-22,CM-12160,TEC-AC-10003614,East,23.18,2,0.0,7.6494,0.33
CA-2014-151946,2014-06-04,2014-06-09,BT-11440,FUR-FU-10002878,East,56.96,2,0.0,21.0752,0.37
CA-2014-151946,2014-06-04,2014-06-09,BT-11440,OFF-AP-10001626,East,15.56,4,0.0,4.0456,0.26
CA-2014-151946,2014-06-04,2014-06-09,BT-11440,FUR-BO-10003272,East,353.568,2,0.2,-44.196,-0.125
CA-2014-151946,2014-06-04,2014-06-09,BT-11440,FUR-FU-10002191,East,13.96,2,0.0,6.7008,0.48
CA-2017-123624,2017-11-13,2017-11-17,SE-20110,TEC-AC-10000682,West,82.95,5,0.0,29.0325,0.35
CA-2016-146437,2016-01-28,2016-02-01,HG-14965,OFF-AR-10000588,West,39.68,2,0.0,10.3168,0.26
CA-2016-138233,2016-11-09,2016-11-14,PF-19165,TEC-AC-10002001,West,479.97,3,0.0,177.5889,0.37
CA-2016-165918,2016-09-10,2016-09-14,BD-11770,OFF-LA-10003720,West,7.38,2,0.0,3.4686,0.47
CA-2016-165918,2016-09-10,2016-09-14,BD-11770,OFF-BI-10004364,West,14.256,3,0.2,4.455,0.3125
CA-2016-165918,2016-09-10,2016-09-14,BD-11770,OFF-PA-10000100,West,81.98,2,0.0,40.1702,0.49
CA-2016-165918,2016-09-10,2016-09-14,BD-11770,OFF-BI-10004826,West,39.624,3,0.2,13.8684,0.35
CA-2017-117513,2017-03-03,2017-03-08,BT-11395,FUR-TA-10001520,West,399.672,7,0.2,-14.9877,-0.0375
CA-2017-132437,2017-09-08,2017-09-13,EM-14095,OFF-ST-10001031,East,65.12,4,0.0,16.9312,0.26
US-2017-119319,2017-11-06,2017-11-09,LC-17050,FUR-FU-10003878,Central,30.56,5,0.6,-19.864,-0.65
CA-2017-104318,2017-05-13,2017-05-18,FH-14275,OFF-AP-10000358,South,20.768,2,0.2,2.3364,0.11249999999999999
US-2016-114230,2016-11-27,2016-12-01,CM-12235,OFF-ST-10000876,West,39.808,4,0.2,3.9808,0.09999999999999999
CA-2015-136147,2015-11-13,2015-11-18,FM-14380,OFF-BI-10004224,South,121.104,6,0.7,-100.92,-0.8333333333333334
CA-2015-136147,2015-11-13,2015-11-18,FM-14380,TEC-AC-10004568,South,111.96,5,0.2,-1.3995,-0.0125
CA-2015-156118,2015-12-08,2015-12-12,HG-14965,OFF-PA-10000533,West,15.696,3,0.2,5.1012,0.325
CA-2015-164084,2015-09-07,2015-09-12,AG-10525,OFF-ST-10003638,East,70.26,3,0.0,18.9702,0.26999999999999996
CA-2015-164084,2015-09-07,2015-09-12,AG-10525,TEC-AC-10002305,East,90.0,5,0.0,16.2,0.18
CA-2015-164084,2015-09-07,2015-09-12,AG-10525,OFF-BI-10000605,East,6.096,2,0.2,2.0574,0.33749999999999997
CA-2015-164084,2015-09-07,2015-09-12,AG-10525,FUR-TA-10003569,East,481.176,2,0.4,-120.294,-0.25
CA-2015-164084,2015-09-07,2015-09-12,AG-10525,OFF-FA-10003059,East,7.24,4,0.0,2.3892,0.33
CA-2016-107783,2016-07-28,2016-07-29,OT-18730,FUR-BO-10004409,East,177.45,5,0.5,-78.078,-0.44000000000000006
CA-2016-107783,2016-07-28,2016-07-29,OT-18730,OFF-BI-10000545,East,1369.764,6,0.7,-913.176,-0.6666666666666667
CA-2016-107783,2016-07-28,2016-07-29,OT-18730,OFF-AP-10004052,East,9.48,3,0.2,0.711,0.075
CA-2017-159793,2017-08-25,2017-08-29,SV-20365,FUR-BO-10001798,East,130.98,2,0.5,-89.0664,-0.68
CA-2014-160094,2014-04-30,2014-05-02,JM-16195,OFF-AR-10004010,South,174.95,5,0.0,45.487,0.26
CA-2014-160094,2014-04-30,2014-05-02,JM-16195,OFF-ST-10000585,South,826.0,5,0.0,214.76,0.26
CA-2017-151281,2017-04-27,2017-05-02,HM-14980,FUR-FU-10000397,West,139.58,7,0.0,39.0824,0.27999999999999997
CA-2017-118346,2017-07-23,2017-07-24,PO-19180,TEC-AC-10000736,Central,399.95,5,0.0,143.982,0.36
CA-2014-129819,2014-12-13,2014-12-15,KC-16675,OFF-BI-10004970,South,12.39,3,0.0,5.8233,0.47
US-2017-148551,2017-01-12,2017-01-16,DB-13120,OFF-BI-10000545,Central,760.98,5,0.8,-1141.47,-1.5
CA-2017-147767,2017-12-02,2017-12-02,SV-20935,OFF-BI-10001670,West,67.86,6,0.7,-45.24,-0.6666666666666667
CA-2015-108259,2015-11-08,2015-11-15,NS-18640,OFF-FA-10000624,South,31.504,11,0.2,11.814,0.375
CA-2015-108259,2015-11-08,2015-11-15,NS-18640,OFF-LA-10002945,South,5.04,1,0.2,1.638,0.32499999999999996
CA-2015-108259,2015-11-08,2015-11-15,NS-18640,OFF-BI-10000315,South,39.879,7,0.7,-29.2446,-0.7333333333333333
CA-2015-108259,2015-11-08,2015-11-15,NS-18640,FUR-FU-10000023,South,4.712,1,0.2,1.4136,0.3
CA-2016-113341,2016-11-25,2016-11-29,MH-17455,FUR-CH-10004698,West,194.352,3,0.2,19.4352,0.09999999999999999
US-2015-131842,2015-12-05,2015-12-08,RR-19525,FUR-CH-10004477,South,97.424,2,0.2,10.9602,0.1125
CA-2016-164574,2016-07-29,2016-08-03,RH-19555,OFF-ST-10003816,South,704.76,5,0.2,26.4285,0.0375
CA-2016-164574,2016-07-29,2016-08-03,RH-19555,OFF-BI-10002429,South,27.396,3,0.7,-20.0904,-0.7333333333333333
CA-2014-142769,2014-09-13,2014-09-13,RP-19390,OFF-FA-10000840,West,5.7,5,0.0,2.679,0.47
CA-2014-142769,2014-09-13,2014-09-13,RP-19390,FUR-FU-10001918,West,14.19,3,0.0,5.5341,0.38999999999999996
CA-2014-142769,2014-09-13,2014-09-13,RP-19390,OFF-SU-10001574,West,7.3,2,0.0,2.19,0.3
CA-2014-142769,2014-09-13,2014-09-13,RP-19390,TEC-AC-10001606,West,199.98,2,0.0,75.9924,0.38000000000000006
CA-2014-142769,2014-09-13,2014-09-13,RP-19390,TEC-AC-10003399,West,144.96,4,0.0,60.8832,0.42
CA-2014-142769,2014-09-13,2014-09-13,RP-19390,TEC-AC-10000865,West,118.0,2,0.0,20.06,0.16999999999999998
CA-2014-142769,2014-09-13,2014-09-13,RP-19390,OFF-PA-10002923,West,48.94,1,0.0,24.47,0.5
CA-2014-142769,2014-09-13,2014-09-13,RP-19390,OFF-AP-10004785,West,22.66,2,0.0,9.7438,0.43
CA-2016-168361,2016-06-21,2016-06-25,KB-16600,OFF-BI-10003727,Central,0.836,1,0.8,-1.3376,-1.5999999999999999
CA-2016-153185,2016-09-03,2016-09-08,MH-17620,OFF-PA-10002246,East,30.96,6,0.2,11.223,0.3625
CA-2017-124765,2017-11-25,2017-11-30,HZ-14950,FUR-BO-10003965,South,723.92,5,0.2,-81.441,-0.11250000000000002
CA-2015-131856,2015-05-12,2015-05-17,JG-15160,FUR-FU-10000175,Central,21.968,4,0.6,-15.9268,-0.725
CA-2015-131856,2015-05-12,2015-05-17,JG-15160,TEC-PH-10001336,Central,619.152,6,0.2,69.6546,0.11249999999999999
CA-2015-131856,2015-05-12,2015-05-17,JG-15160,OFF-PA-10001954,Central,127.904,7,0.2,41.5688,0.325
CA-2017-126634,2017-03-30,2017-04-01,AB-10165,FUR-FU-10004973,West,94.2,5,0.0,39.564,0.42
CA-2016-118500,2016-11-17,2016-11-18,HJ-14875,OFF-SU-10004231,West,49.5,5,0.0,13.365,0.27
CA-2016-163951,2016-12-30,2017-01-02,CJ-11875,OFF-AR-10004269,East,16.52,5,0.2,1.652,0.09999999999999999
CA-2016-149916,2016-12-22,2016-12-24,ED-13885,OFF-BI-10004002,West,55.36,4,0.2,19.376,0.35000000000000003
CA-2016-149916,2016-12-22,2016-12-24,ED-13885,TEC-MA-10000752,West,11.56,1,0.2,3.757,0.325
CA-2015-158918,2015-12-20,2015-12-25,AI-10855,OFF-PA-10004947,West,17.12,4,0.0,7.704,0.44999999999999996
US-2014-159611,2014-12-27,2015-01-01,KB-16315,FUR-FU-10004904,East,182.352,3,0.2,-18.2352,-0.09999999999999999
US-2014-159611,2014-12-27,2015-01-01,KB-16315,OFF-ST-10002790,East,118.16,2,0.2,-25.109,-0.21250000000000002
CA-2017-163265,2017-02-16,2017-02-21,JS-16030,OFF-FA-10004854,Central,18.368,2,0.2,6.1992,0.3375
CA-2017-163265,2017-02-16,2017-02-21,JS-16030,FUR-CH-10004063,Central,600.558,3,0.3,-8.5794,-0.014285714285714285
CA-2017-163265,2017-02-16,2017-02-21,JS-16030,OFF-ST-10000642,Central,50.352,3,0.2,-8.1822,-0.1625
CA-2017-163265,2017-02-16,2017-02-21,JS-16030,OFF-AR-10004078,Central,28.032,6,0.2,3.504,0.125
CA-2017-163265,2017-02-16,2017-02-21,JS-16030,FUR-FU-10004270,Central,7.692,1,0.6,-3.6537,-0.47500000000000003
CA-2017-141705,2017-10-24,2017-10-26,PO-18850,FUR-TA-10004607,Central,517.405,5,0.3,-81.3065,-0.15714285714285714
CA-2016-112739,2016-09-02,2016-09-07,RD-19810,OFF-BI-10001132,Central,8.608,8,0.8,-13.3424,-1.5499999999999998
CA-2016-112739,2016-09-02,2016-09-07,RD-19810,TEC-AC-10001714,Central,159.56,5,0.2,33.9065,0.2125
CA-2016-143805,2016-12-01,2016-12-03,JD-15895,OFF-AP-10002945,South,2104.55,7,0.0,694.5015,0.32999999999999996
CA-2016-143805,2016-12-01,2016-12-03,JD-15895,OFF-SU-10004664,South,40.7,5,0.0,11.803,0.29
CA-2014-133634,2014-11-05,2014-11-10,SR-20740,TEC-AC-10002550,South,47.79,3,0.0,16.2486,0.34
CA-2017-101665,2017-11-25,2017-12-01,TZ-21580,OFF-AR-10002335,West,5.16,2,0.0,1.3416,0.25999999999999995
CA-2016-155446,2016-12-16,2016-12-23,TN-21040,TEC-AC-10001445,West,21.21,7,0.0,4.4541,0.21000000000000002
CA-2017-137323,2017-11-14,2017-11-18,PW-19030,OFF-ST-10003996,East,96.36,6,0.0,25.0536,0.26
CA-2016-144015,2016-06-26,2016-06-26,AH-10075,OFF-SU-10003505,West,231.72,2,0.0,11.586,0.05
CA-2016-144015,2016-06-26,2016-06-26,AH-10075,OFF-FA-10000624,West,17.9,5,0.0,8.95,0.5
CA-2016-144015,2016-06-26,2016-06-26,AH-10075,OFF-PA-10002870,West,12.48,2,0.0,5.616,0.44999999999999996
CA-2014-101427,2014-12-26,2014-12-30,AY-10555,OFF-AR-10002257,East,8.016,3,0.2,1.1022,0.1375
CA-2016-136770,2016-08-14,2016-08-18,SP-20650,TEC-PH-10003580,East,259.896,2,0.4,-56.3108,-0.21666666666666665
CA-2016-136770,2016-08-14,2016-08-18,SP-20650,TEC-PH-10001530,East,247.188,2,0.4,-49.4376,-0.2
CA-2016-136770,2016-08-14,2016-08-18,SP-20650,TEC-AC-10000420,East,279.96,5,0.2,48.993,0.17500000000000002
CA-2016-118311,2016-10-24,2016-10-28,ED-13885,TEC-AC-10000892,West,450.0,5,0.0,162.0,0.36
US-2014-112795,2014-08-23,2014-08-28,CR-12625,OFF-PA-10001934,Central,19.44,3,0.0,9.5256,0.49
CA-2017-127096,2017-09-15,2017-09-17,CS-12400,FUR-TA-10003473,West,300.904,1,0.2,11.2839,0.0375
CA-2017-119284,2017-06-15,2017-06-20,TS-21205,TEC-PH-10001051,South,239.976,3,0.2,26.9973,0.1125
CA-2017-119284,2017-06-15,2017-06-20,TS-21205,FUR-FU-10004351,South,31.168,4,0.2,9.3504,0.30000000000000004
CA-2017-119284,2017-06-15,2017-06-20,TS-21205,FUR-TA-10004152,South,120.96,2,0.4,-28.224,-0.23333333333333334
CA-2017-119284,2017-06-15,2017-06-20,TS-21205,TEC-PH-10000560,South,2239.936,8,0.2,223.9936,0.09999999999999999
CA-2017-119284,2017-06-15,2017-06-20,TS-21205,OFF-AP-10004249,South,76.608,8,0.2,6.7032,0.0875
CA-2017-119284,2017-06-15,2017-06-20,TS-21205,OFF-ST-10001490,South,142.776,1,0.2,17.847,0.125
CA-2017-119284,2017-06-15,2017-06-20,TS-21205,OFF-PA-10000312,South,91.36,5,0.2,29.692,0.325
CA-2015-133494,2015-03-01,2015-03-05,RP-19390,OFF-AP-10002906,East,3.552,2,0.2,0.444,0.125
CA-2016-111318,2016-07-23,2016-07-26,IL-15100,TEC-PH-10004100,Central,115.136,8,0.2,11.5136,0.1
US-2014-132745,2014-10-01,2014-10-05,NF-18475,OFF-FA-10000254,West,4.71,1,0.0,0.0,0.0
CA-2014-146815,2014-09-08,2014-09-13,PP-18955,FUR-CH-10004289,East,172.764,2,0.1,13.4372,0.07777777777777778
CA-2014-146815,2014-09-08,2014-09-13,PP-18955,OFF-AR-10003469,East,3.52,2,0.0,1.6896,0.48
CA-2014-119144,2014-11-16,2014-11-18,JD-16150,TEC-PH-10004188,West,79.968,4,0.2,-17.9928,-0.22499999999999998
CA-2014-119144,2014-11-16,2014-11-18,JD-16150,FUR-BO-10004015,West,305.9745,3,0.15,25.1979,0.0823529411764706
CA-2014-119144,2014-11-16,2014-11-18,JD-16150,OFF-ST-10000991,West,344.91,3,0.0,10.3473,0.03
CA-2014-105648,2014-03-03,2014-03-07,EJ-14155,FUR-TA-10002958,West,626.352,3,0.2,-23.4882,-0.0375
US-2015-145422,2015-12-03,2015-12-07,PW-19240,FUR-BO-10002213,West,359.499,3,0.15,-29.6058,-0.08235294117647057
CA-2017-136623,2017-07-11,2017-07-16,TS-21430,TEC-PH-10000004,West,71.952,6,0.2,5.3964,0.075
CA-2017-136623,2017-07-11,2017-07-16,TS-21430,OFF-BI-10003708,West,29.8,5,0.2,9.3125,0.3125
CA-2017-121678,2017-11-16,2017-11-20,BM-11650,OFF-BI-10002949,East,1.824,1,0.7,-1.3984,-0.7666666666666667
CA-2016-120824,2016-06-12,2016-06-16,AW-10930,OFF-AP-10001242,Central,64.384,4,0.8,-160.96,-2.5
CA-2016-120824,2016-06-12,2016-06-16,AW-10930,FUR-FU-10001424,Central,6.984,2,0.6,-4.5396,-0.65
CA-2016-120824,2016-06-12,2016-06-16,AW-10930,OFF-AR-10003469,Central,11.264,8,0.2,3.9424,0.35000000000000003
CA-2016-120824,2016-06-12,2016-06-16,AW-10930,OFF-PA-10000232,Central,15.552,3,0.2,5.6376,0.3625
CA-2016-120824,2016-06-12,2016-06-16,AW-10930,FUR-CH-10000229,Central,379.372,2,0.3,-119.2312,-0.3142857142857143
CA-2016-120824,2016-06-12,2016-06-16,AW-10930,OFF-ST-10002562,Central,67.536,9,0.2,6.7536,0.09999999999999999
CA-2016-120824,2016-06-12,2016-06-16,AW-10930,OFF-BI-10001525,Central,1.524,2,0.8,-2.667,-1.7499999999999998
US-2016-135209,2016-12-29,2016-12-31,MH-17290,OFF-PA-10002986,South,37.408,7,0.2,13.0928,0.35
US-2016-135209,2016-12-29,2016-12-31,MH-17290,OFF-PA-10000143,South,25.344,6,0.2,8.8704,0.35
CA-2017-148145,2017-03-18,2017-03-23,SW-20275,OFF-AR-10003752,West,46.2,4,0.0,21.252,0.45999999999999996
CA-2015-103870,2015-12-27,2015-12-31,SP-20860,TEC-AC-10002370,South,4.728,3,0.2,0.7092,0.15000000000000002
CA-2015-103870,2015-12-27,2015-12-31,SP-20860,FUR-FU-10002030,South,53.352,3,0.2,16.0056,0.30000000000000004
CA-2015-103870,2015-12-27,2015-12-31,SP-20860,FUR-BO-10002853,South,131.104,2,0.2,8.194,0.0625
CA-2015-103870,2015-12-27,2015-12-31,SP-20860,OFF-ST-10002562,South,22.512,3,0.2,2.2512,0.09999999999999999
CA-2015-103870,2015-12-27,2015-12-31,SP-20860,TEC-AC-10004227,South,72.744,7,0.2,-12.7302,-0.175
CA-2015-111017,2015-07-31,2015-08-06,SC-20695,OFF-SU-10002573,Central,52.59,3,0.0,15.777,0.3
CA-2017-116988,2017-06-27,2017-06-29,PW-19030,OFF-PA-10003848,West,19.44,3,0.0,9.3312,0.48000000000000004
CA-2017-116988,2017-06-27,2017-06-29,PW-19030,FUR-FU-10001290,West,126.3,3,0.0,40.416,0.32
CA-2017-116988,2017-06-27,2017-06-29,PW-19030,TEC-AC-10003832,West,1287.45,5,0.0,244.6155,0.19
US-2014-169390,2014-02-07,2014-02-10,CS-12250,OFF-ST-10001558,East,64.96,4,0.0,9.744,0.15000000000000002
CA-2016-168774,2016-09-04,2016-09-09,RP-19855,OFF-ST-10001490,Central,535.41,3,0.0,160.623,0.3
CA-2017-161592,2017-04-06,2017-04-10,CS-12175,OFF-BI-10003669,South,8.1,5,0.7,-5.94,-0.7333333333333334
US-2017-131961,2017-12-08,2017-12-11,MJ-17740,OFF-AR-10004441,East,13.248,4,0.2,3.6432,0.275
US-2017-131961,2017-12-08,2017-12-11,MJ-17740,TEC-PH-10001924,East,83.988,2,0.4,-20.997,-0.25
CA-2016-102498,2016-07-24,2016-07-25,JG-15160,OFF-AR-10004456,South,73.2,5,0.0,21.228,0.29000000000000004
CA-2015-113222,2015-11-09,2015-11-09,AG-10765,OFF-BI-10001890,Central,10.74,3,0.0,5.1552,0.48
US-2015-144771,2015-10-02,2015-10-04,CK-12205,FUR-FU-10000629,West,11.032,1,0.2,3.0338,0.27499999999999997
US-2015-144771,2015-10-02,2015-10-04,CK-12205,TEC-AC-10002323,West,53.04,3,0.2,-4.641,-0.08750000000000001
CA-2015-162376,2015-11-22,2015-11-25,HD-14785,OFF-AR-10003056,East,17.12,4,0.0,4.9648,0.29
CA-2015-162376,2015-11-22,2015-11-25,HD-14785,OFF-PA-10000300,East,59.94,3,0.0,28.1718,0.47000000000000003
CA-2017-128076,2017-02-02,2017-02-07,BO-11350,FUR-FU-10000293,West,210.58,2,0.0,12.6348,0.06
CA-2017-128076,2017-02-02,2017-02-07,BO-11350,OFF-BI-10003638,West,30.96,2,0.2,10.062,0.32499999999999996
CA-2017-128076,2017-02-02,2017-02-07,BO-11350,TEC-MA-10002109,West,239.984,2,0.2,38.9974,0.16249999999999998
US-2015-163825,2015-06-16,2015-06-19,LC-16885,OFF-BI-10003527,East,3050.376,3,0.2,1143.891,0.375
US-2015-163825,2015-06-16,2015-06-19,LC-16885,TEC-PH-10004922,East,133.98,2,0.0,33.495,0.25
CA-2016-105662,2016-05-05,2016-05-09,RB-19465,OFF-PA-10001001,South,93.248,4,0.2,31.4712,0.33749999999999997
CA-2016-105662,2016-05-05,2016-05-09,RB-19465,TEC-PH-10001198,South,177.48,3,0.2,19.9665,0.1125
CA-2017-152198,2017-09-09,2017-09-10,JD-16015,OFF-LA-10000443,East,17.712,6,0.2,5.9778,0.3375
CA-2017-152198,2017-09-09,2017-09-10,JD-16015,OFF-BI-10003669,East,4.86,3,0.7,-3.564,-0.7333333333333333
CA-2017-152198,2017-09-09,2017-09-10,JD-16015,OFF-BI-10001628,East,6.258,2,0.7,-5.215,-0.8333333333333333
CA-2016-114307,2016-07-22,2016-07-26,MF-17665,OFF-AP-10002350,East,37.68,2,0.0,10.5504,0.27999999999999997
CA-2016-114307,2016-07-22,2016-07-26,MF-17665,OFF-PA-10004100,East,51.84,8,0.0,24.8832,0.4799999999999999
CA-2016-114307,2016-07-22,2016-07-26,MF-17665,FUR-FU-10000794,East,27.42,3,0.0,9.3228,0.34
CA-2016-114307,2016-07-22,2016-07-26,MF-17665,OFF-BI-10002012,East,5.4,3,0.0,2.592,0.48
CA-2016-159891,2016-01-31,2016-02-06,BF-11170,OFF-BI-10003527,South,1270.99,1,0.0,635.495,0.5
CA-2016-159891,2016-01-31,2016-02-06,BF-11170,OFF-EN-10004483,South,125.36,8,0.0,58.9192,0.47
CA-2016-112578,2016-12-29,2017-01-02,FO-14305,OFF-ST-10003722,West,14.03,1,0.0,4.0687,0.29
CA-2016-112578,2016-12-29,2017-01-02,FO-14305,OFF-SU-10002557,West,27.96,2,0.0,7.2696,0.25999999999999995
CA-2015-107083,2015-11-21,2015-11-27,BB-11545,OFF-AR-10002257,Central,5.344,2,0.2,0.7348,0.13749999999999998
CA-2015-107083,2015-11-21,2015-11-27,BB-11545,OFF-BI-10000756,Central,1.696,2,0.8,-2.544,-1.5
CA-2015-107083,2015-11-21,2015-11-27,BB-11545,OFF-AP-10004136,Central,24.588,3,0.8,-67.617,-2.75
CA-2015-107083,2015-11-21,2015-11-27,BB-11545,OFF-BI-10002194,Central,7.98,5,0.8,-13.167,-1.65
CA-2015-151722,2015-10-05,2015-10-09,IL-15100,TEC-AC-10000892,East,288.0,4,0.2,57.6,0.2
CA-2016-151148,2016-09-12,2016-09-13,PO-19180,TEC-PH-10001870,West,146.952,3,0.2,9.1845,0.0625
CA-2016-151148,2016-09-12,2016-09-13,PO-19180,FUR-CH-10002304,West,83.136,4,0.2,5.196,0.0625
CA-2017-115882,2017-09-14,2017-09-17,DB-13555,OFF-AP-10002534,South,942.784,4,0.2,94.2784,0.1
CA-2017-115882,2017-09-14,2017-09-17,DB-13555,OFF-PA-10001125,South,74.352,3,0.2,23.235,0.3125
CA-2015-132276,2015-02-23,2015-02-28,LC-16960,OFF-AP-10000804,East,26.88,6,0.0,6.72,0.25
CA-2015-132276,2015-02-23,2015-02-28,LC-16960,OFF-BI-10002982,East,10.896,2,0.2,3.8136,0.35
CA-2016-163636,2016-12-05,2016-12-09,MP-18175,OFF-AR-10001547,Central,3.536,2,0.2,0.3094,0.08750000000000001
CA-2016-102813,2016-07-02,2016-07-03,EA-14035,FUR-CH-10000665,Central,528.43,5,0.3,0.0,0.0
CA-2016-102813,2016-07-02,2016-07-03,EA-14035,OFF-PA-10000520,Central,41.472,8,0.2,14.5152,0.35
CA-2017-135377,2017-12-13,2017-12-18,BP-11095,FUR-BO-10004015,East,287.976,3,0.2,7.1994,0.024999999999999998
CA-2015-165813,2015-03-20,2015-03-22,BM-11785,OFF-ST-10004258,West,29.304,3,0.2,2.5641,0.0875
CA-2015-133585,2015-03-01,2015-03-04,CM-12715,OFF-AR-10003696,Central,55.328,2,0.2,6.2244,0.1125
CA-2015-133585,2015-03-01,2015-03-04,CM-12715,FUR-BO-10001811,Central,1227.9984,6,0.32,-36.1176,-0.029411764705882356
CA-2016-116911,2016-09-15,2016-09-20,JD-16150,OFF-BI-10001249,West,20.416,4,0.2,6.6352,0.325
CA-2016-116911,2016-09-15,2016-09-20,JD-16150,FUR-TA-10003473,West,1128.39,3,0.0,259.5297,0.22999999999999998
US-2017-129224,2017-03-17,2017-03-23,AS-10630,OFF-LA-10003190,South,4.608,2,0.2,1.6704,0.36250000000000004
CA-2017-145765,2017-05-28,2017-06-02,CM-11815,TEC-PH-10001305,West,195.96,5,0.2,19.596,0.09999999999999999
CA-2017-145765,2017-05-28,2017-06-02,CM-11815,OFF-PA-10001534,West,15.552,3,0.2,5.4432,0.35000000000000003
CA-2017-145765,2017-05-28,2017-06-02,CM-11815,TEC-AC-10000844,West,271.968,4,0.2,54.3936,0.19999999999999998
CA-2017-126914,2017-06-15,2017-06-19,JE-15715,FUR-CH-10000847,South,698.352,3,0.2,52.3764,0.075
CA-2017-126914,2017-06-15,2017-06-19,JE-15715,FUR-BO-10000468,South,77.728,2,0.2,-3.8864,-0.05
CA-2015-169572,2015-09-06,2015-09-12,AG-10525,OFF-BI-10002799,South,46.62,9,0.0,21.4452,0.46
CA-2017-162075,2017-03-18,2017-03-24,TT-21220,TEC-PH-10001557,Central,537.544,7,0.2,47.0351,0.08750000000000001
CA-2014-162992,2014-12-19,2014-12-21,BP-11095,OFF-LA-10001934,West,14.62,2,0.0,6.8714,0.47000000000000003
CA-2014-162992,2014-12-19,2014-12-21,BP-11095,OFF-FA-10004248,West,22.55,5,0.0,8.7945,0.38999999999999996
CA-2014-162992,2014-12-19,2014-12-21,BP-11095,TEC-PH-10001944,West,583.8,5,0.2,72.975,0.125
CA-2014-162992,2014-12-19,2014-12-21,BP-11095,TEC-PH-10002085,West,211.168,4,0.2,15.8376,0.075
CA-2016-106397,2016-07-07,2016-07-13,MJ-17740,OFF-PA-10003441,West,12.96,2,0.0,6.2208,0.4799999999999999
CA-2016-106397,2016-07-07,2016-07-13,MJ-17740,OFF-AR-10004602,West,45.98,2,0.0,12.8744,0.28
US-2016-150140,2016-04-06,2016-04-10,VM-21685,TEC-PH-10002555,East,1294.75,5,0.0,336.635,0.26
CA-2014-116666,2014-05-08,2014-05-10,KT-16480,TEC-CO-10001449,East,1799.97,5,0.4,239.996,0.13333333333333333
CA-2017-148992,2017-11-23,2017-11-27,CS-12250,OFF-PA-10004285,Central,10.688,2,0.2,3.7408,0.35
CA-2016-140935,2016-11-10,2016-11-12,AB-10015,TEC-PH-10000562,Central,221.98,2,0.0,62.1544,0.28
CA-2016-140935,2016-11-10,2016-11-12,AB-10015,FUR-BO-10003966,Central,341.96,2,0.0,54.7136,0.16
CA-2014-157644,2014-12-31,2015-01-01,AH-10030,TEC-AC-10003614,East,34.77,3,0.0,11.4741,0.32999999999999996
CA-2014-157644,2014-12-31,2015-01-01,AH-10030,OFF-LA-10003148,East,18.9,3,0.0,8.694,0.4600000000000001
US-2017-100398,2017-08-19,2017-08-23,DO-13435,OFF-BI-10002133,West,102.72,3,0.2,37.236,0.3625
CA-2016-113082,2016-09-12,2016-09-16,MC-17590,FUR-FU-10002813,East,40.48,2,0.0,14.5728,0.36000000000000004
US-2017-110646,2017-10-26,2017-10-31,JF-15190,OFF-BI-10004330,East,33.282,3,0.7,-27.735,-0.8333333333333334
US-2017-110646,2017-10-26,2017-10-31,JF-15190,TEC-PH-10002807,East,118.65,5,0.4,19.775,0.16666666666666666
US-2017-110646,2017-10-26,2017-10-31,JF-15190,OFF-LA-10001404,East,14.76,5,0.2,4.9815,0.33749999999999997
CA-2017-120614,2017-05-30,2017-06-04,SM-20950,OFF-PA-10004911,West,37.52,4,0.0,18.0096,0.4799999999999999
US-2016-140172,2016-03-08,2016-03-13,SP-20650,OFF-AP-10004233,Central,207.144,3,0.1,48.3336,0.2333333333333333
US-2016-140172,2016-03-08,2016-03-13,SP-20650,OFF-AR-10002766,Central,13.9,5,0.0,3.753,0.27
CA-2015-127754,2015-07-26,2015-07-31,CK-12760,FUR-CH-10003199,West,266.352,3,0.2,13.3176,0.05000000000000001
CA-2015-144274,2015-11-23,2015-11-25,PW-19240,TEC-PH-10003012,East,307.98,2,0.0,89.3142,0.29
CA-2015-144274,2015-11-23,2015-11-25,PW-19240,OFF-PA-10001583,East,44.1,6,0.0,20.727,0.47
CA-2015-144274,2015-11-23,2015-11-25,PW-19240,OFF-AR-10001940,East,13.12,4,0.0,5.6416,0.43000000000000005
CA-2015-144274,2015-11-23,2015-11-25,PW-19240,OFF-EN-10003286,East,16.56,2,0.0,7.7832,0.47000000000000003
CA-2015-144274,2015-11-23,2015-11-25,PW-19240,OFF-PA-10003441,East,38.88,6,0.0,18.6624,0.48000000000000004
CA-2015-142930,2015-11-28,2015-12-02,EB-14170,OFF-PA-10003395,Central,335.52,4,0.2,117.432,0.35000000000000003
CA-2017-100622,2017-11-03,2017-11-07,DK-13090,TEC-CO-10003236,South,959.984,2,0.2,311.9948,0.325
CA-2017-100622,2017-11-03,2017-11-07,DK-13090,OFF-BI-10002982,South,4.086,2,0.7,-2.9964,-0.7333333333333333
CA-2017-100622,2017-11-03,2017-11-07,DK-13090,OFF-AR-10004010,South,55.984,2,0.2,4.1988,0.075
CA-2017-100622,2017-11-03,2017-11-07,DK-13090,OFF-PA-10002947,South,10.688,2,0.2,3.7408,0.35
CA-2017-117156,2017-03-21,2017-03-23,TB-21055,OFF-EN-10003845,East,8.856,3,0.2,2.8782,0.325
CA-2015-115399,2015-12-19,2015-12-22,AG-10900,OFF-LA-10003190,East,6.912,3,0.2,2.5056,0.3625
US-2014-157847,2014-04-02,2014-04-06,SC-20020,OFF-PA-10002986,Central,26.72,5,0.2,9.352,0.35000000000000003
US-2014-157847,2014-04-02,2014-04-06,SC-20020,OFF-PA-10001593,Central,33.488,7,0.2,10.465,0.3125
CA-2015-115168,2015-06-05,2015-06-09,BB-11545,OFF-PA-10000528,Central,10.56,2,0.0,4.752,0.44999999999999996
CA-2014-109680,2014-10-06,2014-10-09,VP-21760,OFF-ST-10001932,Central,386.34,2,0.0,54.0876,0.14
CA-2016-167983,2016-08-21,2016-08-24,RP-19270,OFF-BI-10003727,West,33.44,10,0.2,11.704,0.35000000000000003
CA-2015-145324,2015-11-15,2015-11-19,DH-13675,FUR-FU-10002759,South,39.96,2,0.0,14.3856,0.36
CA-2015-153423,2015-06-22,2015-06-27,SW-20455,OFF-BI-10000545,East,1217.568,2,0.2,456.588,0.375
US-2017-132675,2017-09-24,2017-09-28,KF-16285,OFF-ST-10004950,South,15.51,1,0.0,3.8775,0.25
US-2017-132675,2017-09-24,2017-09-28,KF-16285,TEC-PH-10003171,South,89.9,2,0.0,25.172,0.27999999999999997
US-2017-132675,2017-09-24,2017-09-28,KF-16285,OFF-AR-10000614,South,14.28,4,0.0,3.7128,0.26
US-2017-132675,2017-09-24,2017-09-28,KF-16285,OFF-AR-10000034,South,12.72,3,0.0,4.9608,0.38999999999999996
US-2017-132675,2017-09-24,2017-09-28,KF-16285,OFF-LA-10003766,South,15.75,5,0.0,7.56,0.48
CA-2014-153808,2014-04-06,2014-04-10,FH-14275,OFF-AR-10001725,West,70.95,3,0.0,18.447,0.25999999999999995
CA-2014-153808,2014-04-06,2014-04-10,FH-14275,OFF-BI-10002794,West,65.568,2,0.2,23.7684,0.3625
CA-2014-153808,2014-04-06,2014-04-10,FH-14275,TEC-AC-10004171,West,299.97,3,0.0,131.9868,0.43999999999999995
US-2016-112396,2016-02-09,2016-02-13,JR-16210,TEC-AC-10003628,West,89.97,3,0.0,39.5868,0.43999999999999995
US-2016-112396,2016-02-09,2016-02-13,JR-16210,TEC-AC-10004761,West,31.86,2,0.0,11.151,0.35
CA-2014-141173,2014-11-18,2014-11-20,JC-16105,OFF-ST-10000885,Central,67.15,5,0.0,16.7875,0.25
CA-2017-156664,2017-12-18,2017-12-23,BP-11290,OFF-BI-10004209,East,7.236,3,0.7,-6.03,-0.8333333333333334
CA-2017-156664,2017-12-18,2017-12-23,BP-11290,OFF-FA-10002988,East,4.824,3,0.2,1.7487,0.3625
CA-2017-156664,2017-12-18,2017-12-23,BP-11290,OFF-PA-10002222,East,91.36,5,0.2,29.692,0.325
CA-2017-156664,2017-12-18,2017-12-23,BP-11290,OFF-AP-10004487,East,130.112,2,0.2,13.0112,0.1
CA-2015-140718,2015-07-02,2015-07-04,FA-14230,TEC-PH-10003505,South,74.24,1,0.2,8.352,0.11250000000000002
CA-2015-140718,2015-07-02,2015-07-04,FA-14230,FUR-FU-10000076,South,159.84,10,0.2,45.954,0.2875
CA-2015-140718,2015-07-02,2015-07-04,FA-14230,OFF-BI-10004728,South,2.892,2,0.7,-2.3136,-0.8
CA-2015-140718,2015-07-02,2015-07-04,FA-14230,OFF-PA-10002250,South,9.392,2,0.2,3.2872,0.35000000000000003
CA-2014-119977,2014-10-08,2014-10-13,DN-13690,OFF-PA-10003823,East,123.92,4,0.0,55.764,0.45
US-2015-115343,2015-09-22,2015-09-25,FO-14305,OFF-SU-10000898,East,55.6,5,0.2,6.255,0.11249999999999999
US-2015-115343,2015-09-22,2015-09-25,FO-14305,TEC-AC-10003832,East,617.976,3,0.2,-7.7247,-0.0125
CA-2017-163671,2017-12-24,2017-12-30,DP-13105,OFF-BI-10001679,West,21.312,3,0.2,7.992,0.375
CA-2017-135909,2017-10-13,2017-10-20,JW-15220,TEC-AC-10002335,West,209.94,6,0.0,39.8886,0.18999999999999997
CA-2017-135909,2017-10-13,2017-10-20,JW-15220,TEC-PH-10003187,West,31.984,2,0.2,-7.996,-0.25
CA-2017-135909,2017-10-13,2017-10-20,JW-15220,OFF-BI-10003527,West,5083.96,5,0.2,1906.485,0.375
US-2017-114356,2017-08-20,2017-08-26,TT-21460,TEC-PH-10003171,South,35.96,1,0.2,3.596,0.1
CA-2015-125934,2015-09-11,2015-09-18,SN-20560,OFF-LA-10000414,East,31.05,3,0.0,14.904,0.48
CA-2015-125934,2015-09-11,2015-09-18,SN-20560,FUR-FU-10002107,East,8.92,4,0.0,3.9248,0.44
CA-2015-125934,2015-09-11,2015-09-18,SN-20560,OFF-BI-10004593,East,209.6,4,0.0,96.416,0.46
CA-2015-125934,2015-09-11,2015-09-18,SN-20560,OFF-AP-10003860,East,111.04,4,0.0,29.9808,0.26999999999999996
CA-2015-125934,2015-09-11,2015-09-18,SN-20560,OFF-PA-10000556,East,38.88,6,0.0,18.6624,0.48000000000000004
CA-2015-158148,2015-12-20,2015-12-26,JM-15865,OFF-AP-10003281,South,36.27,3,0.0,10.881,0.3
CA-2014-120411,2014-09-20,2014-09-23,SB-20185,FUR-BO-10004218,Central,493.43,5,0.3,-70.49,-0.14285714285714285
CA-2014-120411,2014-09-20,2014-09-23,SB-20185,TEC-PH-10002185,Central,11.12,2,0.2,3.475,0.31250000000000006
CA-2016-158260,2016-11-04,2016-11-08,CC-12475,TEC-MA-10003176,West,686.4,2,0.2,77.22,0.1125
CA-2017-101805,2017-12-01,2017-12-06,SH-19975,OFF-BI-10002003,West,15.92,5,0.2,5.373,0.3375
CA-2017-101805,2017-12-01,2017-12-06,SH-19975,FUR-FU-10000023,West,70.68,12,0.0,31.0992,0.43999999999999995
CA-2017-101805,2017-12-01,2017-12-06,SH-19975,OFF-ST-10002756,West,541.24,4,0.0,5.4124,0.01
US-2014-105137,2014-10-10,2014-10-10,RB-19435,TEC-MA-10002694,East,101.994,2,0.7,-71.3958,-0.7
US-2014-105137,2014-10-10,2014-10-10,RB-19435,OFF-BI-10002429,East,18.264,2,0.7,-13.3936,-0.7333333333333333
CA-2017-142489,2017-11-14,2017-11-16,TC-21295,OFF-BI-10003684,Central,21.99,5,0.8,-32.985,-1.5
US-2016-141264,2016-08-13,2016-08-19,CT-11995,OFF-SU-10003505,Central,185.376,2,0.2,-34.758,-0.1875
US-2016-141264,2016-08-13,2016-08-19,CT-11995,OFF-AP-10002534,Central,58.924,1,0.8,-153.2024,-2.6
CA-2017-126928,2017-09-17,2017-09-23,GZ-14470,TEC-MA-10004626,East,480.0,4,0.0,225.6,0.47
CA-2017-126928,2017-09-17,2017-09-23,GZ-14470,OFF-ST-10000615,East,34.05,3,0.0,9.534,0.28
US-2015-107944,2015-03-23,2015-03-25,AM-10360,OFF-PA-10000659,West,192.72,11,0.0,92.5056,0.48
US-2015-107944,2015-03-23,2015-03-25,AM-10360,TEC-AC-10000736,West,239.97,3,0.0,86.3892,0.36
CA-2016-135594,2016-06-30,2016-07-03,AH-10120,TEC-AC-10003038,Central,50.12,7,0.2,-0.6265,-0.012499999999999999
US-2017-115252,2017-10-20,2017-10-25,MY-18295,TEC-PH-10004071,South,15.984,2,0.2,1.3986,0.08750000000000001
US-2017-115252,2017-10-20,2017-10-25,MY-18295,OFF-PA-10001667,South,14.352,3,0.2,4.485,0.3125
CA-2014-107398,2014-08-25,2014-08-30,BS-11590,OFF-BI-10001982,East,6.528,4,0.7,-4.5696,-0.7000000000000001
CA-2014-107398,2014-08-25,2014-08-30,BS-11590,OFF-BI-10004141,East,2.862,3,0.7,-2.2896,-0.8
CA-2014-107398,2014-08-25,2014-08-30,BS-11590,OFF-BI-10002103,East,20.856,8,0.7,-16.6848,-0.7999999999999999
CA-2014-169642,2014-07-27,2014-07-30,BB-10990,OFF-ST-10002574,West,276.28,2,0.0,0.0,0.0
CA-2017-103968,2017-12-01,2017-12-07,ML-17755,FUR-FU-10003394,West,629.64,9,0.0,107.0388,0.16999999999999998
CA-2016-147256,2016-10-17,2016-10-21,FC-14245,TEC-PH-10003072,Central,449.97,3,0.0,220.4853,0.48999999999999994
CA-2016-147256,2016-10-17,2016-10-21,FC-14245,OFF-AP-10003057,Central,1927.59,7,0.0,751.7601,0.39
CA-2016-162159,2016-09-16,2016-09-18,CR-12625,FUR-CH-10001146,South,121.78,2,0.0,30.445,0.25
CA-2015-111038,2015-12-01,2015-12-06,LC-16960,FUR-CH-10003973,West,2676.672,9,0.2,267.6672,0.09999999999999999
CA-2014-124723,2014-08-05,2014-08-12,GZ-14470,FUR-TA-10001307,Central,489.23,2,0.3,41.934,0.0857142857142857
CA-2016-167241,2016-08-15,2016-08-22,BD-11320,FUR-FU-10004071,West,312.03,3,0.0,43.6842,0.14
CA-2016-167241,2016-08-15,2016-08-22,BD-11320,OFF-ST-10001505,West,17.94,3,0.0,3.0498,0.16999999999999998
CA-2016-167241,2016-08-15,2016-08-22,BD-11320,TEC-PH-10004614,West,165.6,3,0.2,10.35,0.0625
CA-2016-167241,2016-08-15,2016-08-22,BD-11320,OFF-PA-10004911,West,37.52,4,0.0,18.0096,0.4799999999999999
CA-2015-163237,2015-08-07,2015-08-09,EM-14095,TEC-PH-10003601,South,494.97,3,0.0,148.491,0.3
CA-2015-163237,2015-08-07,2015-08-09,EM-14095,OFF-LA-10004545,South,25.06,2,0.0,11.7782,0.47000000000000003
CA-2016-150483,2016-05-31,2016-06-04,BP-11290,FUR-FU-10001379,Central,32.064,3,0.6,-12.8256,-0.39999999999999997
CA-2016-150483,2016-05-31,2016-06-04,BP-11290,OFF-PA-10001846,Central,18.496,4,0.2,6.7048,0.3625
CA-2016-150483,2016-05-31,2016-06-04,BP-11290,FUR-CH-10000422,Central,191.079,3,0.3,-38.2158,-0.2
CA-2016-150483,2016-05-31,2016-06-04,BP-11290,OFF-PA-10004621,Central,10.368,2,0.2,3.6288,0.35
US-2016-126431,2016-07-01,2016-07-01,SU-20665,OFF-LA-10001474,East,30.53,1,0.0,14.0438,0.45999999999999996
US-2016-126431,2016-07-01,2016-07-01,SU-20665,TEC-AC-10001635,East,30.84,3,0.0,6.168,0.2
US-2016-126431,2016-07-01,2016-07-01,SU-20665,OFF-PA-10001950,East,75.06,9,0.0,33.777,0.45
CA-2016-139934,2016-12-18,2016-12-20,AY-10555,TEC-PH-10001552,West,66.976,7,0.2,6.6976,0.1
CA-2015-109603,2015-01-26,2015-02-01,EM-13825,OFF-PA-10003790,West,182.72,8,0.0,84.0512,0.45999999999999996
CA-2017-160661,2017-10-28,2017-11-01,SA-20830,OFF-LA-10002475,East,21.93,3,0.0,10.3071,0.47000000000000003
CA-2017-102610,2017-11-04,2017-11-08,CA-12265,TEC-AC-10000303,South,95.976,3,0.2,15.5961,0.1625
CA-2017-102610,2017-11-04,2017-11-08,CA-12265,TEC-PH-10000127,South,143.928,9,0.2,-32.3838,-0.225
CA-2017-102610,2017-11-04,2017-11-08,CA-12265,OFF-BI-10004364,South,3.564,2,0.7,-2.97,-0.8333333333333334
CA-2017-102610,2017-11-04,2017-11-08,CA-12265,OFF-LA-10002195,South,4.928,2,0.2,1.7248,0.35000000000000003
US-2016-144057,2016-05-09,2016-05-13,CV-12805,OFF-ST-10001490,Central,856.656,6,0.2,107.082,0.125
US-2016-144057,2016-05-09,2016-05-13,CV-12805,OFF-BI-10002852,Central,13.184,4,0.8,-20.4352,-1.55
US-2016-144057,2016-05-09,2016-05-13,CV-12805,OFF-AP-10000390,Central,48.784,4,0.8,-131.7168,-2.7
US-2016-144057,2016-05-09,2016-05-13,CV-12805,OFF-PA-10004327,Central,76.64,2,0.2,26.824,0.35000000000000003
US-2016-144057,2016-05-09,2016-05-13,CV-12805,OFF-BI-10002353,Central,18.528,6,0.8,-27.792,-1.5000000000000002
CA-2014-160276,2014-04-02,2014-04-08,AH-10690,FUR-FU-10003192,South,177.68,2,0.0,46.1968,0.26
CA-2014-132983,2014-04-28,2014-05-03,DS-13180,TEC-AC-10000736,East,159.98,2,0.0,57.5928,0.36
CA-2016-145709,2016-10-04,2016-10-08,AH-10690,TEC-PH-10003095,South,52.68,3,0.2,19.755,0.375
CA-2016-145709,2016-10-04,2016-10-08,AH-10690,FUR-FU-10002885,South,11.568,3,0.2,2.6028,0.22499999999999998
CA-2017-133928,2017-06-11,2017-06-17,ZC-21910,OFF-BI-10001525,South,4.572,4,0.7,-3.81,-0.8333333333333334
CA-2016-168032,2016-01-30,2016-02-03,DF-13135,TEC-PH-10004241,Central,1439.968,4,0.2,143.9968,0.1
CA-2016-168032,2016-01-30,2016-02-03,DF-13135,OFF-BI-10000546,Central,1.728,3,0.8,-2.6784,-1.55
CA-2016-168032,2016-01-30,2016-02-03,DF-13135,FUR-TA-10004256,Central,626.1,3,0.5,-538.446,-0.86
CA-2015-143616,2015-09-27,2015-09-29,SS-20140,OFF-AR-10002067,West,99.2,5,0.0,25.792,0.26
US-2015-168704,2015-04-13,2015-04-17,FP-14320,FUR-TA-10000688,Central,609.98,4,0.3,-113.282,-0.1857142857142857
US-2015-168704,2015-04-13,2015-04-17,FP-14320,FUR-TA-10002530,Central,211.372,2,0.3,-45.294,-0.21428571428571425
US-2015-168704,2015-04-13,2015-04-17,FP-14320,TEC-PH-10001061,Central,239.976,3,0.2,17.9982,0.075
CA-2017-143252,2017-12-18,2017-12-24,HE-14800,FUR-FU-10001057,Central,99.95,5,0.0,22.9885,0.22999999999999998
CA-2017-143252,2017-12-18,2017-12-24,HE-14800,TEC-AC-10002331,Central,29.34,3,0.0,10.8558,0.37
CA-2016-102134,2016-03-14,2016-03-19,SP-20545,FUR-FU-10003724,Central,16.74,2,0.0,4.3524,0.26000000000000006
CA-2017-130036,2017-08-27,2017-08-27,BP-11185,OFF-PA-10000528,East,12.672,3,0.2,3.96,0.3125
CA-2017-130036,2017-08-27,2017-08-27,BP-11185,TEC-AC-10001908,East,1119.888,14,0.2,209.979,0.18750000000000003
CA-2015-134117,2015-12-17,2015-12-19,PG-18895,OFF-AR-10003903,West,204.85,5,0.0,53.261,0.26
CA-2015-134117,2015-12-17,2015-12-19,PG-18895,TEC-PH-10004908,West,135.984,2,0.2,16.998,0.125
CA-2015-134117,2015-12-17,2015-12-19,PG-18895,OFF-AR-10001940,West,16.4,5,0.0,7.052,0.43
CA-2015-134117,2015-12-17,2015-12-19,PG-18895,OFF-BI-10002026,West,92.96,2,0.2,31.374,0.3375
CA-2014-130918,2014-08-22,2014-08-24,JP-15520,OFF-SU-10003936,South,7.632,3,0.2,-1.8126,-0.23750000000000002
CA-2016-159023,2016-11-03,2016-11-05,NW-18400,OFF-BI-10002813,West,4.158,7,0.7,-3.465,-0.8333333333333333
CA-2016-159023,2016-11-03,2016-11-05,NW-18400,TEC-MA-10003337,West,179.991,3,0.7,-251.9874,-1.4
CA-2017-111717,2017-10-10,2017-10-16,SW-20245,FUR-CH-10001545,Central,239.358,3,0.3,-47.8716,-0.2
CA-2014-154592,2014-12-07,2014-12-08,EH-14005,OFF-PA-10000062,West,164.88,3,0.0,80.7912,0.49000000000000005
CA-2014-128622,2014-11-15,2014-11-17,SC-20260,OFF-SU-10001574,West,10.95,3,0.0,3.285,0.30000000000000004
CA-2017-148355,2017-12-24,2017-12-28,NC-18535,OFF-PA-10001972,East,19.44,3,0.0,9.3312,0.48000000000000004
CA-2017-148355,2017-12-24,2017-12-28,NC-18535,OFF-BI-10000201,East,12.3,5,0.0,6.15,0.5
CA-2014-132913,2014-12-24,2014-12-26,AS-10090,OFF-AP-10003278,West,13.97,1,0.0,3.6322,0.26
CA-2017-150910,2017-12-22,2017-12-28,JL-15130,FUR-TA-10002903,South,934.956,6,0.4,-249.3216,-0.26666666666666666
CA-2017-150910,2017-12-22,2017-12-28,JL-15130,TEC-AC-10001013,South,46.864,2,0.2,7.6154,0.1625
CA-2017-150910,2017-12-22,2017-12-28,JL-15130,OFF-ST-10000918,South,26.16,3,0.2,1.962,0.075
CA-2017-150910,2017-12-22,2017-12-28,JL-15130,OFF-AR-10001419,South,23.128,7,0.2,2.891,0.125
CA-2017-150910,2017-12-22,2017-12-28,JL-15130,OFF-AP-10003266,South,59.24,5,0.2,16.291,0.275
CA-2014-156790,2014-08-08,2014-08-10,VG-21790,FUR-BO-10000468,South,155.456,4,0.2,-7.7728,-0.05
CA-2014-126480,2014-09-20,2014-09-24,HG-14965,OFF-PA-10004610,West,8.56,2,0.0,3.852,0.44999999999999996
CA-2017-105620,2017-12-25,2017-12-28,JH-15430,FUR-FU-10004963,South,21.0,3,0.2,5.775,0.275
CA-2017-105620,2017-12-25,2017-12-28,JH-15430,TEC-MA-10004626,South,120.0,2,0.5,-7.2,-0.060000000000000005
CA-2017-150266,2017-11-25,2017-11-30,RO-19780,TEC-PH-10003437,Central,299.96,5,0.2,37.495,0.125
CA-2017-150266,2017-11-25,2017-11-30,RO-19780,OFF-AP-10002867,Central,67.84,5,0.8,-179.776,-2.65
CA-2017-150266,2017-11-25,2017-11-30,RO-19780,FUR-CH-10002126,Central,853.93,5,0.3,-24.398,-0.028571428571428574
CA-2017-150266,2017-11-25,2017-11-30,RO-19780,OFF-AR-10001761,Central,18.688,4,0.2,3.7376,0.2
CA-2016-157280,2016-11-05,2016-11-07,LW-17125,FUR-FU-10004665,South,273.96,2,0.0,71.2296,0.26000000000000006
CA-2016-157280,2016-11-05,2016-11-07,LW-17125,TEC-AC-10000057,South,89.97,3,0.0,18.8937,0.21
CA-2016-157280,2016-11-05,2016-11-07,LW-17125,FUR-FU-10003806,South,756.8,5,0.0,75.68,0.10000000000000002
CA-2017-106691,2017-11-06,2017-11-12,CC-12370,OFF-BI-10000145,Central,1.248,2,0.8,-1.9344,-1.5499999999999998
CA-2016-134180,2016-11-03,2016-11-07,JP-16135,TEC-AC-10000892,East,72.0,1,0.2,14.4,0.2
CA-2016-134180,2016-11-03,2016-11-07,JP-16135,FUR-CH-10004886,East,470.155,7,0.3,-13.433,-0.028571428571428574
CA-2014-166730,2014-12-30,2015-01-01,DD-13570,OFF-ST-10002554,South,39.128,1,0.2,-8.8038,-0.225
CA-2017-157469,2017-12-02,2017-12-07,ES-14080,OFF-AR-10001662,East,19.728,9,0.2,1.7262,0.0875
CA-2017-157469,2017-12-02,2017-12-07,ES-14080,TEC-PH-10004531,East,151.188,2,0.4,-25.198,-0.16666666666666669
CA-2017-122308,2017-03-24,2017-03-28,MV-17485,FUR-CH-10000665,East,271.764,2,0.1,60.392,0.22222222222222224
US-2014-149034,2014-11-19,2014-11-21,RD-19900,TEC-AC-10003023,East,47.496,1,0.2,-1.1874,-0.024999999999999998
CA-2017-159226,2017-04-25,2017-04-27,RL-19615,FUR-BO-10004709,West,344.981,7,0.15,28.4102,0.08235294117647059
CA-2017-156622,2017-11-23,2017-11-26,JP-15460,OFF-PA-10000477,Central,36.288,7,0.2,12.7008,0.35000000000000003
CA-2017-156622,2017-11-23,2017-11-26,JP-15460,OFF-PA-10002923,Central,78.304,2,0.2,29.364,0.375
CA-2017-156622,2017-11-23,2017-11-26,JP-15460,FUR-TA-10003008,Central,127.785,1,0.3,-31.0335,-0.24285714285714285
CA-2017-156622,2017-11-23,2017-11-26,JP-15460,OFF-BI-10003707,Central,6.104,2,0.8,-9.156,-1.5
CA-2014-119529,2014-11-03,2014-11-05,DM-13345,OFF-BI-10000546,East,5.76,2,0.0,2.8224,0.49000000000000005
CA-2015-150413,2015-10-19,2015-10-24,CS-11860,OFF-BI-10000404,Central,1.72,1,0.8,-2.838,-1.6500000000000001
CA-2014-108182,2014-02-06,2014-02-10,DL-13315,OFF-BI-10001196,Central,8.952,2,0.8,-14.7708,-1.65
CA-2016-110898,2016-03-06,2016-03-12,LC-16870,OFF-AP-10001626,Central,2.334,3,0.8,-6.3018,-2.6999999999999997
CA-2016-110898,2016-03-06,2016-03-12,LC-16870,OFF-BI-10004656,Central,1.728,4,0.8,-2.7648,-1.6
CA-2016-110898,2016-03-06,2016-03-12,LC-16870,FUR-FU-10003773,Central,159.04,5,0.6,-194.824,-1.225
CA-2016-110898,2016-03-06,2016-03-12,LC-16870,FUR-TA-10000849,Central,145.98,2,0.5,-99.2664,-0.68
CA-2015-123092,2015-12-03,2015-12-07,JG-15115,FUR-FU-10000222,South,77.952,3,0.2,12.6672,0.1625
CA-2015-123092,2015-12-03,2015-12-07,JG-15115,OFF-BI-10001718,South,95.97,5,0.7,-73.577,-0.7666666666666666
CA-2015-123092,2015-12-03,2015-12-07,JG-15115,TEC-PH-10001700,South,105.584,2,0.2,9.2386,0.0875
CA-2015-123092,2015-12-03,2015-12-07,JG-15115,OFF-AR-10004078,South,9.344,2,0.2,1.168,0.125
US-2015-128587,2015-12-24,2015-12-30,HM-14860,FUR-FU-10003026,Central,9.68,2,0.0,3.7752,0.39
US-2015-128587,2015-12-24,2015-12-30,HM-14860,TEC-CO-10003763,Central,4899.93,7,0.0,2302.9671,0.4699999999999999
US-2017-139577,2017-10-01,2017-10-06,TN-21040,TEC-AC-10004708,West,104.75,5,0.0,21.9975,0.21
CA-2017-159100,2017-10-16,2017-10-21,VP-21760,TEC-AC-10003499,South,18.528,2,0.2,4.4004,0.23750000000000004
CA-2017-159100,2017-10-16,2017-10-21,VP-21760,FUR-TA-10001950,South,1875.258,7,0.4,-968.8833,-0.5166666666666666
CA-2014-109043,2014-08-15,2014-08-17,CS-12355,OFF-PA-10000312,South,91.36,5,0.2,29.692,0.325
CA-2014-109043,2014-08-15,2014-08-17,CS-12355,OFF-AP-10004708,South,152.24,5,0.2,17.127,0.11249999999999999
US-2017-116491,2017-11-11,2017-11-13,PG-18820,TEC-PH-10004531,Central,35.184,2,0.2,12.3144,0.35
CA-2017-122763,2017-03-20,2017-03-20,HG-14845,OFF-PA-10000474,Central,56.704,2,0.2,19.1376,0.33749999999999997
CA-2017-122763,2017-03-20,2017-03-20,HG-14845,OFF-PA-10002377,Central,274.064,7,0.2,102.774,0.375
CA-2017-137785,2017-05-13,2017-05-17,MH-18115,FUR-CH-10001482,East,458.43,5,0.3,-124.431,-0.2714285714285714
CA-2014-133389,2014-06-22,2014-06-22,TB-21280,OFF-BI-10001553,West,8.226,3,0.7,-6.0324,-0.7333333333333333
CA-2014-103807,2014-12-02,2014-12-09,EM-13825,TEC-AC-10000199,South,5.95,1,0.0,0.833,0.13999999999999999
CA-2014-103807,2014-12-02,2014-12-09,EM-13825,OFF-PA-10002195,South,15.24,3,0.0,7.1628,0.47
CA-2015-102855,2015-04-05,2015-04-06,JF-15415,TEC-AC-10001767,West,239.94,6,0.0,26.3934,0.11
CA-2015-102855,2015-04-05,2015-04-06,JF-15415,OFF-AR-10002467,West,23.84,8,0.0,6.4368,0.27
CA-2017-107825,2017-11-18,2017-11-18,NB-18655,OFF-ST-10001321,Central,92.52,6,0.0,24.9804,0.27
CA-2017-107825,2017-11-18,2017-11-18,NB-18655,OFF-ST-10000777,Central,37.76,1,0.0,10.5728,0.28
CA-2017-107825,2017-11-18,2017-11-18,NB-18655,OFF-LA-10003720,Central,7.38,2,0.0,3.4686,0.47
CA-2017-107825,2017-11-18,2017-11-18,NB-18655,FUR-FU-10000206,Central,5.82,2,0.0,2.7354,0.47
CA-2017-106047,2017-07-12,2017-07-18,CS-11860,OFF-PA-10000791,East,3.816,1,0.2,1.1925,0.3125
CA-2017-127803,2017-05-19,2017-05-23,ND-18460,OFF-BI-10001787,South,26.16,4,0.0,12.8184,0.49
CA-2015-137071,2015-12-20,2015-12-21,ED-13885,TEC-AC-10004353,Central,100.8,2,0.2,21.42,0.21250000000000002
CA-2016-121447,2016-02-21,2016-02-22,EA-14035,FUR-FU-10001861,East,135.8,7,0.0,66.542,0.49
CA-2017-143084,2017-03-18,2017-03-22,BP-11050,OFF-AR-10002766,West,13.9,5,0.0,3.753,0.27
CA-2017-143084,2017-03-18,2017-03-22,BP-11050,OFF-EN-10003072,West,19.4,5,0.0,9.312,0.48
CA-2016-131639,2016-12-17,2016-12-23,NS-18640,OFF-BI-10001636,West,13.488,2,0.2,4.3836,0.32500000000000007
CA-2016-131639,2016-12-17,2016-12-23,NS-18640,OFF-BI-10000948,West,11.416,1,0.2,3.8529,0.33749999999999997
CA-2016-161361,2016-03-26,2016-03-28,MV-17485,OFF-PA-10001838,West,17.64,3,0.0,8.6436,0.48999999999999994
CA-2016-161361,2016-03-26,2016-03-28,MV-17485,OFF-BI-10002215,West,17.04,3,0.2,5.538,0.325
CA-2014-100706,2014-12-16,2014-12-18,LE-16810,TEC-AC-10001314,South,99.98,2,0.0,7.9984,0.08
CA-2014-100706,2014-12-16,2014-12-18,LE-16810,FUR-FU-10002268,South,29.46,6,0.0,9.7218,0.33
CA-2015-129525,2015-11-15,2015-11-20,VP-21760,OFF-BI-10002133,East,166.92,13,0.7,-116.844,-0.7000000000000001
US-2016-141880,2016-08-22,2016-08-23,TC-21475,FUR-FU-10001979,West,98.328,3,0.2,9.8328,0.1
CA-2015-165799,2015-06-29,2015-07-02,SG-20470,FUR-CH-10001482,East,117.882,1,0.1,1.3098,0.011111111111111112
CA-2016-102127,2016-06-26,2016-07-02,VP-21760,TEC-AC-10002018,East,20.97,3,0.0,9.0171,0.43
CA-2016-102127,2016-06-26,2016-07-02,VP-21760,TEC-AC-10000397,East,139.96,4,0.0,9.7972,0.06999999999999999
CA-2016-102127,2016-06-26,2016-07-02,VP-21760,FUR-FU-10003976,East,37.74,3,0.0,12.8316,0.33999999999999997
US-2016-152415,2016-09-17,2016-09-22,PO-18865,FUR-FU-10002597,East,14.82,3,0.0,6.2244,0.42
US-2016-152415,2016-09-17,2016-09-22,PO-18865,FUR-FU-10004864,East,191.82,3,0.0,61.3824,0.32
CA-2014-138198,2014-07-18,2014-07-23,JL-15130,OFF-BI-10002103,East,13.904,2,0.2,4.5188,0.32499999999999996
CA-2017-128041,2017-09-01,2017-09-01,RW-19540,OFF-AP-10001005,West,314.6,4,0.0,103.818,0.32999999999999996
CA-2017-128041,2017-09-01,2017-09-01,RW-19540,FUR-TA-10002607,West,283.56,4,0.0,45.3696,0.16
CA-2017-105823,2017-06-22,2017-06-26,RB-19465,FUR-CH-10000454,Central,487.96,2,0.0,146.388,0.30000000000000004
CA-2014-152268,2014-09-02,2014-09-07,SC-20095,OFF-BI-10001359,South,1793.98,2,0.0,843.1706,0.47000000000000003
CA-2015-148873,2015-10-01,2015-10-05,EM-13960,OFF-BI-10003196,Central,2.992,4,0.8,-4.488,-1.5000000000000002
CA-2015-148873,2015-10-01,2015-10-05,EM-13960,TEC-AC-10003657,Central,108.768,4,0.2,2.7192,0.024999999999999998
CA-2015-166492,2015-04-07,2015-04-10,RP-19390,OFF-PA-10002262,East,25.92,4,0.0,12.4416,0.4799999999999999
CA-2015-166492,2015-04-07,2015-04-10,RP-19390,OFF-ST-10002214,East,22.58,2,0.0,5.8708,0.26
CA-2017-157420,2017-11-21,2017-11-21,HZ-14950,TEC-PH-10003555,Central,55.176,3,0.2,-12.4146,-0.225
CA-2016-117121,2016-12-17,2016-12-21,AB-10105,OFF-BI-10000545,Central,9892.74,13,0.0,4946.37,0.5
CA-2014-138177,2014-09-19,2014-09-24,ND-18460,FUR-TA-10004607,West,73.915,1,0.5,-45.8273,-0.62
CA-2014-114335,2014-09-28,2014-10-03,XP-21865,FUR-FU-10000277,South,337.088,4,0.2,16.8544,0.04999999999999999
CA-2015-168760,2015-09-22,2015-09-26,MM-18280,OFF-AP-10004532,West,61.44,3,0.0,16.5888,0.27
CA-2016-168830,2016-11-07,2016-11-13,ML-17395,TEC-AC-10003911,West,479.97,3,0.0,163.1898,0.33999999999999997
CA-2017-137463,2017-12-16,2017-12-20,KM-16225,OFF-BI-10003196,West,5.984,2,0.2,2.244,0.37500000000000006
CA-2017-137463,2017-12-16,2017-12-20,KM-16225,TEC-AC-10000358,West,189.95,5,0.0,45.588,0.24000000000000002
CA-2017-137463,2017-12-16,2017-12-20,KM-16225,TEC-AC-10000057,West,149.95,5,0.0,31.4895,0.21000000000000002
CA-2017-137463,2017-12-16,2017-12-20,KM-16225,OFF-AR-10001988,West,29.95,5,0.0,8.6855,0.29
CA-2017-137463,2017-12-16,2017-12-20,KM-16225,OFF-LA-10003498,West,44.4,3,0.0,22.2,0.5
CA-2014-124513,2014-09-21,2014-09-25,SL-20155,OFF-AR-10002956,East,66.03,3,0.0,17.1678,0.26
CA-2015-165554,2015-05-18,2015-05-22,AJ-10780,OFF-PA-10003724,West,10.86,2,0.0,5.3214,0.49
CA-2014-141838,2014-03-26,2014-03-31,DK-12835,OFF-AR-10004272,West,3.36,2,0.0,0.84,0.25
CA-2014-141838,2014-03-26,2014-03-31,DK-12835,OFF-BI-10003291,West,27.936,4,0.2,9.4284,0.3375
CA-2014-141838,2014-03-26,2014-03-31,DK-12835,TEC-PH-10004100,West,28.784,2,0.2,2.8784,0.1
CA-2017-117009,2017-09-22,2017-09-28,BK-11260,OFF-SU-10001218,West,21.96,2,0.0,6.1488,0.27999999999999997
CA-2015-128993,2015-09-12,2015-09-17,CC-12670,TEC-AC-10004209,West,21.98,2,0.0,8.5722,0.39
CA-2015-160227,2015-11-02,2015-11-04,ED-13885,FUR-CH-10002073,East,2621.322,11,0.1,553.3902,0.2111111111111111
CA-2015-149097,2015-10-20,2015-10-24,SV-20785,FUR-FU-10003424,West,74.76,7,0.0,23.9232,0.32
CA-2015-149097,2015-10-20,2015-10-24,SV-20785,FUR-TA-10001086,West,364.776,3,0.2,27.3582,0.075
CA-2016-132304,2016-06-14,2016-06-18,AR-10825,FUR-TA-10004619,West,1115.17,7,0.0,334.551,0.3
CA-2015-136420,2015-11-20,2015-11-21,CS-12250,OFF-BI-10002854,West,89.696,4,0.2,33.636,0.37500000000000006
CA-2015-136420,2015-11-20,2015-11-21,CS-12250,OFF-LA-10002762,West,50.12,4,0.0,23.5564,0.47000000000000003
CA-2016-101623,2016-02-28,2016-03-06,RR-19525,OFF-FA-10003495,East,36.48,6,0.0,18.24,0.5
US-2014-151015,2014-10-14,2014-10-20,BD-11500,OFF-PA-10002581,Central,322.192,13,0.2,100.685,0.3125
US-2014-151015,2014-10-14,2014-10-20,BD-11500,OFF-BI-10000343,Central,2.946,3,0.8,-4.8609,-1.65
US-2014-151015,2014-10-14,2014-10-20,BD-11500,OFF-PA-10001184,Central,19.136,4,0.2,6.9368,0.3625
CA-2017-152968,2017-05-26,2017-05-30,BM-11785,TEC-AC-10000521,South,23.08,2,0.0,6.924,0.30000000000000004
CA-2016-150077,2016-02-04,2016-02-10,MS-17365,TEC-PH-10002890,East,90.48,2,0.0,23.5248,0.25999999999999995
CA-2016-106278,2016-09-02,2016-09-05,BM-11140,FUR-CH-10003061,West,215.976,3,0.2,-2.6997,-0.0125
CA-2016-106278,2016-09-02,2016-09-05,BM-11140,OFF-EN-10003567,West,65.94,3,0.0,30.9918,0.47000000000000003
CA-2017-147550,2017-12-04,2017-12-05,KE-16420,FUR-FU-10001918,East,11.352,3,0.2,2.6961,0.2375
CA-2015-136105,2015-06-12,2015-06-16,SZ-20035,OFF-ST-10002444,Central,24.56,2,0.0,6.8768,0.28
CA-2016-142524,2016-09-04,2016-09-08,MB-18085,OFF-EN-10003286,Central,16.56,2,0.0,7.7832,0.47000000000000003
CA-2016-142524,2016-09-04,2016-09-08,MB-18085,TEC-AC-10000109,Central,279.95,5,0.0,67.188,0.24000000000000002
CA-2014-136336,2014-04-21,2014-04-26,DB-13555,OFF-ST-10002574,South,828.84,6,0.0,0.0,0.0
US-2015-136259,2015-11-05,2015-11-08,CB-12415,OFF-BI-10000773,East,7.218,3,0.7,-5.5338,-0.7666666666666667
US-2015-136259,2015-11-05,2015-11-08,CB-12415,OFF-SU-10004661,East,27.2,4,0.2,2.04,0.075
US-2014-124625,2014-11-03,2014-11-07,SP-20650,TEC-AC-10003280,Central,89.97,3,0.0,18.8937,0.21
CA-2016-108105,2016-02-16,2016-02-23,GW-14605,FUR-FU-10003773,South,318.08,4,0.0,34.9888,0.11
CA-2016-108105,2016-02-16,2016-02-23,GW-14605,OFF-BI-10002412,South,5.8,1,0.0,2.61,0.45
CA-2017-166898,2017-09-11,2017-09-13,KH-16630,TEC-PH-10002564,West,143.952,6,0.2,17.994,0.125
CA-2017-166898,2017-09-11,2017-09-13,KH-16630,OFF-PA-10002262,West,19.44,3,0.0,9.3312,0.48000000000000004
CA-2017-169005,2017-11-02,2017-11-06,BG-11035,OFF-AR-10000246,South,5.56,2,0.0,1.4456,0.26
CA-2015-104038,2015-02-06,2015-02-08,LO-17170,OFF-ST-10002554,South,146.73,3,0.0,2.9346,0.02
CA-2015-104038,2015-02-06,2015-02-08,LO-17170,OFF-PA-10002751,South,29.9,5,0.0,13.455,0.45
CA-2016-126102,2016-09-10,2016-09-12,DV-13465,OFF-BI-10004318,West,276.784,2,0.2,89.9548,0.325
CA-2016-143406,2016-09-26,2016-09-30,LR-17035,OFF-AP-10001564,Central,93.032,2,0.8,-251.1864,-2.7
CA-2016-143406,2016-09-26,2016-09-30,LR-17035,FUR-CH-10000513,Central,454.965,5,0.3,-136.4895,-0.3
CA-2015-150308,2015-12-15,2015-12-20,RR-19525,TEC-PH-10001433,South,246.168,3,0.2,21.5397,0.0875
CA-2016-131093,2016-09-17,2016-09-20,TS-21610,OFF-ST-10002790,East,295.4,5,0.2,-62.7725,-0.21250000000000002
US-2017-148831,2017-10-13,2017-10-15,AH-10210,OFF-ST-10002974,South,348.56,8,0.0,104.568,0.3
CA-2015-162950,2015-06-28,2015-07-03,DW-13585,OFF-PA-10003177,East,15.552,3,0.2,5.4432,0.35000000000000003
CA-2015-162950,2015-06-28,2015-07-03,DW-13585,FUR-BO-10001918,East,482.94,6,0.5,-376.6932,-0.78
US-2015-132836,2015-06-01,2015-06-05,AJ-10945,TEC-PH-10001299,Central,299.98,2,0.0,83.9944,0.27999999999999997
US-2015-132836,2015-06-01,2015-06-05,AJ-10945,OFF-BI-10004224,Central,403.68,6,0.0,181.656,0.45
US-2015-132836,2015-06-01,2015-06-05,AJ-10945,TEC-PH-10001300,Central,41.9,2,0.0,11.732,0.27999999999999997
US-2015-132836,2015-06-01,2015-06-05,AJ-10945,OFF-LA-10004178,Central,28.91,7,0.0,13.2986,0.46
US-2014-158365,2014-04-12,2014-04-17,SV-20785,OFF-PA-10000289,Central,32.4,5,0.0,15.552,0.48
CA-2017-152933,2017-10-12,2017-10-16,MG-17650,TEC-PH-10002085,Central,369.544,7,0.2,27.7158,0.07500000000000001
CA-2017-152933,2017-10-12,2017-10-16,MG-17650,OFF-PA-10001934,Central,10.368,2,0.2,3.7584,0.3625
CA-2017-152933,2017-10-12,2017-10-16,MG-17650,TEC-AC-10003033,Central,791.88,3,0.2,128.6805,0.1625
CA-2015-163181,2015-11-07,2015-11-12,AB-10105,OFF-AR-10001683,Central,23.64,3,0.2,5.319,0.225
CA-2015-163181,2015-11-07,2015-11-12,AB-10105,OFF-ST-10001713,Central,84.784,2,0.2,-16.9568,-0.2
CA-2015-163181,2015-11-07,2015-11-12,AB-10105,FUR-FU-10000193,Central,64.96,5,0.6,-84.448,-1.3
CA-2015-163181,2015-11-07,2015-11-12,AB-10105,OFF-BI-10000474,Central,32.06,10,0.8,-51.296,-1.5999999999999999
CA-2015-163181,2015-11-07,2015-11-12,AB-10105,OFF-ST-10000129,Central,177.648,2,0.2,-28.8678,-0.1625
CA-2015-163181,2015-11-07,2015-11-12,AB-10105,TEC-MA-10001016,Central,287.91,3,0.4,33.5895,0.11666666666666665
CA-2015-132941,2015-05-25,2015-05-28,MM-18280,OFF-SU-10002557,Central,22.368,2,0.2,1.6776,0.075
CA-2015-132941,2015-05-25,2015-05-28,MM-18280,OFF-PA-10002160,Central,32.368,7,0.2,11.7334,0.3625
CA-2015-132941,2015-05-25,2015-05-28,MM-18280,TEC-AC-10003095,Central,207.984,2,0.2,36.3972,0.175
CA-2014-132010,2014-10-13,2014-10-15,MA-17995,OFF-EN-10003160,South,36.4,5,0.0,17.472,0.48000000000000004
CA-2014-132010,2014-10-13,2014-10-15,MA-17995,TEC-AC-10001542,South,22.96,2,0.0,4.3624,0.19
CA-2014-132010,2014-10-13,2014-10-15,MA-17995,OFF-ST-10003641,South,315.2,4,0.0,6.304,0.02
CA-2014-132010,2014-10-13,2014-10-15,MA-17995,OFF-BI-10002432,South,15.18,3,0.0,7.1346,0.47
CA-2016-135461,2016-02-07,2016-02-10,EB-13975,TEC-PH-10004094,West,623.96,5,0.2,38.9975,0.0625
CA-2017-153045,2017-01-19,2017-01-24,NS-18505,TEC-PH-10001817,East,429.6,2,0.4,-93.08,-0.21666666666666665
CA-2017-153045,2017-01-19,2017-01-24,NS-18505,FUR-FU-10002759,East,31.968,2,0.2,6.3936,0.2
CA-2017-153045,2017-01-19,2017-01-24,NS-18505,FUR-CH-10000309,East,887.271,3,0.3,-63.3765,-0.07142857142857144
CA-2017-153045,2017-01-19,2017-01-24,NS-18505,OFF-PA-10003673,East,21.696,4,0.2,7.0512,0.32499999999999996
US-2016-155971,2016-06-06,2016-06-12,RB-19795,OFF-LA-10000452,West,22.05,7,0.0,10.584,0.48
US-2016-155971,2016-06-06,2016-06-12,RB-19795,OFF-PA-10000210,West,99.9,5,0.0,46.953,0.47000000000000003
CA-2017-122007,2017-03-18,2017-03-20,JK-15325,OFF-AP-10000358,West,90.86,7,0.0,26.3494,0.29
CA-2017-162250,2017-11-24,2017-11-24,PR-18880,OFF-PA-10002137,West,7.78,1,0.0,3.501,0.44999999999999996
US-2016-158288,2016-11-26,2016-11-28,EH-13945,OFF-BI-10003364,East,78.759,9,0.7,-57.7566,-0.7333333333333333
CA-2016-128916,2016-08-18,2016-08-20,MA-17560,FUR-FU-10001940,Central,9.552,3,0.6,-3.8208,-0.4
CA-2016-128916,2016-08-18,2016-08-20,MA-17560,FUR-FU-10000320,Central,5.344,4,0.6,-2.1376,-0.39999999999999997
CA-2015-157028,2015-11-28,2015-12-03,MA-17995,OFF-AR-10004441,West,8.28,2,0.0,3.4776,0.42
CA-2017-112473,2017-05-25,2017-06-01,JL-15505,OFF-ST-10002182,Central,50.136,3,0.2,-11.2806,-0.22499999999999998
US-2017-147655,2017-09-04,2017-09-05,AS-10045,OFF-BI-10002931,West,88.074,7,0.7,-58.716,-0.6666666666666667
CA-2016-130911,2016-03-24,2016-03-26,DC-12850,FUR-BO-10004357,East,301.47,3,0.5,-241.176,-0.7999999999999999
CA-2016-130911,2016-03-24,2016-03-26,DC-12850,OFF-AR-10000475,East,18.656,2,0.2,1.6324,0.08750000000000001
CA-2017-100055,2017-05-28,2017-06-01,MD-17860,FUR-FU-10001473,East,27.46,2,0.0,9.8856,0.36
CA-2017-100055,2017-05-28,2017-06-01,MD-17860,OFF-AP-10001469,East,125.13,3,0.0,36.2877,0.29000000000000004
CA-2015-157805,2015-08-31,2015-09-04,RH-19510,TEC-PH-10004447,West,555.96,5,0.2,41.697,0.075
CA-2016-124254,2016-04-12,2016-04-17,TB-21175,OFF-ST-10001469,South,129.552,3,0.2,-22.6716,-0.17500000000000002
CA-2016-124254,2016-04-12,2016-04-17,TB-21175,OFF-ST-10000060,South,51.984,1,0.2,-5.1984,-0.1
CA-2016-124254,2016-04-12,2016-04-17,TB-21175,OFF-PA-10000807,South,10.272,3,0.2,3.4668,0.3375
CA-2014-123400,2014-02-02,2014-02-09,EB-13930,OFF-BI-10000666,South,18.336,2,0.7,-12.224,-0.6666666666666667
CA-2014-123400,2014-02-02,2014-02-09,EB-13930,TEC-PH-10002890,South,180.96,5,0.2,13.572,0.075
CA-2014-106971,2014-09-02,2014-09-08,BM-11785,TEC-AC-10000844,Central,475.944,7,0.2,95.1888,0.19999999999999998
CA-2017-123029,2017-09-30,2017-10-02,BT-11530,TEC-AC-10002402,West,159.98,2,0.0,47.994,0.30000000000000004
CA-2016-139409,2016-09-05,2016-09-07,FW-14395,TEC-PH-10003988,East,43.6,4,0.0,12.208,0.27999999999999997
US-2017-166688,2017-05-20,2017-05-26,RD-19480,OFF-BI-10004040,West,8.288,2,0.2,3.0044,0.3625
US-2017-166688,2017-05-20,2017-05-26,RD-19480,TEC-PH-10004094,West,1123.128,9,0.2,70.1955,0.0625
US-2017-166688,2017-05-20,2017-05-26,RD-19480,OFF-AP-10000358,West,64.9,5,0.0,18.821,0.29
CA-2015-126970,2015-09-20,2015-09-24,TP-21130,OFF-BI-10000138,Central,2.808,3,0.8,-4.4928,-1.6
US-2016-165505,2016-01-23,2016-01-27,CB-12535,TEC-AC-10002926,East,99.98,2,0.0,42.9914,0.43
US-2016-165505,2016-01-23,2016-01-27,CB-12535,OFF-AR-10003477,East,8.04,6,0.0,2.7336,0.34
US-2016-165505,2016-01-23,2016-01-27,CB-12535,OFF-ST-10001526,East,1564.29,13,0.0,406.7154,0.26
US-2014-157070,2014-06-01,2014-06-06,QJ-19255,OFF-BI-10001765,Central,138.56,4,0.0,66.5088,0.4799999999999999
US-2014-157070,2014-06-01,2014-06-06,QJ-19255,OFF-AP-10004859,Central,65.52,5,0.1,12.376,0.18888888888888888
US-2015-106873,2015-09-24,2015-09-29,KM-16720,OFF-AR-10003179,West,14.576,2,0.2,2.3686,0.16249999999999998
US-2015-106873,2015-09-24,2015-09-29,KM-16720,TEC-AC-10002345,West,23.2,2,0.2,1.45,0.0625
US-2015-106873,2015-09-24,2015-09-29,KM-16720,OFF-AR-10001246,West,16.464,7,0.2,1.8522,0.11250000000000002
CA-2016-132990,2016-08-01,2016-08-03,KM-16660,FUR-FU-10004864,East,19.312,2,0.2,3.1382,0.16249999999999998
CA-2014-102645,2014-01-23,2014-01-28,IM-15055,OFF-PA-10001804,West,40.08,6,0.0,19.2384,0.48
CA-2014-134215,2014-08-04,2014-08-08,ML-17395,OFF-AP-10001271,East,101.96,2,0.0,27.5292,0.27
CA-2014-134215,2014-08-04,2014-08-08,ML-17395,OFF-PA-10004353,East,259.74,13,0.0,124.6752,0.48
CA-2014-134215,2014-08-04,2014-08-08,ML-17395,TEC-AC-10002473,East,255.42,9,0.0,104.7222,0.41000000000000003
CA-2016-118934,2016-08-09,2016-08-14,GH-14410,OFF-BI-10003314,South,4.338,3,0.7,-3.0366,-0.7
CA-2016-118934,2016-08-09,2016-08-14,GH-14410,OFF-BI-10004465,South,11.88,5,0.7,-7.92,-0.6666666666666666
CA-2016-160108,2016-12-08,2016-12-12,AG-10900,FUR-BO-10003450,Central,405.86,7,0.0,32.4688,0.08
CA-2016-160108,2016-12-08,2016-12-12,AG-10900,FUR-CH-10002335,Central,680.01,3,0.0,176.8026,0.26
CA-2015-164007,2015-06-08,2015-06-12,MG-17695,TEC-AC-10003433,Central,2.376,3,0.2,0.7425,0.31250000000000006
CA-2015-164007,2015-06-08,2015-06-12,MG-17695,OFF-AP-10003849,Central,143.128,2,0.8,-393.602,-2.75
CA-2016-100300,2016-06-24,2016-06-26,MJ-17740,TEC-MA-10000984,West,4476.8,4,0.2,503.64,0.11249999999999999
CA-2016-100300,2016-06-24,2016-06-26,MJ-17740,OFF-PA-10000418,West,104.85,1,0.0,50.328,0.48000000000000004
CA-2016-100300,2016-06-24,2016-06-26,MJ-17740,OFF-AP-10001242,West,241.44,3,0.0,72.432,0.3
CA-2016-140571,2016-03-15,2016-03-19,SJ-20125,OFF-PA-10001954,South,319.76,14,0.0,147.0896,0.45999999999999996
US-2016-155768,2016-12-01,2016-12-01,LB-16795,FUR-FU-10000448,West,31.96,2,0.0,1.598,0.05
US-2016-155768,2016-12-01,2016-12-01,LB-16795,OFF-PA-10001357,West,47.9,1,0.0,22.992,0.48000000000000004
US-2016-155768,2016-12-01,2016-12-01,LB-16795,OFF-ST-10002292,West,1112.94,3,0.0,222.588,0.19999999999999998
US-2016-155768,2016-12-01,2016-12-01,LB-16795,OFF-EN-10001219,West,22.92,3,0.0,11.2308,0.49
CA-2017-119424,2017-06-12,2017-06-14,SB-20185,TEC-PH-10002564,West,71.976,3,0.2,8.997,0.125
CA-2017-119424,2017-06-12,2017-06-14,SB-20185,OFF-PA-10001639,West,19.44,3,0.0,9.3312,0.48000000000000004
CA-2016-118178,2016-03-19,2016-03-24,CC-12610,OFF-BI-10001153,South,31.086,3,0.7,-20.724,-0.6666666666666667
CA-2016-166618,2016-11-14,2016-11-18,DP-13000,TEC-PH-10003356,East,13.98,2,0.0,3.9144,0.27999999999999997
CA-2016-166618,2016-11-14,2016-11-18,DP-13000,OFF-AR-10001725,East,23.65,1,0.0,6.149,0.26
CA-2017-156776,2017-08-07,2017-08-11,JL-15505,TEC-PH-10002415,West,707.88,3,0.2,44.2425,0.0625
CA-2017-156776,2017-08-07,2017-08-11,JL-15505,OFF-BI-10003355,West,11.952,3,0.2,4.1832,0.35000000000000003
CA-2017-156776,2017-08-07,2017-08-11,JL-15505,OFF-BI-10000216,West,31.128,3,0.2,11.673,0.375
CA-2017-156776,2017-08-07,2017-08-11,JL-15505,TEC-AC-10004803,West,55.76,4,0.0,7.8064,0.14
CA-2017-156776,2017-08-07,2017-08-11,JL-15505,OFF-PA-10001970,West,24.56,2,0.0,11.5432,0.47000000000000003
CA-2017-156776,2017-08-07,2017-08-11,JL-15505,FUR-FU-10004848,West,51.75,1,0.0,15.525,0.3
CA-2017-156776,2017-08-07,2017-08-11,JL-15505,FUR-CH-10002317,West,207.184,1,0.2,25.898,0.125
CA-2017-156776,2017-08-07,2017-08-11,JL-15505,OFF-AP-10002534,West,1473.1,5,0.0,412.468,0.28
US-2015-130512,2015-08-21,2015-08-25,SM-20320,OFF-SU-10001935,East,3.488,2,0.2,-0.6976,-0.2
US-2015-130512,2015-08-21,2015-08-25,SM-20320,TEC-AC-10000290,East,21.728,4,0.2,3.8024,0.175
US-2015-130512,2015-08-21,2015-08-25,SM-20320,OFF-ST-10002574,East,663.072,6,0.2,-165.768,-0.25
US-2015-130512,2015-08-21,2015-08-25,SM-20320,OFF-BI-10004519,East,99.588,2,0.7,-82.99,-0.8333333333333334
US-2015-130512,2015-08-21,2015-08-25,SM-20320,OFF-PA-10003625,East,49.568,2,0.2,15.49,0.3125
CA-2015-141810,2015-11-02,2015-11-07,BB-10990,OFF-BI-10001524,Central,29.372,7,0.8,-46.9952,-1.5999999999999999
CA-2015-141810,2015-11-02,2015-11-07,BB-10990,TEC-PH-10002200,Central,344.704,2,0.2,38.7792,0.1125
CA-2014-146843,2014-11-30,2014-12-06,PB-19150,OFF-SU-10001664,West,47.992,7,0.2,3.5994,0.07500000000000001
CA-2014-146843,2014-11-30,2014-12-06,PB-19150,TEC-AC-10002550,West,102.24,4,0.2,-16.614,-0.1625
CA-2014-103310,2014-05-10,2014-05-15,GM-14680,OFF-PA-10004353,West,39.96,2,0.0,19.1808,0.48000000000000004
CA-2014-103310,2014-05-10,2014-05-15,GM-14680,TEC-PH-10001817,West,1432.0,5,0.2,125.3,0.0875
CA-2014-103310,2014-05-10,2014-05-15,GM-14680,OFF-SU-10004737,West,41.04,6,0.0,11.0808,0.27
CA-2014-103310,2014-05-10,2014-05-15,GM-14680,FUR-CH-10002320,West,256.784,1,0.2,32.098,0.125
CA-2016-152688,2016-10-17,2016-10-20,NR-18550,FUR-BO-10001337,East,120.98,1,0.0,12.098,0.1
CA-2016-152688,2016-10-17,2016-10-20,NR-18550,OFF-BI-10004584,East,315.98,1,0.0,148.5106,0.47000000000000003
CA-2016-153836,2016-10-30,2016-11-03,EH-13765,OFF-BI-10004817,East,28.752,3,0.2,10.0632,0.35000000000000003
CA-2016-153836,2016-10-30,2016-11-03,EH-13765,OFF-AR-10004602,East,114.95,5,0.0,32.186,0.27999999999999997
CA-2016-104689,2016-12-01,2016-12-05,FH-14365,OFF-AR-10001149,West,23.04,8,0.0,6.912,0.3
CA-2016-146423,2016-04-21,2016-04-21,BT-11680,OFF-AR-10004817,East,15.48,3,0.0,4.4892,0.29000000000000004
CA-2016-146423,2016-04-21,2016-04-21,BT-11680,OFF-PA-10003797,East,51.84,8,0.0,24.8832,0.4799999999999999
CA-2017-140781,2017-08-03,2017-08-07,AB-10105,TEC-AC-10000682,Central,39.816,3,0.2,7.4655,0.18749999999999997
CA-2017-141747,2017-08-03,2017-08-08,SC-20230,OFF-ST-10003996,West,16.06,1,0.0,4.1756,0.26
CA-2017-142776,2017-12-11,2017-12-14,RS-19870,OFF-EN-10003160,Central,7.28,1,0.0,3.4944,0.48
CA-2017-142776,2017-12-11,2017-12-14,RS-19870,OFF-BI-10002012,Central,5.4,3,0.0,2.592,0.48
CA-2015-167479,2015-03-14,2015-03-19,AI-10855,OFF-PA-10002105,West,19.44,3,0.0,9.3312,0.48000000000000004
CA-2014-144071,2014-12-08,2014-12-15,DJ-13420,FUR-FU-10000397,West,39.88,2,0.0,11.1664,0.27999999999999997
CA-2014-144071,2014-12-08,2014-12-15,DJ-13420,FUR-FU-10000758,West,79.44,3,0.0,28.5984,0.36000000000000004
US-2017-120908,2017-09-30,2017-10-02,BF-10975,OFF-LA-10004677,East,20.664,7,0.2,6.9741,0.33749999999999997
CA-2016-152646,2016-11-21,2016-11-26,TH-21235,OFF-PA-10004451,West,32.4,5,0.0,15.552,0.48
CA-2017-103765,2017-11-24,2017-11-30,JG-15310,OFF-AP-10002311,Central,13.762,1,0.8,-24.7716,-1.7999999999999998
US-2017-118157,2017-11-14,2017-11-17,AW-10930,OFF-EN-10004459,Central,15.28,2,0.0,7.4872,0.49
US-2015-164238,2015-08-16,2015-08-20,JW-15955,OFF-ST-10002352,East,44.688,7,0.2,3.3516,0.075
US-2015-164238,2015-08-16,2015-08-20,JW-15955,FUR-BO-10000780,East,301.47,3,0.5,-204.9996,-0.6799999999999999
CA-2017-103212,2017-10-13,2017-10-14,MH-18025,OFF-LA-10000248,South,11.07,3,0.0,5.2029,0.47
CA-2017-103212,2017-10-13,2017-10-14,MH-18025,FUR-TA-10003473,South,1504.52,4,0.0,346.0396,0.23
CA-2017-103212,2017-10-13,2017-10-14,MH-18025,OFF-PA-10004355,South,25.92,4,0.0,12.4416,0.4799999999999999
CA-2017-121160,2017-11-04,2017-11-04,FM-14290,OFF-BI-10001308,Central,7.536,6,0.8,-13.188,-1.7500000000000002
CA-2017-121160,2017-11-04,2017-11-04,FM-14290,OFF-BI-10003094,Central,1.408,2,0.8,-2.3232,-1.6500000000000001
CA-2017-121160,2017-11-04,2017-11-04,FM-14290,OFF-BI-10004040,Central,4.144,4,0.8,-6.4232,-1.5499999999999998
CA-2017-121160,2017-11-04,2017-11-04,FM-14290,OFF-ST-10002485,Central,52.752,3,0.2,-12.5286,-0.23750000000000002
CA-2017-140515,2017-03-19,2017-03-24,GZ-14545,OFF-AP-10001205,West,381.36,7,0.0,106.7808,0.27999999999999997
CA-2014-153619,2014-11-03,2014-11-03,TC-21535,OFF-AR-10001868,West,6.72,4,0.0,3.36,0.5
CA-2017-133718,2017-07-23,2017-07-26,TB-21520,OFF-BI-10003429,West,15.192,3,0.2,5.5071,0.36250000000000004
CA-2017-133718,2017-07-23,2017-07-26,TB-21520,OFF-PA-10002689,West,58.32,9,0.0,27.9936,0.48
CA-2014-148383,2014-12-27,2014-12-31,RP-19390,OFF-BI-10003650,West,946.764,6,0.7,-694.2936,-0.7333333333333333
CA-2016-126732,2016-09-02,2016-09-06,LR-16915,FUR-FU-10001889,West,94.68,9,0.0,31.2444,0.32999999999999996
CA-2016-126732,2016-09-02,2016-09-06,LR-16915,OFF-ST-10000321,West,23.67,3,0.0,0.9468,0.039999999999999994
CA-2016-126732,2016-09-02,2016-09-06,LR-16915,TEC-PH-10001530,West,1091.168,4,0.2,68.198,0.0625
CA-2016-126732,2016-09-02,2016-09-06,LR-16915,OFF-AR-10004752,West,18.69,7,0.0,5.2332,0.27999999999999997
CA-2016-126732,2016-09-02,2016-09-06,LR-16915,FUR-TA-10001539,West,568.728,3,0.2,28.4364,0.05
CA-2016-126732,2016-09-02,2016-09-06,LR-16915,OFF-BI-10001553,West,7.312,1,0.2,2.5592,0.35000000000000003
CA-2017-138156,2017-02-11,2017-02-14,MM-17260,FUR-FU-10003601,East,147.568,2,0.2,-3.6892,-0.024999999999999998
CA-2017-110310,2017-10-27,2017-11-02,NB-18655,OFF-PA-10001685,South,56.784,7,0.2,20.5842,0.3625
CA-2017-110310,2017-10-27,2017-11-02,NB-18655,OFF-BI-10001097,South,5.607,3,0.7,-3.9249,-0.7
CA-2017-110310,2017-10-27,2017-11-02,NB-18655,OFF-AR-10001662,South,6.576,3,0.2,0.5754,0.08750000000000001
CA-2014-113271,2014-07-09,2014-07-14,DS-13030,OFF-BI-10002609,West,14.304,6,0.2,4.6488,0.32499999999999996
CA-2014-113271,2014-07-09,2014-07-14,DS-13030,FUR-BO-10004218,West,119.833,1,0.15,7.049,0.05882352941176471
CA-2014-113271,2014-07-09,2014-07-14,DS-13030,OFF-AR-10003251,West,5.56,2,0.0,2.224,0.4000000000000001
CA-2014-113271,2014-07-09,2014-07-14,DS-13030,OFF-PA-10002365,West,32.4,5,0.0,15.552,0.48
CA-2017-130106,2017-05-22,2017-05-26,VF-21715,OFF-AR-10003651,West,9.84,3,0.0,2.8536,0.29000000000000004
CA-2017-130106,2017-05-22,2017-05-26,VF-21715,OFF-AR-10003732,West,2.78,1,0.0,0.7228,0.26
CA-2016-127761,2016-11-10,2016-11-14,SW-20275,OFF-BI-10002557,East,3.64,1,0.2,1.365,0.375
CA-2016-127761,2016-11-10,2016-11-14,SW-20275,TEC-PH-10003691,East,881.93,7,0.0,220.4825,0.25
CA-2016-105354,2016-12-02,2016-12-06,PW-19030,OFF-BI-10001107,Central,115.84,8,0.0,54.4448,0.47
CA-2017-155712,2017-03-02,2017-03-08,KD-16615,OFF-BI-10004224,West,107.648,2,0.2,33.64,0.3125
CA-2017-102309,2017-09-23,2017-09-25,DO-13645,TEC-AC-10001114,South,199.95,5,0.0,63.984,0.32
CA-2017-102309,2017-09-23,2017-09-25,DO-13645,OFF-PA-10002005,South,12.96,2,0.0,6.2208,0.4799999999999999
CA-2014-168368,2014-02-11,2014-02-15,GA-14725,FUR-CH-10001146,Central,60.89,1,0.0,15.2225,0.25
CA-2014-168368,2014-02-11,2014-02-15,GA-14725,OFF-LA-10004853,Central,14.94,3,0.0,6.8724,0.46
CA-2014-168368,2014-02-11,2014-02-15,GA-14725,OFF-BI-10004728,Central,9.64,2,0.0,4.4344,0.45999999999999996
CA-2014-168368,2014-02-11,2014-02-15,GA-14725,FUR-FU-10002298,Central,332.94,3,0.0,53.2704,0.16
CA-2014-168368,2014-02-11,2014-02-15,GA-14725,OFF-BI-10004654,Central,51.9,3,0.0,24.393,0.47000000000000003
CA-2014-168368,2014-02-11,2014-02-15,GA-14725,OFF-ST-10002583,Central,64.96,2,0.0,2.5984,0.04
CA-2017-167976,2017-11-11,2017-11-14,JL-15505,OFF-SU-10004661,Central,25.5,3,0.0,6.63,0.26
CA-2017-111388,2017-09-02,2017-09-02,SU-20665,FUR-CH-10003061,West,215.976,3,0.2,-2.6997,-0.0125
CA-2015-124499,2015-10-09,2015-10-13,FM-14380,FUR-CH-10000513,Central,389.97,3,0.0,35.0973,0.08999999999999998
CA-2015-124499,2015-10-09,2015-10-13,FM-14380,OFF-AP-10002191,Central,269.91,5,0.1,53.982,0.19999999999999998
US-2017-128118,2017-11-24,2017-12-01,MY-17380,OFF-BI-10000216,South,11.673,3,0.7,-7.782,-0.6666666666666666
US-2017-128118,2017-11-24,2017-12-01,MY-17380,OFF-EN-10003448,South,64.848,7,0.2,24.318,0.375
CA-2014-125759,2014-02-08,2014-02-09,NM-18445,FUR-FU-10002111,West,14.56,2,0.0,5.5328,0.38
CA-2015-151869,2015-09-25,2015-09-25,CS-11950,FUR-CH-10001545,East,102.582,1,0.1,6.8388,0.06666666666666667
CA-2015-151869,2015-09-25,2015-09-25,CS-11950,OFF-PA-10002947,East,20.04,3,0.0,9.6192,0.48
US-2017-102183,2017-08-21,2017-08-28,PK-19075,OFF-BI-10003476,East,32.088,7,0.2,11.2308,0.35
US-2017-102183,2017-08-21,2017-08-28,PK-19075,OFF-BI-10001359,East,4305.552,6,0.2,1453.1238,0.3375
CA-2016-100510,2016-05-12,2016-05-17,HM-14860,FUR-FU-10000320,East,10.02,3,0.0,4.4088,0.44000000000000006
CA-2016-100510,2016-05-12,2016-05-17,HM-14860,TEC-PH-10001835,East,631.96,4,0.0,303.3408,0.48
CA-2017-146983,2017-09-02,2017-09-06,AH-10210,OFF-BI-10003650,South,1577.94,3,0.0,757.4112,0.48
US-2014-134054,2014-10-10,2014-10-10,FC-14335,OFF-AR-10000937,West,255.85,7,0.0,112.574,0.44
CA-2016-113236,2016-05-26,2016-05-29,CP-12085,OFF-ST-10000532,South,184.704,6,0.2,13.8528,0.075
CA-2016-113236,2016-05-26,2016-05-29,CP-12085,TEC-AC-10001267,South,47.92,2,0.2,11.98,0.25
CA-2017-122539,2017-12-01,2017-12-05,SC-20305,OFF-LA-10004853,East,15.936,4,0.2,5.1792,0.325
CA-2017-122539,2017-12-01,2017-12-05,SC-20305,OFF-BI-10001759,East,8.001,7,0.7,-5.6007,-0.7000000000000001
CA-2017-122539,2017-12-01,2017-12-05,SC-20305,FUR-CH-10003379,East,398.972,2,0.3,-28.498,-0.07142857142857144
CA-2016-166772,2016-09-20,2016-09-24,HJ-14875,FUR-BO-10002853,West,163.88,2,0.0,40.97,0.25
US-2017-152898,2017-09-11,2017-09-15,CB-12025,OFF-AP-10000027,South,67.9,5,0.0,20.37,0.3
CA-2016-160486,2016-12-30,2017-01-04,EH-14185,OFF-PA-10002421,South,72.224,4,0.2,25.2784,0.35
CA-2017-102218,2017-09-02,2017-09-04,LW-17215,OFF-LA-10002475,West,11.696,2,0.2,3.9474,0.3375
CA-2014-161032,2014-11-18,2014-11-23,MK-17905,FUR-CH-10001482,Central,392.94,3,0.0,43.2234,0.11
CA-2015-102778,2015-11-21,2015-11-24,JH-15820,FUR-FU-10000087,South,18.176,1,0.2,4.7712,0.26250000000000007
CA-2017-154011,2017-06-19,2017-06-26,DB-13270,OFF-BI-10003166,Central,6.888,3,0.8,-11.0208,-1.5999999999999999
CA-2017-154011,2017-06-19,2017-06-26,DB-13270,FUR-TA-10000688,Central,457.485,3,0.3,-84.9615,-0.18571428571428572
US-2017-165456,2017-11-30,2017-12-03,TB-21625,FUR-CH-10003981,East,1079.316,6,0.3,-15.4188,-0.014285714285714285
CA-2014-111857,2014-04-23,2014-04-26,NM-18445,OFF-PA-10001878,West,48.91,1,0.0,22.9877,0.47000000000000003
CA-2014-163650,2014-09-23,2014-09-25,TT-21220,OFF-AR-10002375,East,9.84,3,0.0,2.8536,0.29000000000000004
CA-2014-163650,2014-09-23,2014-09-25,TT-21220,OFF-BI-10004965,East,34.5,3,0.0,15.525,0.45
CA-2017-124114,2017-03-02,2017-03-02,RS-19765,OFF-BI-10004022,Central,0.556,1,0.8,-0.9452,-1.7
US-2017-116505,2017-11-17,2017-11-21,TB-21625,OFF-BI-10000050,East,43.8,6,0.0,20.586,0.47
CA-2017-161340,2017-05-28,2017-06-01,AM-10360,OFF-PA-10002464,East,13.872,3,0.2,5.0286,0.3625
CA-2017-161340,2017-05-28,2017-06-01,AM-10360,FUR-BO-10004709,East,115.96,4,0.5,-64.9376,-0.56
US-2015-163433,2015-04-18,2015-04-22,MP-17965,TEC-AC-10003590,Central,41.424,2,0.2,8.2848,0.2
US-2015-163433,2015-04-18,2015-04-22,MP-17965,TEC-PH-10003357,Central,244.768,4,0.2,24.4768,0.1
US-2015-163433,2015-04-18,2015-04-22,MP-17965,OFF-AR-10003373,Central,74.352,3,0.2,6.5058,0.0875
US-2015-163433,2015-04-18,2015-04-22,MP-17965,OFF-BI-10003676,Central,4.312,2,0.8,-6.8992,-1.6
US-2015-163433,2015-04-18,2015-04-22,MP-17965,FUR-CH-10000225,Central,56.686,1,0.3,-20.245,-0.35714285714285715
US-2015-163433,2015-04-18,2015-04-22,MP-17965,TEC-PH-10001870,Central,97.968,2,0.2,6.123,0.0625
US-2015-163433,2015-04-18,2015-04-22,MP-17965,OFF-AR-10003481,Central,7.872,3,0.2,0.8856,0.1125
US-2015-163433,2015-04-18,2015-04-22,MP-17965,OFF-PA-10003936,Central,15.552,3,0.2,5.4432,0.35000000000000003
US-2015-163433,2015-04-18,2015-04-22,MP-17965,OFF-BI-10000320,Central,1.476,1,0.8,-2.2878,-1.5499999999999998
CA-2015-137603,2015-09-19,2015-09-24,MH-17290,OFF-AR-10001972,West,8.4,5,0.0,2.184,0.26
CA-2014-128237,2014-03-25,2014-03-30,CA-12265,OFF-AR-10003829,West,6.56,2,0.0,1.9024,0.29000000000000004
CA-2014-128237,2014-03-25,2014-03-30,CA-12265,OFF-AR-10003338,West,14.88,2,0.0,3.72,0.25
CA-2014-128237,2014-03-25,2014-03-30,CA-12265,TEC-AC-10002558,West,45.48,4,0.0,15.918,0.35000000000000003
CA-2014-128237,2014-03-25,2014-03-30,CA-12265,OFF-AR-10000034,West,25.44,6,0.0,9.9216,0.38999999999999996
US-2016-102141,2016-08-26,2016-08-31,KD-16615,OFF-BI-10001510,East,146.688,8,0.2,45.84,0.31250000000000006
CA-2017-148642,2017-03-06,2017-03-12,DW-13540,OFF-LA-10000134,Central,4.928,2,0.2,1.7248,0.35000000000000003
CA-2017-148642,2017-03-06,2017-03-12,DW-13540,OFF-AR-10000588,Central,63.488,4,0.2,4.7616,0.075
CA-2015-111948,2015-11-11,2015-11-11,AG-10495,OFF-ST-10003282,Central,418.32,7,0.0,117.1296,0.27999999999999997
CA-2015-111948,2015-11-11,2015-11-11,AG-10495,OFF-AP-10002311,Central,123.858,2,0.1,46.7908,0.37777777777777777
CA-2016-161907,2016-04-05,2016-04-09,JH-16180,TEC-PH-10000141,East,118.782,3,0.4,-27.7158,-0.23333333333333336
CA-2016-161907,2016-04-05,2016-04-09,JH-16180,OFF-SU-10000646,East,769.184,4,0.2,-163.4516,-0.21250000000000002
CA-2017-124940,2017-02-21,2017-02-26,DK-13090,TEC-AC-10002076,Central,47.904,1,0.2,-2.994,-0.0625
US-2017-108343,2017-07-20,2017-07-25,AR-10825,OFF-PA-10000743,East,13.36,2,0.0,6.4128,0.48
US-2017-108343,2017-07-20,2017-07-25,AR-10825,FUR-CH-10002780,East,163.764,2,0.1,25.4744,0.15555555555555553
US-2017-108343,2017-07-20,2017-07-25,AR-10825,FUR-FU-10000747,East,183.92,4,0.0,31.2664,0.17
US-2016-111563,2016-11-04,2016-11-08,SM-20005,FUR-FU-10002445,Central,11.376,3,0.6,-5.688,-0.5
US-2016-111563,2016-11-04,2016-11-08,SM-20005,FUR-FU-10000723,Central,66.112,4,0.6,-84.2928,-1.2750000000000001
CA-2017-121853,2017-09-23,2017-09-29,DB-13660,OFF-PA-10003641,West,211.04,8,0.0,97.0784,0.46
CA-2017-121853,2017-09-23,2017-09-29,DB-13660,FUR-CH-10003973,West,594.816,2,0.2,59.4816,0.09999999999999999
CA-2017-121853,2017-09-23,2017-09-29,DB-13660,OFF-BI-10000977,West,72.96,3,0.2,23.712,0.325
US-2017-130687,2017-09-07,2017-09-10,PF-19225,FUR-FU-10004053,West,80.96,4,0.0,34.8128,0.43000000000000005
US-2017-130687,2017-09-07,2017-09-10,PF-19225,TEC-PH-10002033,West,455.712,2,0.2,34.1784,0.07500000000000001
US-2017-130687,2017-09-07,2017-09-10,PF-19225,OFF-AR-10004260,West,25.98,1,0.0,7.2744,0.27999999999999997
CA-2015-164497,2015-11-28,2015-11-30,AJ-10945,OFF-AP-10004655,West,45.28,4,0.0,15.3952,0.34
US-2015-153283,2015-11-12,2015-11-18,EB-14110,OFF-EN-10001539,East,15.56,2,0.0,7.3132,0.47
CA-2016-108056,2016-09-29,2016-10-03,ES-14080,TEC-PH-10001817,West,859.2,3,0.2,75.18,0.08750000000000001
CA-2017-127726,2017-09-11,2017-09-13,SS-20410,OFF-AP-10002578,South,195.68,4,0.0,50.8768,0.26
CA-2017-127726,2017-09-11,2017-09-13,SS-20410,OFF-FA-10000992,South,14.2,4,0.0,6.674,0.47000000000000003
CA-2017-110198,2017-05-01,2017-05-02,AG-10900,FUR-BO-10001798,South,314.352,3,0.2,-15.7176,-0.05
CA-2017-110198,2017-05-01,2017-05-02,AG-10900,OFF-LA-10004409,South,4.608,2,0.2,1.4976,0.325
CA-2017-130715,2017-09-16,2017-09-20,CY-12745,OFF-FA-10000621,West,17.9,5,0.0,8.771,0.4900000000000001
CA-2014-155264,2014-10-19,2014-10-22,RP-19270,OFF-BI-10003196,West,2.992,1,0.2,1.122,0.37500000000000006
CA-2014-155264,2014-10-19,2014-10-22,RP-19270,OFF-BI-10003727,West,20.064,6,0.2,7.0224,0.35000000000000003
CA-2014-155264,2014-10-19,2014-10-22,RP-19270,OFF-PA-10003228,West,146.73,3,0.0,68.9631,0.47000000000000003
CA-2014-155264,2014-10-19,2014-10-22,RP-19270,OFF-LA-10002787,West,18.75,5,0.0,9.0,0.48
CA-2014-155264,2014-10-19,2014-10-22,RP-19270,TEC-PH-10001305,West,117.576,3,0.2,11.7576,0.1
CA-2016-119123,2016-03-13,2016-03-18,DB-13360,OFF-BI-10001036,West,51.184,7,0.2,19.194,0.375
CA-2017-109085,2017-02-17,2017-02-20,CK-12325,FUR-TA-10001086,East,455.97,5,0.4,-106.393,-0.2333333333333333
CA-2017-109085,2017-02-17,2017-02-20,CK-12325,OFF-BI-10001525,East,5.715,5,0.7,-4.7625,-0.8333333333333334
CA-2017-109085,2017-02-17,2017-02-20,CK-12325,TEC-PH-10000526,East,57.594,1,0.4,-11.5188,-0.2
CA-2017-109085,2017-02-17,2017-02-20,CK-12325,FUR-FU-10004973,East,30.144,2,0.2,8.2896,0.275
CA-2017-109085,2017-02-17,2017-02-20,CK-12325,FUR-CH-10003981,East,899.43,5,0.3,-12.849,-0.014285714285714287
CA-2016-114860,2016-12-22,2016-12-28,DN-13690,FUR-FU-10000277,West,842.72,8,0.0,202.2528,0.24
CA-2016-114860,2016-12-22,2016-12-28,DN-13690,FUR-FU-10001934,West,41.96,2,0.0,10.9096,0.25999999999999995
CA-2016-159009,2016-09-23,2016-09-27,DP-13105,OFF-BI-10004970,West,13.216,4,0.2,4.4604,0.3375
CA-2016-159009,2016-09-23,2016-09-27,DP-13105,FUR-CH-10003396,West,184.752,3,0.2,-20.7846,-0.1125
CA-2017-148411,2017-09-24,2017-09-26,RO-19780,FUR-CH-10003973,Central,520.464,2,0.3,-14.8704,-0.028571428571428567
CA-2017-148411,2017-09-24,2017-09-26,RO-19780,OFF-PA-10002109,Central,11.424,3,0.2,3.7128,0.325
CA-2015-110324,2015-12-01,2015-12-05,MA-17560,OFF-PA-10001826,Central,19.44,3,0.0,9.3312,0.48000000000000004
CA-2015-110324,2015-12-01,2015-12-05,MA-17560,OFF-AR-10000823,Central,3.64,2,0.0,1.0192,0.28
CA-2015-110324,2015-12-01,2015-12-05,MA-17560,OFF-PA-10001776,Central,18.54,2,0.0,8.7138,0.4700000000000001
CA-2016-168046,2016-01-25,2016-01-28,JD-15895,OFF-BI-10003676,East,43.12,5,0.2,15.092,0.35000000000000003
CA-2016-168046,2016-01-25,2016-01-28,JD-15895,FUR-TA-10001095,East,313.722,3,0.4,-99.3453,-0.31666666666666665
CA-2016-168046,2016-01-25,2016-01-28,JD-15895,FUR-FU-10000747,East,45.98,1,0.0,7.8166,0.17
CA-2016-168046,2016-01-25,2016-01-28,JD-15895,OFF-ST-10004337,East,428.68,7,0.0,0.0,0.0
CA-2017-111591,2017-03-21,2017-03-25,PS-18970,OFF-BI-10004410,West,30.576,6,0.2,10.3194,0.33749999999999997
CA-2017-111591,2017-03-21,2017-03-25,PS-18970,OFF-FA-10004838,West,13.02,7,0.0,0.3906,0.030000000000000002
CA-2017-111591,2017-03-21,2017-03-25,PS-18970,FUR-FU-10002364,West,22.14,3,0.0,6.4206,0.29
CA-2017-111591,2017-03-21,2017-03-25,PS-18970,OFF-ST-10001809,West,359.32,4,0.0,7.1864,0.02
US-2014-166828,2014-08-22,2014-08-25,JF-15415,OFF-PA-10001846,Central,11.56,2,0.0,5.6644,0.48999999999999994
CA-2014-108147,2014-06-08,2014-06-13,RD-19480,OFF-BI-10003876,East,68.48,2,0.2,25.68,0.375
CA-2014-108147,2014-06-08,2014-06-13,RD-19480,OFF-ST-10003470,East,1676.88,6,0.0,83.844,0.049999999999999996
CA-2016-154998,2016-04-07,2016-04-09,ES-14080,OFF-PA-10004243,East,37.94,2,0.0,18.2112,0.4800000000000001
CA-2017-113460,2017-11-07,2017-11-09,KN-16390,FUR-CH-10000422,East,272.97,3,0.0,43.6752,0.15999999999999998
CA-2015-111339,2015-05-29,2015-05-31,VP-21760,FUR-FU-10002506,East,41.568,4,0.2,-4.1568,-0.09999999999999999
CA-2015-111339,2015-05-29,2015-05-31,VP-21760,FUR-CH-10000863,East,317.058,3,0.3,-86.0586,-0.2714285714285714
CA-2015-111339,2015-05-29,2015-05-31,VP-21760,OFF-FA-10002988,East,8.04,5,0.2,2.9145,0.36250000000000004
CA-2017-102820,2017-05-07,2017-05-11,CS-11950,TEC-PH-10003437,West,419.944,7,0.2,52.493,0.125
CA-2016-149671,2016-06-05,2016-06-09,KB-16600,OFF-SU-10002537,West,61.38,6,0.0,15.9588,0.26
CA-2015-126347,2015-12-14,2015-12-19,AJ-10945,TEC-AC-10003063,West,50.0,2,0.0,10.5,0.21
CA-2017-108756,2017-12-25,2017-12-29,PO-18865,TEC-AC-10003237,East,31.8,3,0.0,13.674,0.43
CA-2017-155362,2017-12-17,2017-12-21,DP-13105,OFF-ST-10001031,Central,32.56,2,0.0,8.4656,0.26
CA-2016-117625,2016-05-10,2016-05-15,GM-14500,OFF-EN-10001535,Central,7.072,2,0.2,2.3868,0.3375
CA-2014-154158,2014-12-23,2014-12-27,CC-12670,OFF-PA-10001295,South,45.528,3,0.2,15.9348,0.35
CA-2014-154158,2014-12-23,2014-12-27,CC-12670,FUR-CH-10004698,South,64.784,1,0.2,6.4784,0.09999999999999999
CA-2014-154158,2014-12-23,2014-12-27,CC-12670,OFF-ST-10000078,South,424.272,2,0.2,-10.6068,-0.025
CA-2014-154158,2014-12-23,2014-12-27,CC-12670,OFF-AR-10001868,South,1.344,1,0.2,0.504,0.375
CA-2014-154158,2014-12-23,2014-12-27,CC-12670,OFF-ST-10004950,South,83.92,5,0.2,-1.049,-0.012499999999999999
CA-2017-100433,2017-08-11,2017-08-16,SJ-20125,OFF-PA-10003441,East,25.92,4,0.0,12.4416,0.4799999999999999
CA-2017-163097,2017-08-27,2017-08-31,SF-20200,FUR-FU-10004973,West,120.576,8,0.2,33.1584,0.275
US-2017-127292,2017-01-19,2017-01-23,RM-19375,OFF-PA-10000157,East,79.92,4,0.0,37.5624,0.47
US-2017-127292,2017-01-19,2017-01-23,RM-19375,OFF-PA-10001970,East,12.28,1,0.0,5.7716,0.47000000000000003
US-2017-127292,2017-01-19,2017-01-23,RM-19375,OFF-AP-10000828,East,542.94,3,0.0,152.0232,0.27999999999999997
US-2017-127292,2017-01-19,2017-01-23,RM-19375,OFF-EN-10001509,East,2.04,1,0.0,0.9588,0.47
CA-2015-163734,2015-06-19,2015-06-24,KM-16375,OFF-ST-10003692,Central,228.92,5,0.2,14.3075,0.0625
CA-2017-162474,2017-03-13,2017-03-16,FH-14275,TEC-PH-10004700,Central,7.992,1,0.2,2.5974,0.325
CA-2015-130848,2015-10-25,2015-10-25,DG-13300,FUR-CH-10000422,West,582.336,8,0.2,-29.1168,-0.05
CA-2014-125997,2014-09-20,2014-09-23,MW-18220,TEC-PH-10003484,East,629.95,5,0.0,157.4875,0.25
CA-2014-125997,2014-09-20,2014-09-23,MW-18220,FUR-CH-10001394,East,631.782,2,0.1,140.396,0.22222222222222218
CA-2014-125997,2014-09-20,2014-09-23,MW-18220,FUR-BO-10002213,East,801.568,2,0.2,-10.0196,-0.0125
CA-2014-125997,2014-09-20,2014-09-23,MW-18220,OFF-LA-10002762,East,75.18,6,0.0,35.3346,0.47
CA-2014-125997,2014-09-20,2014-09-23,MW-18220,OFF-AP-10003842,East,30.98,1,0.0,8.0548,0.26
CA-2014-125997,2014-09-20,2014-09-23,MW-18220,TEC-PH-10003072,East,1349.91,9,0.0,661.4559,0.49
CA-2016-103128,2016-11-11,2016-11-15,SC-20845,OFF-AR-10003394,Central,14.112,6,0.2,1.2348,0.0875
CA-2015-167696,2015-09-16,2015-09-21,BD-11500,OFF-EN-10001539,South,31.12,4,0.0,14.6264,0.47
CA-2014-159814,2014-06-24,2014-06-28,LP-17080,FUR-FU-10001731,West,4.272,2,0.2,0.9612,0.225
CA-2016-105459,2016-08-12,2016-08-17,NP-18700,FUR-TA-10001095,East,209.148,2,0.4,-66.2302,-0.31666666666666665
CA-2016-105459,2016-08-12,2016-08-17,NP-18700,OFF-ST-10000078,East,1591.02,6,0.0,286.3836,0.18
CA-2017-141663,2017-04-13,2017-04-17,DP-13105,OFF-FA-10004076,East,7.92,5,0.2,1.683,0.21250000000000002
CA-2014-152618,2014-03-14,2014-03-17,RB-19465,TEC-MA-10003626,Central,574.91,2,0.3,156.047,0.27142857142857146
CA-2014-152618,2014-03-14,2014-03-17,RB-19465,OFF-PA-10001215,Central,8.448,2,0.2,2.64,0.3125
CA-2017-162789,2017-09-22,2017-09-24,LC-17140,TEC-AC-10002842,East,1071.0,9,0.0,171.36,0.16
CA-2017-162789,2017-09-22,2017-09-24,LC-17140,FUR-FU-10004864,East,12.07,1,0.0,3.9831,0.32999999999999996
US-2017-110149,2017-12-10,2017-12-13,WB-21850,OFF-BI-10000014,East,3.273,1,0.7,-2.5093,-0.7666666666666666
US-2017-110149,2017-12-10,2017-12-13,WB-21850,FUR-FU-10001475,East,87.92,5,0.2,15.386,0.175
CA-2016-108959,2016-03-10,2016-03-14,MH-17785,OFF-ST-10001272,West,104.696,1,0.2,6.5435,0.0625
CA-2015-164777,2015-01-27,2015-01-29,SC-20305,FUR-CH-10002024,West,2803.92,5,0.2,0.0,0.0
CA-2016-132017,2016-09-26,2016-09-27,MH-17620,OFF-BI-10004001,Central,6.816,2,0.8,-11.5872,-1.7
CA-2015-127824,2015-10-18,2015-10-22,JC-15775,TEC-PH-10004094,West,249.584,2,0.2,15.599,0.0625
CA-2015-127824,2015-10-18,2015-10-22,JC-15775,OFF-PA-10001184,West,17.94,3,0.0,8.7906,0.48999999999999994
CA-2015-127824,2015-10-18,2015-10-22,JC-15775,FUR-FU-10002505,West,10.11,3,0.0,3.2352,0.32
CA-2014-148285,2014-10-27,2014-11-01,RD-19810,OFF-PA-10001166,South,10.368,2,0.2,3.6288,0.35
CA-2014-148285,2014-10-27,2014-11-01,RD-19810,OFF-PA-10000349,South,11.952,3,0.2,4.0338,0.3375
CA-2017-152926,2017-10-02,2017-10-04,SC-20695,OFF-AP-10004708,Central,15.224,2,0.8,-38.8212,-2.55
CA-2017-152926,2017-10-02,2017-10-04,SC-20695,OFF-AP-10001947,Central,21.984,6,0.8,-56.0592,-2.55
CA-2014-145254,2014-07-23,2014-07-27,NC-18535,TEC-PH-10000441,West,604.752,6,0.2,60.4752,0.1
CA-2014-145254,2014-07-23,2014-07-27,NC-18535,OFF-SU-10004664,West,40.7,5,0.0,11.803,0.29
CA-2014-145254,2014-07-23,2014-07-27,NC-18535,TEC-PH-10004531,West,302.376,3,0.2,37.797,0.125
CA-2014-145254,2014-07-23,2014-07-27,NC-18535,TEC-AC-10002167,West,45.0,3,0.0,4.95,0.11
CA-2014-116246,2014-09-12,2014-09-17,LW-17215,FUR-CH-10002024,East,3785.292,6,0.1,420.588,0.11111111111111112
CA-2016-160479,2016-09-15,2016-09-20,AH-10585,OFF-AR-10002445,West,35.4,5,0.0,13.452,0.38
CA-2014-167486,2014-11-27,2014-12-01,JO-15145,FUR-FU-10003268,East,199.9,5,0.0,39.98,0.19999999999999998
CA-2014-152100,2014-05-11,2014-05-16,VW-21775,FUR-CH-10000015,Central,1212.96,8,0.3,-69.312,-0.05714285714285714
CA-2015-166219,2015-08-28,2015-09-01,BP-11185,TEC-PH-10004165,Central,1099.96,5,0.2,82.497,0.075
CA-2015-166219,2015-08-28,2015-09-01,BP-11185,FUR-TA-10004607,Central,103.481,1,0.3,-16.2613,-0.15714285714285714
CA-2015-111864,2015-06-19,2015-06-19,PP-18955,OFF-LA-10004677,East,5.904,2,0.2,1.9926,0.33749999999999997
CA-2015-119627,2015-08-17,2015-08-23,SC-20725,TEC-AC-10002217,West,30.08,2,0.2,-5.264,-0.17500000000000002
CA-2015-119627,2015-08-17,2015-08-23,SC-20725,OFF-PA-10001937,West,36.288,7,0.2,12.7008,0.35000000000000003
CA-2015-119627,2015-08-17,2015-08-23,SC-20725,OFF-AR-10000203,West,10.272,3,0.2,1.1556,0.11249999999999999
CA-2015-119627,2015-08-17,2015-08-23,SC-20725,TEC-AC-10001142,West,252.8,4,0.2,-31.6,-0.125
CA-2015-160787,2015-09-25,2015-09-25,BM-11785,OFF-BI-10003712,East,2.946,2,0.7,-2.0622,-0.6999999999999998
CA-2017-107853,2017-05-26,2017-05-31,CD-11920,OFF-PA-10000520,West,12.96,2,0.0,6.2208,0.4799999999999999
CA-2017-126144,2017-07-31,2017-08-05,GM-14680,TEC-PH-10001079,East,285.576,4,0.4,-57.1152,-0.19999999999999998
US-2014-154655,2014-10-12,2014-10-17,BP-11050,OFF-SU-10000898,Central,22.24,2,0.2,2.502,0.1125
CA-2014-100391,2014-05-25,2014-05-29,BW-11065,OFF-PA-10001471,East,14.62,2,0.0,6.7252,0.46
CA-2014-165477,2014-12-29,2014-12-31,RE-19405,OFF-AP-10003281,East,48.36,5,0.2,6.045,0.125
CA-2017-165904,2017-04-07,2017-04-11,HR-14770,OFF-AR-10003156,South,16.256,2,0.2,1.2192,0.075
CA-2017-165904,2017-04-07,2017-04-11,HR-14770,TEC-PH-10000576,South,219.184,2,0.2,19.1786,0.0875
CA-2015-104052,2015-03-01,2015-03-02,TP-21565,TEC-PH-10003215,Central,95.84,4,0.2,34.742,0.36249999999999993
CA-2015-168277,2015-05-29,2015-06-03,KB-16315,OFF-LA-10004484,Central,12.39,3,0.0,5.6994,0.45999999999999996
CA-2016-158617,2016-09-22,2016-09-28,AC-10660,OFF-PA-10002245,Central,35.88,6,0.0,16.146,0.45
CA-2017-136882,2017-05-27,2017-06-03,DN-13690,FUR-FU-10003664,Central,477.3,5,0.0,138.417,0.29
US-2016-148957,2016-09-17,2016-09-23,CC-12430,OFF-LA-10002195,West,12.32,4,0.0,5.9136,0.48
CA-2014-140032,2014-09-08,2014-09-13,TS-21340,OFF-BI-10000822,West,8.608,2,0.2,3.0128,0.35
CA-2017-145506,2017-06-03,2017-06-07,MO-17800,OFF-ST-10004963,West,136.26,9,0.0,5.4504,0.04
CA-2015-129546,2015-09-28,2015-10-05,RP-19855,OFF-AP-10002495,West,186.15,3,0.0,55.845,0.3
CA-2015-129546,2015-09-28,2015-10-05,RP-19855,OFF-BI-10004001,West,81.792,6,0.2,26.5824,0.325
CA-2015-129546,2015-09-28,2015-10-05,RP-19855,OFF-SU-10004884,West,47.19,3,0.0,13.6851,0.29000000000000004
CA-2015-129546,2015-09-28,2015-10-05,RP-19855,TEC-PH-10003555,West,36.784,2,0.2,-8.2764,-0.22500000000000003
CA-2016-140977,2016-06-16,2016-06-19,JL-15175,TEC-MA-10003493,South,91.475,1,0.5,-1.8295,-0.02
CA-2017-151855,2017-05-27,2017-06-03,BW-11110,TEC-AC-10002380,South,27.192,3,0.2,0.3399,0.012499999999999999
CA-2017-151855,2017-05-27,2017-06-03,BW-11110,OFF-BI-10004209,South,12.06,5,0.7,-10.05,-0.8333333333333334
CA-2014-138240,2014-10-09,2014-10-14,SJ-20500,OFF-AR-10002135,West,144.6,3,0.0,41.934,0.29
CA-2014-138240,2014-10-09,2014-10-14,SJ-20500,TEC-PH-10002583,West,15.992,1,0.2,-2.9985,-0.18749999999999997
CA-2014-101833,2014-11-17,2014-11-22,FG-14260,OFF-PA-10003591,East,34.44,3,0.0,17.22,0.5
CA-2014-100867,2014-10-19,2014-10-24,EH-14125,TEC-PH-10004922,West,321.552,6,0.2,20.097,0.0625
US-2017-109610,2017-11-25,2017-11-30,BS-11590,FUR-CH-10001854,South,701.96,2,0.0,168.4704,0.24
CA-2014-156545,2014-02-27,2014-03-03,JS-16030,OFF-AR-10003560,East,19.456,4,0.2,3.4048,0.175
CA-2014-109127,2014-12-21,2014-12-25,JC-15775,OFF-LA-10004409,East,17.28,6,0.0,7.9488,0.45999999999999996
CA-2016-126858,2016-11-19,2016-11-23,JM-15265,FUR-FU-10000448,West,31.96,2,0.0,1.598,0.05
CA-2017-102925,2017-11-05,2017-11-10,CD-12280,OFF-BI-10002735,East,164.688,6,0.2,55.5822,0.3375
CA-2017-102925,2017-11-05,2017-11-10,CD-12280,FUR-TA-10003469,East,166.5,2,0.4,-66.6,-0.39999999999999997
CA-2017-102925,2017-11-05,2017-11-10,CD-12280,OFF-PA-10001870,East,12.96,2,0.0,6.2208,0.4799999999999999
CA-2017-102925,2017-11-05,2017-11-10,CD-12280,OFF-PA-10004071,East,110.96,2,0.0,53.2608,0.48000000000000004
CA-2017-102925,2017-11-05,2017-11-10,CD-12280,TEC-PH-10001448,East,99.98,2,0.0,3.9992,0.04
CA-2017-102925,2017-11-05,2017-11-10,CD-12280,OFF-BI-10002706,East,11.424,1,0.2,3.7128,0.325
CA-2017-102925,2017-11-05,2017-11-10,CD-12280,FUR-CH-10004875,East,128.124,2,0.1,24.2012,0.18888888888888888
CA-2017-102925,2017-11-05,2017-11-10,CD-12280,FUR-FU-10004245,East,101.4,5,0.0,38.532,0.37999999999999995
CA-2015-100818,2015-05-31,2015-06-05,JM-15265,OFF-LA-10000443,Central,5.904,2,0.2,1.9926,0.33749999999999997
CA-2015-100818,2015-05-31,2015-06-05,JM-15265,OFF-PA-10001125,Central,173.488,7,0.2,54.215,0.3125
CA-2015-100818,2015-05-31,2015-06-05,JM-15265,FUR-FU-10002703,Central,51.56,2,0.6,-61.872,-1.2
CA-2015-100818,2015-05-31,2015-06-05,JM-15265,OFF-BI-10004364,Central,3.564,3,0.8,-6.237,-1.75
CA-2014-126193,2014-09-07,2014-09-14,SS-20410,OFF-FA-10000936,Central,13.16,5,0.2,4.1125,0.3125
CA-2014-126193,2014-09-07,2014-09-14,SS-20410,OFF-BI-10001249,Central,3.828,3,0.8,-6.5076,-1.7000000000000002
CA-2014-126193,2014-09-07,2014-09-14,SS-20410,OFF-BI-10004632,Central,304.99,5,0.8,-533.7325,-1.7499999999999998
CA-2017-150504,2017-11-06,2017-11-12,HG-14845,OFF-ST-10000615,Central,18.16,2,0.2,1.816,0.1
CA-2015-158351,2015-06-20,2015-06-24,BC-11125,TEC-AC-10001838,East,319.984,2,0.2,91.9954,0.28750000000000003
CA-2014-122679,2014-07-22,2014-07-28,AB-10255,OFF-AR-10004757,West,19.68,6,0.0,6.4944,0.33
CA-2016-164770,2016-12-02,2016-12-04,MY-18295,FUR-BO-10003893,Central,781.864,10,0.32,-137.976,-0.1764705882352941
CA-2016-164770,2016-12-02,2016-12-04,MY-18295,OFF-PA-10003893,Central,30.816,9,0.2,9.63,0.31250000000000006
CA-2017-130505,2017-10-12,2017-10-12,NF-18385,FUR-TA-10001932,East,673.344,3,0.3,-76.9536,-0.11428571428571427
US-2017-125213,2017-12-11,2017-12-13,NB-18655,OFF-FA-10001561,East,6.54,3,0.0,2.1582,0.32999999999999996
CA-2015-156566,2015-10-01,2015-10-04,EM-13960,TEC-PH-10001817,West,572.8,2,0.2,50.12,0.08750000000000001
US-2016-102232,2016-08-05,2016-08-11,MF-17665,OFF-AR-10000538,South,197.05,7,0.0,59.115,0.3
CA-2017-111738,2017-01-03,2017-01-07,CM-12385,OFF-BI-10004584,West,2022.272,8,0.2,682.5168,0.3375
CA-2017-111738,2017-01-03,2017-01-07,CM-12385,OFF-AR-10000817,West,9.12,3,0.0,3.1008,0.34
CA-2017-163188,2017-11-07,2017-11-07,EC-14050,OFF-BI-10000756,Central,38.16,9,0.0,19.08,0.5
CA-2016-105207,2016-01-03,2016-01-08,BO-11350,FUR-TA-10000617,Central,1592.85,7,0.0,350.427,0.22000000000000003
CA-2016-105207,2016-01-03,2016-01-08,BO-11350,OFF-BI-10004364,Central,11.88,2,0.0,5.346,0.44999999999999996
US-2016-123610,2016-05-12,2016-05-16,VM-21835,TEC-AC-10004518,West,120.0,6,0.0,46.8,0.38999999999999996
US-2016-123610,2016-05-12,2016-05-16,VM-21835,OFF-AP-10002222,West,8.67,1,0.0,2.3409,0.27
CA-2017-118213,2017-11-05,2017-11-07,AB-10060,OFF-PA-10002615,Central,4.41,1,0.0,2.0286,0.45999999999999996
CA-2017-118213,2017-11-05,2017-11-07,AB-10060,OFF-PA-10000565,Central,167.94,3,0.0,82.2906,0.49
CA-2017-118213,2017-11-05,2017-11-07,AB-10060,OFF-PA-10003673,Central,67.8,10,0.0,31.188,0.46
CA-2016-149237,2016-05-26,2016-05-30,CM-12235,FUR-FU-10002088,Central,26.94,3,0.0,11.3148,0.42
US-2015-158589,2015-11-20,2015-11-24,KW-16570,FUR-FU-10001546,West,32.04,3,0.0,8.01,0.25
CA-2016-101329,2016-04-22,2016-04-29,MM-17920,OFF-AR-10000614,East,32.13,9,0.0,8.3538,0.25999999999999995
CA-2016-101329,2016-04-22,2016-04-29,MM-17920,OFF-AR-10003190,East,2.88,1,0.0,0.8064,0.28
CA-2016-113607,2016-10-14,2016-10-18,PW-19030,TEC-PH-10004094,East,1091.93,7,0.0,272.9825,0.25
CA-2016-113607,2016-10-14,2016-10-18,PW-19030,OFF-PA-10001970,East,111.96,2,0.0,54.8604,0.49
CA-2014-149104,2014-04-05,2014-04-07,RD-19900,OFF-AR-10002952,Central,26.7,2,0.0,7.476,0.28
CA-2014-149104,2014-04-05,2014-04-07,RD-19900,OFF-BI-10004209,Central,40.2,5,0.0,18.09,0.44999999999999996
CA-2014-149104,2014-04-05,2014-04-07,RD-19900,OFF-AR-10004685,Central,13.89,3,0.0,4.5837,0.33
CA-2014-149104,2014-04-05,2014-04-07,RD-19900,OFF-ST-10000991,Central,689.82,6,0.0,20.6946,0.03
CA-2016-105263,2016-08-06,2016-08-11,LM-17065,OFF-AR-10002399,East,38.34,9,0.0,15.7194,0.41
CA-2014-130575,2014-12-14,2014-12-16,CS-11845,OFF-BI-10002353,Central,9.264,3,0.8,-13.896,-1.5000000000000002
CA-2017-142461,2017-05-30,2017-06-03,KT-16480,FUR-BO-10001811,Central,204.6664,1,0.32,-6.0196,-0.02941176470588235
CA-2016-125220,2016-10-14,2016-10-19,BE-11410,TEC-AC-10003033,Central,1649.75,5,0.0,544.4175,0.33
CA-2014-100293,2014-03-14,2014-03-18,NF-18475,OFF-PA-10000176,South,91.056,6,0.2,31.8696,0.35
CA-2014-154165,2014-02-17,2014-02-24,DL-13315,OFF-AR-10003631,Central,54.208,14,0.2,8.8088,0.1625
CA-2015-123939,2015-08-24,2015-08-26,MS-17710,TEC-PH-10000923,East,26.982,3,0.4,4.0473,0.15
CA-2015-123939,2015-08-24,2015-08-26,MS-17710,OFF-LA-10003190,East,6.912,3,0.2,2.5056,0.3625
CA-2015-123939,2015-08-24,2015-08-26,MS-17710,OFF-ST-10003208,East,435.504,3,0.2,48.9942,0.11249999999999999
US-2017-104451,2017-05-08,2017-05-12,MM-18055,OFF-AP-10000692,West,81.08,4,0.0,22.7024,0.28
CA-2016-101189,2016-02-04,2016-02-09,JB-15400,OFF-ST-10004180,West,93.02,2,0.0,3.7208,0.04
CA-2014-169446,2014-12-19,2014-12-25,SG-20605,TEC-PH-10002817,Central,323.976,3,0.2,36.4473,0.11249999999999999
CA-2014-169446,2014-12-19,2014-12-25,SG-20605,OFF-PA-10000295,Central,15.552,3,0.2,5.4432,0.35000000000000003
CA-2014-169446,2014-12-19,2014-12-25,SG-20605,OFF-ST-10000419,Central,32.592,3,0.2,-7.7406,-0.2375
CA-2017-156958,2017-12-05,2017-12-06,PB-18805,OFF-BI-10001524,West,83.92,5,0.2,29.372,0.35
CA-2017-156958,2017-12-05,2017-12-06,PB-18805,FUR-FU-10003268,West,199.9,5,0.0,39.98,0.19999999999999998
CA-2017-156958,2017-12-05,2017-12-06,PB-18805,TEC-PH-10000148,West,31.176,3,0.2,-7.0146,-0.225
CA-2017-156958,2017-12-05,2017-12-06,PB-18805,OFF-BI-10001543,West,172.752,6,0.2,60.4632,0.35
CA-2017-156958,2017-12-05,2017-12-06,PB-18805,OFF-BI-10002071,West,9.296,2,0.2,3.0212,0.325
CA-2017-101637,2017-03-24,2017-03-25,AC-10615,OFF-ST-10002352,Central,12.768,2,0.2,0.9576,0.075
CA-2017-111759,2017-07-08,2017-07-12,MR-17545,OFF-PA-10003127,West,52.76,2,0.0,24.2696,0.46
CA-2017-102729,2017-10-26,2017-10-31,BF-11215,OFF-ST-10000464,Central,55.616,2,0.2,5.5616,0.1
CA-2016-116596,2016-10-27,2016-10-31,BW-11200,FUR-CH-10000553,East,427.644,14,0.1,80.7772,0.18888888888888888
CA-2016-116596,2016-10-27,2016-10-31,BW-11200,OFF-FA-10000134,East,40.67,7,0.0,12.6077,0.31
CA-2016-116596,2016-10-27,2016-10-31,BW-11200,OFF-ST-10000636,East,33.48,2,0.0,1.3392,0.04
CA-2016-116596,2016-10-27,2016-10-31,BW-11200,OFF-BI-10002949,East,9.728,2,0.2,3.2832,0.3375
CA-2017-124191,2017-06-12,2017-06-14,TS-21610,FUR-FU-10002364,Central,8.856,3,0.6,-6.8634,-0.775
CA-2016-148747,2016-09-25,2016-09-27,AS-10045,FUR-BO-10002613,West,477.666,2,0.15,84.294,0.1764705882352941
US-2017-169488,2017-09-07,2017-09-09,AA-10375,OFF-PA-10002659,East,16.9,5,0.0,7.774,0.46
US-2017-169488,2017-09-07,2017-09-09,AA-10375,OFF-PA-10000157,East,39.96,2,0.0,18.7812,0.47
CA-2015-135727,2015-05-11,2015-05-16,PS-18970,FUR-CH-10004540,West,191.968,7,0.2,16.7972,0.08750000000000001
CA-2015-135251,2015-08-06,2015-08-10,RP-19270,OFF-LA-10004544,Central,35.52,3,0.2,13.32,0.375
CA-2015-135251,2015-08-06,2015-08-10,RP-19270,OFF-BI-10001097,Central,6.23,5,0.8,-9.6565,-1.5499999999999998
CA-2015-135251,2015-08-06,2015-08-10,RP-19270,OFF-PA-10003302,Central,56.704,2,0.2,19.1376,0.33749999999999997
CA-2015-135251,2015-08-06,2015-08-10,RP-19270,FUR-BO-10003965,Central,369.1992,3,0.32,-114.0174,-0.30882352941176466
CA-2014-166590,2014-10-29,2014-11-02,NC-18625,TEC-AC-10003433,Central,1.98,2,0.0,0.891,0.45
CA-2014-166590,2014-10-29,2014-11-02,NC-18625,OFF-PA-10000482,Central,75.88,2,0.0,35.6636,0.4700000000000001
CA-2016-131744,2016-06-18,2016-06-20,SC-20770,OFF-PA-10004610,East,6.848,2,0.2,2.14,0.3125
CA-2016-131744,2016-06-18,2016-06-20,SC-20770,OFF-BI-10003910,East,4.626,2,0.7,-3.855,-0.8333333333333333
CA-2016-131744,2016-06-18,2016-06-20,SC-20770,OFF-AP-10001394,East,453.6,3,0.2,90.72,0.19999999999999998
CA-2015-160864,2015-05-03,2015-05-06,NF-18595,OFF-BI-10004654,West,13.848,3,0.2,5.193,0.37499999999999994
CA-2015-147690,2015-11-10,2015-11-14,SC-20020,OFF-ST-10001526,East,577.584,6,0.2,43.3188,0.07500000000000001
CA-2015-163923,2015-05-30,2015-06-03,BD-11560,TEC-AC-10000358,South,151.96,4,0.0,36.4704,0.23999999999999996
CA-2016-125724,2016-09-22,2016-09-27,SM-20950,FUR-FU-10000246,West,68.432,7,0.2,8.554,0.125
CA-2015-111612,2015-11-28,2015-12-02,EB-14110,FUR-FU-10003799,East,71.12,5,0.2,9.779,0.13749999999999998
CA-2015-111612,2015-11-28,2015-12-02,EB-14110,OFF-FA-10003021,East,3.008,2,0.2,0.564,0.18749999999999997
CA-2015-156853,2015-12-03,2015-12-05,HP-14815,OFF-PA-10003656,East,184.66,7,0.0,84.9436,0.46
CA-2014-103086,2014-10-17,2014-10-19,EB-14170,FUR-FU-10004586,Central,5.312,2,0.6,-1.5936,-0.3
CA-2016-129280,2016-05-03,2016-05-05,SM-20905,TEC-AC-10003832,East,132.52,5,0.2,34.7865,0.26249999999999996
CA-2016-129280,2016-05-03,2016-05-05,SM-20905,OFF-ST-10002554,East,195.64,5,0.2,-44.019,-0.225
CA-2016-129280,2016-05-03,2016-05-05,SM-20905,FUR-FU-10001876,East,51.968,2,0.2,10.3936,0.19999999999999998
CA-2016-129280,2016-05-03,2016-05-05,SM-20905,TEC-AC-10002637,East,431.976,3,0.2,-75.5958,-0.175
CA-2016-129280,2016-05-03,2016-05-05,SM-20905,TEC-MA-10003589,East,224.937,3,0.7,-164.9538,-0.7333333333333333
CA-2016-129280,2016-05-03,2016-05-05,SM-20905,OFF-LA-10000081,East,6.0,2,0.2,2.1,0.35000000000000003
CA-2015-161242,2015-06-01,2015-06-08,CG-12040,OFF-PA-10001838,West,11.76,2,0.0,5.7624,0.49000000000000005
CA-2014-130428,2014-03-31,2014-03-31,TG-21640,FUR-CH-10002965,South,1125.488,7,0.2,98.4802,0.0875
CA-2014-130428,2014-03-31,2014-03-31,TG-21640,OFF-BI-10001636,South,12.645,5,0.7,-10.116,-0.8
CA-2014-130428,2014-03-31,2014-03-31,TG-21640,OFF-AR-10004027,South,4.032,2,0.2,1.0584,0.2625
CA-2017-104388,2017-07-05,2017-07-07,DK-12835,TEC-PH-10002293,Central,79.96,4,0.0,22.3888,0.28
CA-2015-113131,2015-09-24,2015-09-24,MB-17305,OFF-BI-10003196,East,6.732,6,0.7,-4.488,-0.6666666666666667
CA-2015-113131,2015-09-24,2015-09-24,MB-17305,OFF-ST-10001172,East,33.568,2,0.2,1.6784,0.05
CA-2015-113131,2015-09-24,2015-09-24,MB-17305,OFF-EN-10003068,East,15.84,2,0.2,5.544,0.35
CA-2015-113131,2015-09-24,2015-09-24,MB-17305,OFF-LA-10003510,East,24.424,1,0.2,7.9378,0.325
CA-2015-113131,2015-09-24,2015-09-24,MB-17305,OFF-AR-10003504,East,17.12,5,0.2,1.926,0.11249999999999999
CA-2015-148495,2015-08-13,2015-08-13,SF-20065,FUR-FU-10001889,West,31.56,3,0.0,10.4148,0.33
CA-2015-143147,2015-05-26,2015-05-28,PS-18760,FUR-CH-10000863,Central,105.686,1,0.3,-28.6862,-0.2714285714285714
CA-2015-143147,2015-05-26,2015-05-28,PS-18760,TEC-MA-10004679,Central,399.54,2,0.4,-79.908,-0.19999999999999998
CA-2015-143147,2015-05-26,2015-05-28,PS-18760,FUR-CH-10004754,Central,104.93,5,0.3,-4.497,-0.04285714285714285
CA-2017-152975,2017-09-14,2017-09-16,RB-19705,TEC-PH-10004586,East,1079.85,3,0.0,323.955,0.3
CA-2017-152975,2017-09-14,2017-09-16,RB-19705,OFF-ST-10001370,East,70.98,1,0.0,3.549,0.049999999999999996
CA-2017-152975,2017-09-14,2017-09-16,RB-19705,OFF-AR-10001988,East,29.95,5,0.0,8.6855,0.29
CA-2017-152975,2017-09-14,2017-09-16,RB-19705,FUR-CH-10003298,East,589.41,5,0.1,-6.549,-0.011111111111111112
CA-2016-107475,2016-06-07,2016-06-11,RS-19870,OFF-FA-10002988,East,9.648,6,0.2,3.4974,0.3625
CA-2017-116127,2017-06-25,2017-06-27,SB-20185,FUR-BO-10002213,East,400.784,1,0.2,-5.0098,-0.0125
CA-2017-132584,2017-08-26,2017-08-27,HJ-14875,OFF-ST-10000344,Central,53.72,4,0.0,13.9672,0.26
CA-2016-160598,2016-08-26,2016-08-28,SV-20815,OFF-PA-10002319,South,31.008,1,0.2,11.2404,0.3625
CA-2016-108630,2016-11-18,2016-11-18,BE-11410,OFF-BI-10002437,West,61.12,5,0.2,22.156,0.3625
US-2017-129203,2017-04-17,2017-04-22,BM-11575,OFF-ST-10001418,Central,195.136,4,0.2,-43.9056,-0.225
CA-2017-110940,2017-07-23,2017-07-28,AZ-10750,OFF-AR-10000380,Central,121.536,4,0.2,15.192,0.125
CA-2014-119172,2014-05-11,2014-05-15,HD-14785,OFF-PA-10003036,Central,17.472,3,0.2,5.6784,0.32499999999999996
CA-2014-119172,2014-05-11,2014-05-15,HD-14785,OFF-BI-10002026,Central,104.58,9,0.8,-172.557,-1.65
US-2016-105452,2016-07-28,2016-08-01,BF-11005,FUR-FU-10003691,Central,24.7,5,0.6,-9.88,-0.4
US-2016-105452,2016-07-28,2016-08-01,BF-11005,FUR-FU-10003806,Central,302.72,5,0.6,-378.4,-1.2499999999999998
CA-2017-108931,2017-09-14,2017-09-19,HZ-14950,OFF-PA-10002741,East,8.56,2,0.0,3.852,0.44999999999999996
CA-2017-108931,2017-09-14,2017-09-19,HZ-14950,OFF-PA-10003845,East,11.56,2,0.0,5.6644,0.48999999999999994
CA-2017-104619,2017-01-24,2017-01-29,KD-16495,OFF-AP-10001492,West,25.86,3,0.0,6.7236,0.26
CA-2017-104619,2017-01-24,2017-01-29,KD-16495,OFF-BI-10004318,West,276.784,2,0.2,89.9548,0.325
CA-2017-104619,2017-01-24,2017-01-29,KD-16495,TEC-PH-10000193,West,110.352,3,0.2,8.2764,0.075
CA-2015-149517,2015-09-19,2015-09-23,FC-14245,FUR-FU-10003464,West,60.84,3,0.0,19.4688,0.32
CA-2015-116841,2015-04-14,2015-04-18,TP-21130,OFF-AP-10002403,West,35.208,1,0.2,2.6406,0.07500000000000001
CA-2017-107797,2017-05-08,2017-05-11,EB-13705,OFF-PA-10003848,Central,41.472,8,0.2,14.5152,0.35
CA-2016-117604,2016-09-04,2016-09-09,JP-15520,OFF-PA-10001357,South,239.5,5,0.0,114.96,0.48
CA-2014-130155,2014-05-19,2014-05-22,TD-20995,OFF-SU-10004737,South,34.2,5,0.0,9.234,0.26999999999999996
CA-2016-129861,2016-06-17,2016-06-23,DM-13345,FUR-TA-10003715,East,376.866,3,0.4,-213.5574,-0.5666666666666667
CA-2015-138625,2015-11-02,2015-11-05,EG-13900,OFF-AP-10003099,South,197.72,4,0.0,55.3616,0.28
US-2017-122672,2017-11-04,2017-11-09,HG-14965,TEC-AC-10002323,East,70.72,4,0.2,-6.188,-0.0875
US-2017-122672,2017-11-04,2017-11-09,HG-14965,OFF-ST-10002344,East,194.352,3,0.2,-43.7292,-0.22499999999999998
CA-2017-117128,2017-12-05,2017-12-08,BF-11080,OFF-PA-10000007,East,21.6,6,0.0,9.936,0.45999999999999996
CA-2017-117128,2017-12-05,2017-12-08,BF-11080,OFF-LA-10000248,East,11.07,3,0.0,5.2029,0.47
CA-2016-130638,2016-05-16,2016-05-19,SC-20095,FUR-FU-10002116,West,282.84,4,0.0,19.7988,0.07
CA-2016-130638,2016-05-16,2016-05-19,SC-20095,OFF-LA-10002195,West,27.72,9,0.0,13.3056,0.48000000000000004
CA-2017-144365,2017-10-24,2017-10-30,CS-11950,OFF-FA-10000735,South,11.68,4,0.0,5.256,0.45
CA-2016-110086,2016-09-18,2016-09-22,BD-11320,TEC-PH-10001299,West,239.984,2,0.2,23.9984,0.09999999999999999
CA-2014-128524,2014-11-11,2014-11-13,MZ-17515,OFF-AP-10002892,West,22.98,1,0.0,6.894,0.3
CA-2014-128524,2014-11-11,2014-11-13,MZ-17515,TEC-AC-10002718,West,102.13,7,0.0,15.3195,0.15
CA-2014-128524,2014-11-11,2014-11-13,MZ-17515,OFF-BI-10003527,West,2033.584,2,0.2,762.594,0.375
CA-2016-140256,2016-08-22,2016-08-29,PW-19030,OFF-AR-10002255,West,5.76,2,0.0,1.6704,0.29000000000000004
CA-2017-160633,2017-11-16,2017-11-21,BS-11380,TEC-CO-10002095,East,899.982,3,0.4,74.9985,0.08333333333333334
CA-2017-160633,2017-11-16,2017-11-21,BS-11380,OFF-AR-10004022,East,86.352,3,0.2,5.397,0.0625
CA-2017-160633,2017-11-16,2017-11-21,BS-11380,TEC-AC-10002335,East,139.96,5,0.2,-1.7495,-0.012499999999999999
CA-2014-115133,2014-09-26,2014-09-30,DA-13450,OFF-AP-10001634,East,16.704,6,0.2,1.2528,0.075
CA-2014-115133,2014-09-26,2014-09-30,DA-13450,TEC-AC-10002370,East,3.152,2,0.2,0.4728,0.15
CA-2014-115133,2014-09-26,2014-09-30,DA-13450,OFF-PA-10000174,East,32.896,4,0.2,11.1024,0.33749999999999997
CA-2017-137449,2017-06-29,2017-06-30,ME-17725,OFF-AP-10000240,Central,21.392,2,0.8,-54.5496,-2.55
CA-2017-137449,2017-06-29,2017-06-30,ME-17725,FUR-TA-10002855,Central,307.314,3,0.3,-39.5118,-0.12857142857142856
CA-2017-137449,2017-06-29,2017-06-30,ME-17725,FUR-BO-10000780,Central,409.9992,3,0.32,-96.4704,-0.23529411764705882
CA-2017-103520,2017-09-23,2017-09-25,MH-17785,OFF-PA-10001846,Central,9.248,2,0.2,3.3524,0.3625
CA-2014-139283,2014-11-23,2014-11-27,BT-11440,OFF-BI-10002049,Central,14.67,3,0.0,6.7482,0.45999999999999996
CA-2014-118192,2014-01-13,2014-01-18,MM-17920,OFF-PA-10002947,East,37.408,7,0.2,13.0928,0.35
CA-2014-118192,2014-01-13,2014-01-18,MM-17920,OFF-BI-10003476,East,3.438,2,0.7,-2.5212,-0.7333333333333333
CA-2016-168844,2016-05-31,2016-06-06,NM-18520,OFF-BI-10002609,East,7.152,3,0.2,2.3244,0.32499999999999996
CA-2016-168844,2016-05-31,2016-06-06,NM-18520,TEC-PH-10003215,East,179.7,6,0.0,88.053,0.49
CA-2017-154809,2017-02-13,2017-02-17,MH-17455,OFF-AP-10004785,Central,90.64,8,0.0,38.9752,0.43
CA-2014-151330,2014-10-14,2014-10-17,TC-21295,TEC-AC-10000865,East,177.0,3,0.0,30.09,0.17
CA-2014-151330,2014-10-14,2014-10-17,TC-21295,OFF-ST-10000615,East,79.45,7,0.0,22.246,0.27999999999999997
CA-2014-151330,2014-10-14,2014-10-17,TC-21295,FUR-CH-10000749,East,1628.82,9,0.0,260.6112,0.16
CA-2014-124702,2014-11-18,2014-11-25,MH-17785,FUR-FU-10003553,West,137.54,2,0.0,55.016,0.4
CA-2014-124702,2014-11-18,2014-11-25,MH-17785,FUR-TA-10003008,West,730.2,4,0.0,94.926,0.13
US-2017-125808,2017-11-12,2017-11-15,EP-13915,OFF-PA-10001846,West,11.56,2,0.0,5.6644,0.48999999999999994
CA-2015-116638,2015-01-28,2015-01-31,JH-15985,FUR-TA-10000198,South,4297.644,13,0.4,-1862.3124,-0.4333333333333333
CA-2014-104563,2014-03-07,2014-03-12,CM-12715,OFF-AR-10000390,West,20.65,5,0.0,9.499,0.4600000000000001
CA-2014-104563,2014-03-07,2014-03-12,CM-12715,OFF-ST-10000934,West,204.9,5,0.0,0.0,0.0
CA-2014-104563,2014-03-07,2014-03-12,CM-12715,FUR-CH-10002780,West,436.704,6,0.2,21.8352,0.05
CA-2014-104563,2014-03-07,2014-03-12,CM-12715,FUR-CH-10004495,West,481.568,2,0.2,54.1764,0.1125
US-2017-107979,2017-06-08,2017-06-13,FO-14305,TEC-AC-10002006,West,89.544,7,0.2,12.3123,0.1375
US-2017-107979,2017-06-08,2017-06-13,FO-14305,OFF-ST-10002485,West,35.168,2,0.2,-8.3524,-0.2375
US-2017-107979,2017-06-08,2017-06-13,FO-14305,OFF-BI-10000778,West,72.588,2,0.7,-48.392,-0.6666666666666667
CA-2014-150518,2014-11-19,2014-11-24,MW-18220,OFF-ST-10000877,Central,221.16,4,0.0,57.5016,0.26
CA-2014-150518,2014-11-19,2014-11-24,MW-18220,TEC-PH-10002103,Central,281.97,3,0.0,78.9516,0.27999999999999997
CA-2016-107104,2016-11-26,2016-11-30,MS-17365,FUR-BO-10002213,West,3406.664,8,0.15,160.3136,0.047058823529411764
CA-2016-107104,2016-11-26,2016-11-30,MS-17365,OFF-AR-10004269,West,37.17,9,0.0,10.4076,0.27999999999999997
CA-2016-107104,2016-11-26,2016-11-30,MS-17365,OFF-AP-10000055,West,64.96,2,0.0,19.488,0.30000000000000004
CA-2016-107104,2016-11-26,2016-11-30,MS-17365,FUR-FU-10002937,West,595.38,6,0.0,297.69,0.5
CA-2017-161893,2017-01-23,2017-01-27,HP-14815,TEC-AC-10001874,West,95.984,2,0.2,11.998,0.125
CA-2017-161893,2017-01-23,2017-01-27,HP-14815,OFF-BI-10004506,West,4.938,2,0.7,-3.6212,-0.7333333333333334
CA-2014-156160,2014-09-22,2014-09-29,AS-10090,FUR-FU-10001876,East,97.44,3,0.0,35.0784,0.36000000000000004
CA-2014-156160,2014-09-22,2014-09-29,AS-10090,OFF-BI-10003355,East,3.984,1,0.2,1.3944,0.35000000000000003
CA-2014-156160,2014-09-22,2014-09-29,AS-10090,OFF-AR-10003876,East,13.04,4,0.0,5.7376,0.44
CA-2014-156160,2014-09-22,2014-09-29,AS-10090,FUR-CH-10004983,East,579.528,4,0.1,83.7096,0.14444444444444443
CA-2014-100860,2014-03-26,2014-03-30,CS-12505,OFF-LA-10001982,West,18.75,5,0.0,9.0,0.48
CA-2016-160717,2016-06-06,2016-06-11,ME-17320,TEC-PH-10001459,West,3023.928,9,0.2,226.7946,0.075
CA-2016-160717,2016-06-06,2016-06-11,ME-17320,TEC-AC-10002134,West,26.96,2,0.0,3.7744,0.13999999999999999
CA-2016-160717,2016-06-06,2016-06-11,ME-17320,TEC-PH-10001760,West,477.6,3,0.2,161.19,0.33749999999999997
CA-2017-132619,2017-08-31,2017-09-05,MS-17770,OFF-ST-10001511,West,193.95,3,0.0,9.6975,0.05
US-2015-120957,2015-12-07,2015-12-07,KH-16690,OFF-PA-10003953,West,12.96,2,0.0,6.2208,0.4799999999999999
CA-2017-157448,2017-11-16,2017-11-20,LC-16885,FUR-FU-10003268,West,119.94,3,0.0,23.988,0.2
CA-2017-157448,2017-11-16,2017-11-20,LC-16885,FUR-FU-10001847,West,12.42,3,0.0,4.4712,0.36
CA-2016-126270,2016-04-23,2016-04-27,AF-10870,OFF-BI-10002764,West,18.088,7,0.2,6.5569,0.3625
CA-2016-126270,2016-04-23,2016-04-27,AF-10870,OFF-EN-10004386,West,71.97,3,0.0,35.985,0.5
CA-2017-145275,2017-04-02,2017-04-06,AH-10465,OFF-LA-10001569,South,14.94,3,0.0,6.8724,0.46
CA-2015-133396,2015-08-13,2015-08-15,GK-14620,OFF-AR-10001446,South,64.68,7,0.2,8.085,0.125
US-2017-140312,2017-11-13,2017-11-19,KL-16645,TEC-PH-10003442,West,22.0,5,0.2,1.375,0.0625
CA-2016-114867,2016-12-23,2016-12-28,FM-14290,OFF-PA-10000477,East,7.968,2,0.2,2.6892,0.3375
CA-2016-114867,2016-12-23,2016-12-28,FM-14290,TEC-PH-10002645,East,1499.97,5,0.4,-374.9925,-0.25
US-2014-164644,2014-07-22,2014-07-24,JL-15850,OFF-ST-10003123,Central,26.632,1,0.2,1.3316,0.049999999999999996
CA-2016-137393,2016-05-06,2016-05-10,GM-14500,FUR-FU-10001617,West,41.6,4,0.0,14.144,0.33999999999999997
US-2014-120175,2014-11-28,2014-12-03,MC-17635,OFF-EN-10003862,Central,64.02,6,0.0,29.4492,0.46
CA-2016-144785,2016-04-18,2016-04-23,CS-12490,OFF-AR-10001573,East,6.99,3,0.0,2.0271,0.29
CA-2016-144785,2016-04-18,2016-04-23,CS-12490,OFF-SU-10004290,East,6.84,1,0.0,1.8468,0.27
CA-2015-130113,2015-12-27,2015-12-31,AH-10030,OFF-ST-10000046,West,323.1,2,0.0,61.389,0.19
CA-2015-130113,2015-12-27,2015-12-31,AH-10030,TEC-PH-10003505,West,668.16,9,0.2,75.168,0.11250000000000002
CA-2017-122770,2017-12-13,2017-12-18,EP-13915,OFF-LA-10004559,West,8.64,3,0.0,4.2336,0.49
CA-2017-122770,2017-12-13,2017-12-18,EP-13915,OFF-PA-10003172,West,38.88,6,0.0,18.6624,0.48000000000000004
CA-2017-122770,2017-12-13,2017-12-18,EP-13915,FUR-FU-10001473,West,201.04,8,0.0,54.2808,0.27
CA-2017-122770,2017-12-13,2017-12-18,EP-13915,OFF-PA-10000232,West,12.96,2,0.0,6.3504,0.48999999999999994
CA-2017-118668,2017-01-02,2017-01-04,FW-14395,TEC-AC-10000682,West,16.59,1,0.0,5.8065,0.35
CA-2017-116498,2017-05-30,2017-06-03,KA-16525,OFF-AR-10003405,West,35.1,6,0.0,10.179,0.29
US-2017-130603,2017-09-30,2017-10-06,SC-20050,OFF-BI-10000301,Central,11.646,9,0.8,-17.469,-1.5
US-2017-135986,2017-06-20,2017-06-27,PG-18895,OFF-PA-10001534,South,32.4,5,0.0,15.552,0.48
US-2017-135986,2017-06-20,2017-06-27,PG-18895,TEC-PH-10003691,South,503.96,4,0.0,125.99,0.25
CA-2017-140536,2017-04-04,2017-04-05,TA-21385,OFF-AR-10001545,East,7.04,4,0.0,2.0416,0.29
CA-2015-130183,2015-11-13,2015-11-17,PO-18850,FUR-BO-10001811,Central,613.9992,3,0.32,-18.0588,-0.029411764705882356
CA-2015-107902,2015-08-28,2015-09-02,SM-20950,OFF-ST-10001837,East,470.36,11,0.0,122.2936,0.26
CA-2017-130148,2017-09-24,2017-09-28,NK-18490,OFF-PA-10000551,West,31.08,6,0.0,15.2292,0.49000000000000005
CA-2017-130148,2017-09-24,2017-09-28,NK-18490,OFF-SU-10001574,West,7.3,2,0.0,2.19,0.3
US-2016-151260,2016-12-11,2016-12-14,SC-20695,OFF-AP-10002892,East,73.536,4,0.2,9.192,0.125
CA-2014-144281,2014-06-10,2014-06-15,HK-14890,OFF-LA-10003930,Central,491.55,5,0.0,240.8595,0.49
CA-2016-122511,2016-03-11,2016-03-11,BT-11485,FUR-FU-10001037,East,30.336,4,0.2,9.48,0.31250000000000006
CA-2017-154116,2017-12-15,2017-12-19,KM-16660,OFF-PA-10004569,West,22.83,3,0.0,10.7301,0.47000000000000003
CA-2017-154116,2017-12-15,2017-12-19,KM-16660,OFF-AP-10000027,West,54.32,4,0.0,16.296,0.3
CA-2017-154116,2017-12-15,2017-12-19,KM-16660,TEC-PH-10000675,West,196.776,3,0.2,14.7582,0.075
CA-2016-105291,2016-10-30,2016-11-04,SP-20920,OFF-FA-10003059,West,3.62,2,0.0,1.1946,0.33
CA-2017-147032,2017-07-31,2017-08-04,LB-16795,OFF-PA-10003256,East,11.54,1,0.0,5.5392,0.48000000000000004
CA-2017-147032,2017-07-31,2017-08-04,LB-16795,OFF-BI-10003656,East,849.95,5,0.0,390.977,0.45999999999999996
CA-2017-147032,2017-07-31,2017-08-04,LB-16795,OFF-BI-10002897,East,11.01,3,0.0,5.3949,0.49
CA-2017-125990,2017-10-19,2017-10-23,JS-16030,OFF-BI-10004826,West,39.624,3,0.2,13.8684,0.35
CA-2016-161746,2016-10-21,2016-10-27,CS-11950,FUR-CH-10004626,West,242.136,3,0.2,12.1068,0.05
CA-2016-161746,2016-10-21,2016-10-27,CS-11950,OFF-AR-10000390,West,12.39,3,0.0,5.6994,0.45999999999999996
CA-2016-161746,2016-10-21,2016-10-27,CS-11950,FUR-FU-10003731,West,19.96,2,0.0,5.5888,0.27999999999999997
CA-2016-161746,2016-10-21,2016-10-27,CS-11950,OFF-ST-10002743,West,340.92,3,0.0,3.4092,0.009999999999999998
CA-2014-114251,2014-11-05,2014-11-10,MD-17350,FUR-FU-10001468,East,273.568,2,0.2,-34.196,-0.125
CA-2014-114251,2014-11-05,2014-11-10,MD-17350,OFF-BI-10003684,East,13.194,2,0.7,-8.796,-0.6666666666666666
CA-2014-114251,2014-11-05,2014-11-10,MD-17350,OFF-ST-10003716,East,1080.096,6,0.2,-94.5084,-0.0875
CA-2014-114251,2014-11-05,2014-11-10,MD-17350,TEC-AC-10001101,East,51.56,5,0.2,-6.445,-0.125
CA-2014-114251,2014-11-05,2014-11-10,MD-17350,TEC-AC-10004864,East,58.416,2,0.2,16.7946,0.2875
CA-2016-116379,2016-11-07,2016-11-12,LD-17005,OFF-BI-10001543,West,57.584,2,0.2,20.1544,0.35
US-2016-144477,2016-08-12,2016-08-14,DB-13270,OFF-AR-10000914,East,37.312,4,0.2,2.7984,0.07500000000000001
CA-2016-108210,2016-05-30,2016-05-31,AT-10735,TEC-PH-10002293,Central,79.96,5,0.2,7.996,0.10000000000000002
CA-2016-108210,2016-05-30,2016-05-31,AT-10735,TEC-AC-10000109,Central,223.96,5,0.2,11.198,0.05
CA-2017-166835,2017-11-12,2017-11-14,DK-13375,OFF-ST-10002574,East,221.024,2,0.2,-55.256,-0.25
CA-2016-119641,2016-09-22,2016-09-26,CS-12250,FUR-FU-10002445,Central,18.96,2,0.0,7.584,0.39999999999999997
CA-2016-105781,2016-02-16,2016-02-20,JF-15565,FUR-CH-10001802,East,326.646,3,0.1,39.9234,0.12222222222222222
CA-2016-105781,2016-02-16,2016-02-20,JF-15565,TEC-AC-10003628,East,89.97,3,0.0,39.5868,0.43999999999999995
CA-2014-101364,2014-12-22,2014-12-26,TW-21025,OFF-BI-10003984,East,296.712,13,0.2,100.1403,0.3375
CA-2015-117898,2015-12-05,2015-12-11,TB-21250,OFF-EN-10004459,Central,12.224,2,0.2,4.4312,0.36249999999999993
CA-2017-142293,2017-09-17,2017-09-20,SC-20380,TEC-AC-10001109,West,89.97,3,0.0,37.7874,0.42
CA-2017-167395,2017-12-02,2017-12-04,KM-16720,OFF-AP-10001293,East,286.86,7,0.0,80.3208,0.28
CA-2017-167395,2017-12-02,2017-12-04,KM-16720,TEC-PH-10004977,East,979.95,5,0.0,284.1855,0.29
CA-2017-167395,2017-12-02,2017-12-04,KM-16720,OFF-SU-10001935,East,4.36,2,0.0,0.1744,0.039999999999999994
CA-2014-111962,2014-09-29,2014-10-04,EB-14170,OFF-BI-10001308,West,10.048,2,0.2,3.14,0.3125
CA-2014-111962,2014-09-29,2014-10-04,EB-14170,OFF-ST-10000046,West,807.75,5,0.0,153.4725,0.19
CA-2017-124261,2017-11-14,2017-11-19,JE-15715,OFF-AR-10003504,West,34.24,8,0.0,9.9296,0.29
CA-2014-114321,2014-08-20,2014-08-25,NC-18535,FUR-CH-10001797,South,500.24,13,0.0,145.0696,0.29000000000000004
CA-2014-114321,2014-08-20,2014-08-25,NC-18535,OFF-PA-10000246,South,20.12,2,0.0,9.2552,0.46
CA-2014-114321,2014-08-20,2014-08-25,NC-18535,OFF-BI-10001359,South,896.99,1,0.0,421.5853,0.47000000000000003
CA-2014-128062,2014-11-19,2014-11-22,AD-10180,OFF-PA-10001583,East,5.88,1,0.2,1.9845,0.33749999999999997
US-2015-100069,2015-06-29,2015-07-03,NF-18475,TEC-PH-10004667,Central,269.98,2,0.0,72.8946,0.26999999999999996
CA-2017-129294,2017-03-16,2017-03-21,KD-16615,OFF-ST-10002615,West,310.12,2,0.0,80.6312,0.26
CA-2017-129294,2017-03-16,2017-03-21,KD-16615,OFF-BI-10004236,West,70.464,6,0.2,22.9008,0.325
CA-2017-129294,2017-03-16,2017-03-21,KD-16615,OFF-BI-10001757,West,19.68,5,0.2,6.888,0.35
CA-2017-129294,2017-03-16,2017-03-21,KD-16615,OFF-AP-10001154,West,140.67,3,0.0,54.8613,0.39
CA-2015-117086,2015-11-08,2015-11-12,QJ-19255,FUR-BO-10004834,East,4404.9,5,0.0,1013.127,0.23
CA-2017-131303,2017-11-28,2017-12-02,EP-13915,OFF-LA-10001074,West,62.65,5,0.0,29.4455,0.47
CA-2016-137127,2016-06-16,2016-06-22,JJ-15445,OFF-LA-10001641,East,9.45,3,0.0,4.536,0.48
CA-2017-141782,2017-01-21,2017-01-25,BE-11410,OFF-EN-10002230,Central,268.576,4,0.2,90.6444,0.33749999999999997
CA-2017-137505,2017-11-24,2017-11-24,BP-11290,FUR-TA-10000617,West,364.08,2,0.2,9.102,0.025
CA-2017-137505,2017-11-24,2017-11-24,BP-11290,FUR-TA-10001676,West,71.088,2,0.2,-1.7772,-0.025
US-2014-140914,2014-11-11,2014-11-15,BH-11710,FUR-FU-10000175,Central,10.984,2,0.6,-7.9634,-0.725
US-2014-140914,2014-11-11,2014-11-15,BH-11710,FUR-CH-10003379,Central,797.944,4,0.3,-56.996,-0.07142857142857144
CA-2016-158358,2016-03-04,2016-03-08,EM-13810,TEC-AC-10002567,East,159.98,2,0.0,57.5928,0.36
CA-2016-113390,2016-10-11,2016-10-15,EP-13915,OFF-AR-10003183,Central,5.344,2,0.2,0.668,0.125
CA-2016-113390,2016-10-11,2016-10-15,EP-13915,OFF-AR-10001446,Central,27.72,3,0.2,3.465,0.125
US-2016-158680,2016-07-01,2016-07-02,NZ-18565,OFF-BI-10000145,West,2.496,1,0.2,0.9048,0.36250000000000004
CA-2017-113705,2017-03-27,2017-03-29,LC-16870,OFF-LA-10000476,South,8.26,2,0.0,3.7996,0.46
CA-2017-113705,2017-03-27,2017-03-29,LC-16870,OFF-BI-10001679,South,17.76,2,0.0,8.88,0.5
CA-2017-113705,2017-03-27,2017-03-29,LC-16870,OFF-ST-10001128,South,332.94,3,0.0,9.9882,0.030000000000000002
CA-2017-113705,2017-03-27,2017-03-29,LC-16870,FUR-TA-10002533,South,292.1,2,0.0,58.42,0.19999999999999998
CA-2017-113705,2017-03-27,2017-03-29,LC-16870,TEC-PH-10004006,South,206.1,5,0.0,55.647,0.27
CA-2017-113705,2017-03-27,2017-03-29,LC-16870,OFF-PA-10002615,South,17.64,4,0.0,8.1144,0.45999999999999996
CA-2016-146913,2016-10-31,2016-11-05,SF-20965,FUR-CH-10001854,West,1403.92,5,0.2,70.196,0.049999999999999996
CA-2017-159135,2017-11-04,2017-11-08,KM-16375,OFF-AR-10000657,South,4.3,2,0.0,1.419,0.33
CA-2014-121762,2014-02-14,2014-02-18,ML-17395,TEC-AC-10000736,West,239.97,3,0.0,86.3892,0.36
CA-2014-121762,2014-02-14,2014-02-18,ML-17395,OFF-AP-10001293,West,81.96,2,0.0,22.9488,0.28
CA-2014-121762,2014-02-14,2014-02-18,ML-17395,OFF-SU-10000157,West,238.62,2,0.0,4.7724,0.02
CA-2014-123855,2014-06-18,2014-06-23,MC-18100,TEC-PH-10000215,West,139.8,5,0.2,12.2325,0.0875
CA-2017-101959,2017-02-28,2017-03-06,DB-13660,OFF-BI-10001757,East,9.84,2,0.0,4.7232,0.48000000000000004
CA-2017-101959,2017-02-28,2017-03-06,DB-13660,OFF-PA-10002137,East,7.78,1,0.0,3.501,0.44999999999999996
CA-2017-102659,2017-12-09,2017-12-15,LW-17215,OFF-BI-10000088,Central,54.9,5,0.0,26.901,0.49
CA-2017-142328,2017-12-07,2017-12-14,TC-21535,OFF-PA-10000380,West,50.04,6,0.0,25.02,0.5
CA-2016-123533,2016-11-24,2016-11-30,SC-20050,FUR-BO-10001619,South,339.92,5,0.2,8.498,0.024999999999999998
CA-2016-123533,2016-11-24,2016-11-30,SC-20050,OFF-PA-10001609,South,10.528,4,0.2,3.4216,0.325
CA-2016-123533,2016-11-24,2016-11-30,SC-20050,OFF-AP-10002765,South,42.384,2,0.2,4.2384,0.1
CA-2016-104983,2016-07-03,2016-07-03,FM-14215,OFF-PA-10000167,East,123.92,5,0.2,38.725,0.3125
CA-2016-160234,2016-06-26,2016-07-03,PF-19225,TEC-PH-10004434,South,135.95,1,0.0,39.4255,0.29000000000000004
CA-2014-169019,2014-07-26,2014-07-30,LF-17185,OFF-BI-10004995,Central,2177.584,8,0.8,-3701.8928,-1.7000000000000002
CA-2014-169019,2014-07-26,2014-07-30,LF-17185,FUR-FU-10004666,Central,17.496,3,0.6,-10.0602,-0.5750000000000001
CA-2014-169019,2014-07-26,2014-07-30,LF-17185,OFF-BI-10001524,Central,16.784,4,0.8,-26.8544,-1.6
CA-2014-169019,2014-07-26,2014-07-30,LF-17185,TEC-AC-10002076,Central,431.136,9,0.2,-26.946,-0.0625
CA-2014-169019,2014-07-26,2014-07-30,LF-17185,OFF-BI-10001679,Central,8.88,5,0.8,-13.32,-1.5
CA-2014-169019,2014-07-26,2014-07-30,LF-17185,OFF-AP-10003281,Central,4.836,2,0.8,-12.09,-2.5
CA-2016-153178,2016-09-14,2016-09-18,CL-12565,TEC-PH-10001944,East,437.85,3,0.0,131.355,0.29999999999999993
CA-2016-153178,2016-09-14,2016-09-18,CL-12565,OFF-BI-10004390,East,673.568,2,0.2,252.588,0.375
CA-2015-149748,2015-05-31,2015-06-02,EM-13825,OFF-PA-10002120,East,274.8,5,0.0,134.652,0.48999999999999994
CA-2015-149748,2015-05-31,2015-06-02,EM-13825,OFF-ST-10004340,East,62.18,1,0.0,16.7886,0.26999999999999996
CA-2015-149748,2015-05-31,2015-06-02,EM-13825,FUR-FU-10001847,East,8.28,2,0.0,2.9808,0.36000000000000004
CA-2015-155635,2015-05-09,2015-05-13,ME-17725,OFF-BI-10000962,South,48.81,3,0.0,23.9169,0.48999999999999994
US-2014-114377,2014-11-05,2014-11-05,BG-11035,FUR-CH-10004754,South,149.9,5,0.0,40.473,0.26999999999999996
CA-2017-144491,2017-03-27,2017-04-01,CJ-12010,FUR-BO-10001811,Central,1023.332,5,0.32,-30.098,-0.029411764705882353
CA-2017-144491,2017-03-27,2017-04-01,CJ-12010,FUR-CH-10004063,Central,600.558,3,0.3,-8.5794,-0.014285714285714285
CA-2017-144491,2017-03-27,2017-04-01,CJ-12010,TEC-AC-10004901,Central,39.992,1,0.2,6.9986,0.17500000000000002
CA-2017-144491,2017-03-27,2017-04-01,CJ-12010,FUR-CH-10001714,Central,211.246,2,0.3,-66.3916,-0.3142857142857143
CA-2014-127166,2014-05-21,2014-05-23,KH-16360,OFF-EN-10003134,Central,56.064,6,0.2,21.024,0.375
CA-2014-127166,2014-05-21,2014-05-23,KH-16360,FUR-CH-10003396,Central,107.772,2,0.3,-29.2524,-0.2714285714285714
CA-2014-127166,2014-05-21,2014-05-23,KH-16360,OFF-PA-10001560,Central,4.832,1,0.2,1.6308,0.3375
CA-2014-127166,2014-05-21,2014-05-23,KH-16360,OFF-BI-10000977,Central,18.24,3,0.8,-31.008,-1.7000000000000002
CA-2016-125920,2016-05-21,2016-05-28,SH-19975,OFF-BI-10003429,Central,3.798,3,0.8,-5.8869,-1.5499999999999998
CA-2015-128608,2015-01-12,2015-01-17,CS-12490,OFF-AR-10001374,East,10.368,2,0.2,1.5552,0.15
CA-2015-128608,2015-01-12,2015-01-17,CS-12490,TEC-PH-10004977,East,235.188,2,0.4,-43.1178,-0.18333333333333335
CA-2015-128608,2015-01-12,2015-01-17,CS-12490,TEC-PH-10000912,East,26.376,4,0.4,2.6376,0.09999999999999999
CA-2015-128608,2015-01-12,2015-01-17,CS-12490,TEC-AC-10000487,East,10.384,2,0.2,2.2066,0.2125
CA-2015-128608,2015-01-12,2015-01-17,CS-12490,TEC-PH-10002262,East,107.118,3,0.4,-21.4236,-0.2
CA-2017-137918,2017-09-29,2017-10-06,JK-15730,OFF-SU-10000898,West,97.3,7,0.0,28.217,0.29
CA-2015-122973,2015-07-18,2015-07-20,PJ-19015,OFF-BI-10004182,East,3.328,2,0.2,1.2064,0.3625
CA-2015-122973,2015-07-18,2015-07-20,PJ-19015,TEC-PH-10002468,East,135.99,1,0.0,36.7173,0.27
CA-2015-122973,2015-07-18,2015-07-20,PJ-19015,FUR-FU-10002364,East,7.38,1,0.0,2.1402,0.29000000000000004
CA-2016-136322,2016-10-21,2016-10-26,AP-10720,FUR-FU-10002878,South,45.568,2,0.2,9.6832,0.2125
CA-2016-136322,2016-10-21,2016-10-26,AP-10720,OFF-BI-10004817,South,28.752,8,0.7,-21.0848,-0.7333333333333334
CA-2017-107209,2017-07-27,2017-08-01,JW-15955,FUR-CH-10001146,South,194.848,4,0.2,12.178,0.0625
CA-2017-145093,2017-07-21,2017-07-26,PT-19090,OFF-BI-10001116,Central,2.112,2,0.8,-3.3792,-1.5999999999999999
US-2014-139640,2014-11-07,2014-11-11,TB-21595,OFF-PA-10000304,West,25.92,5,0.2,9.072,0.3499999999999999
US-2014-139640,2014-11-07,2014-11-11,TB-21595,OFF-AR-10002240,West,120.768,4,0.2,9.0576,0.07500000000000001
CA-2016-117583,2016-11-27,2016-11-30,CB-12025,OFF-PA-10001246,East,25.92,4,0.0,12.4416,0.4799999999999999
CA-2016-117583,2016-11-27,2016-11-30,CB-12025,OFF-AR-10000658,East,34.65,3,0.0,9.702,0.28
CA-2016-117583,2016-11-27,2016-11-30,CB-12025,OFF-PA-10000100,East,204.95,5,0.0,100.4255,0.49000000000000005
CA-2016-117583,2016-11-27,2016-11-30,CB-12025,OFF-BI-10004233,East,79.95,5,0.0,38.376,0.4799999999999999
CA-2015-162201,2015-06-08,2015-06-12,AG-10495,OFF-PA-10002581,South,173.488,7,0.2,54.215,0.3125
CA-2015-162201,2015-06-08,2015-06-12,AG-10495,OFF-ST-10000046,South,516.96,4,0.2,-6.462,-0.012499999999999999
CA-2015-162201,2015-06-08,2015-06-12,AG-10495,FUR-FU-10001185,South,173.208,7,0.2,45.4671,0.2625
CA-2015-162201,2015-06-08,2015-06-12,AG-10495,OFF-AR-10003856,South,4.448,2,0.2,0.3336,0.075
CA-2015-162201,2015-06-08,2015-06-12,AG-10495,OFF-LA-10001982,South,9.0,3,0.2,3.15,0.35
CA-2015-162201,2015-06-08,2015-06-12,AG-10495,OFF-PA-10001215,South,42.24,10,0.2,13.2,0.31249999999999994
CA-2015-162201,2015-06-08,2015-06-12,AG-10495,OFF-BI-10002429,South,18.264,2,0.7,-13.3936,-0.7333333333333333
US-2014-164406,2014-08-15,2014-08-19,BD-11605,OFF-AP-10003287,West,152.91,3,0.0,42.8148,0.27999999999999997
US-2014-164406,2014-08-15,2014-08-19,BD-11605,OFF-PA-10000167,West,92.94,3,0.0,41.823,0.45
US-2014-164406,2014-08-15,2014-08-19,BD-11605,OFF-BI-10002309,West,17.856,4,0.2,6.2496,0.35
US-2014-164406,2014-08-15,2014-08-19,BD-11605,OFF-BI-10003638,West,46.44,3,0.2,15.093,0.325
US-2014-164406,2014-08-15,2014-08-19,BD-11605,FUR-CH-10003833,West,195.136,4,0.2,-12.196,-0.0625
CA-2017-169999,2017-06-19,2017-06-26,JS-15685,OFF-ST-10001511,East,129.3,2,0.0,6.465,0.049999999999999996
CA-2017-169999,2017-06-19,2017-06-26,JS-15685,OFF-BI-10004728,East,11.568,3,0.2,3.7596,0.325
US-2017-152842,2017-07-16,2017-07-23,NF-18385,FUR-CH-10004218,South,242.352,3,0.2,15.147,0.0625
CA-2014-113257,2014-12-16,2014-12-18,SC-20305,TEC-AC-10004171,Central,319.968,4,0.2,95.9904,0.3
CA-2014-113257,2014-12-16,2014-12-18,SC-20305,FUR-FU-10001706,Central,8.624,7,0.6,-2.5872,-0.3
CA-2014-133963,2014-05-18,2014-05-22,GA-14515,OFF-PA-10001526,Central,3.984,1,0.2,1.4442,0.3625
CA-2017-130302,2017-09-14,2017-09-19,CY-12745,TEC-AC-10002001,East,895.944,7,0.2,190.3881,0.21250000000000002
CA-2016-126627,2016-10-10,2016-10-12,WB-21850,FUR-FU-10004963,Central,14.0,4,0.6,-6.3,-0.45
CA-2016-126627,2016-10-10,2016-10-12,WB-21850,OFF-BI-10001597,Central,16.392,2,0.8,-26.2272,-1.6
US-2016-125402,2016-09-25,2016-10-01,DL-12865,OFF-PA-10000141,West,10.9,5,0.0,5.123,0.47000000000000003
US-2016-125402,2016-09-25,2016-10-01,DL-12865,OFF-LA-10003923,West,29.6,2,0.0,14.8,0.5
US-2016-125402,2016-09-25,2016-10-01,DL-12865,OFF-LA-10001771,West,4.98,1,0.0,2.2908,0.45999999999999996
US-2016-125402,2016-09-25,2016-10-01,DL-12865,TEC-CO-10001943,West,479.976,3,0.2,161.9919,0.33749999999999997
US-2016-125402,2016-09-25,2016-10-01,DL-12865,TEC-PH-10003356,West,44.736,8,0.2,4.4736,0.1
US-2016-125402,2016-09-25,2016-10-01,DL-12865,OFF-AR-10002255,West,5.76,2,0.0,1.6704,0.29000000000000004
US-2016-125402,2016-09-25,2016-10-01,DL-12865,FUR-CH-10000665,West,483.136,4,0.2,60.392,0.125
CA-2014-163867,2014-06-03,2014-06-06,RE-19450,OFF-LA-10001771,Central,15.936,4,0.2,5.1792,0.325
CA-2014-163867,2014-06-03,2014-06-06,RE-19450,FUR-FU-10001475,Central,61.544,7,0.6,-40.0036,-0.65
CA-2014-163867,2014-06-03,2014-06-06,RE-19450,OFF-ST-10000877,Central,132.696,3,0.2,9.9522,0.075
CA-2017-169327,2017-09-02,2017-09-04,MH-17290,OFF-AP-10001492,West,43.1,5,0.0,11.206,0.25999999999999995
CA-2017-169327,2017-09-02,2017-09-04,MH-17290,FUR-FU-10004188,West,511.5,5,0.0,132.99,0.26
CA-2017-169327,2017-09-02,2017-09-04,MH-17290,OFF-BI-10004330,West,147.92,5,0.2,46.225,0.31250000000000006
CA-2014-142979,2014-04-12,2014-04-18,EH-13765,OFF-AR-10002987,West,39.68,2,0.0,16.2688,0.41
CA-2016-158155,2016-05-02,2016-05-06,EH-13765,FUR-FU-10000732,East,12.56,2,0.0,4.0192,0.31999999999999995
CA-2016-158155,2016-05-02,2016-05-06,EH-13765,OFF-BI-10001670,East,90.48,3,0.2,33.93,0.375
CA-2016-158155,2016-05-02,2016-05-06,EH-13765,OFF-PA-10000533,East,13.08,2,0.0,6.0168,0.45999999999999996
CA-2016-158155,2016-05-02,2016-05-06,EH-13765,FUR-FU-10002253,East,214.7,5,0.0,83.733,0.39
CA-2017-138870,2017-06-19,2017-06-23,GA-14515,FUR-FU-10002396,West,50.32,4,0.0,21.1344,0.42
CA-2017-138870,2017-06-19,2017-06-23,GA-14515,OFF-PA-10004438,West,24.56,2,0.0,11.5432,0.47000000000000003
CA-2014-120950,2014-11-06,2014-11-11,GA-14515,OFF-PA-10000587,South,43.68,6,0.0,20.9664,0.48
CA-2015-164301,2015-03-26,2015-03-30,EB-13840,FUR-TA-10001889,West,3393.68,8,0.0,610.8624,0.18
CA-2017-113278,2017-01-14,2017-01-20,HR-14770,OFF-ST-10001590,Central,67.4,5,0.0,17.524,0.26
CA-2017-113278,2017-01-14,2017-01-20,HR-14770,OFF-FA-10003472,Central,2.52,2,0.0,0.1008,0.04
CA-2017-113278,2017-01-14,2017-01-20,HR-14770,TEC-PH-10000169,Central,67.8,4,0.0,1.356,0.020000000000000004
CA-2017-113278,2017-01-14,2017-01-20,HR-14770,OFF-ST-10002562,Central,18.76,2,0.0,5.2528,0.27999999999999997
CA-2017-113278,2017-01-14,2017-01-20,HR-14770,TEC-AC-10001445,Central,12.12,4,0.0,2.5452,0.21
CA-2017-113278,2017-01-14,2017-01-20,HR-14770,OFF-PA-10004156,Central,11.34,1,0.0,5.5566,0.49000000000000005
CA-2017-113278,2017-01-14,2017-01-20,HR-14770,TEC-AC-10004469,Central,159.8,4,0.0,70.312,0.43999999999999995
CA-2017-113278,2017-01-14,2017-01-20,HR-14770,FUR-FU-10001037,Central,18.96,2,0.0,8.532,0.44999999999999996
US-2015-116981,2015-03-26,2015-03-28,SM-20950,OFF-ST-10002615,East,1085.42,7,0.0,282.2092,0.26
US-2015-116981,2015-03-26,2015-03-28,SM-20950,OFF-AP-10000595,East,13.11,3,0.0,3.4086,0.26
CA-2014-114195,2014-11-01,2014-11-03,EA-14035,FUR-FU-10002253,East,68.704,2,0.2,16.3172,0.23750000000000002
CA-2014-114195,2014-11-01,2014-11-03,EA-14035,OFF-BI-10000494,East,3.132,2,0.7,-2.61,-0.8333333333333333
CA-2014-114195,2014-11-01,2014-11-03,EA-14035,OFF-BI-10001658,East,22.428,3,0.7,-17.9424,-0.7999999999999999
CA-2017-146269,2017-10-06,2017-10-06,MH-17455,OFF-ST-10003208,Central,290.336,2,0.2,32.6628,0.11249999999999999
CA-2017-146269,2017-10-06,2017-10-06,MH-17455,OFF-AR-10004790,Central,19.152,2,0.2,1.197,0.0625
CA-2016-100587,2016-12-10,2016-12-14,SL-20155,OFF-PA-10004609,East,6.48,1,0.0,3.1104,0.4799999999999999
CA-2016-166653,2016-09-22,2016-09-24,NP-18685,OFF-EN-10003055,East,63.968,2,0.2,19.99,0.31249999999999994
CA-2015-130855,2015-12-29,2016-01-05,RF-19840,OFF-SU-10003936,East,6.36,2,0.0,0.0636,0.01
US-2017-166324,2017-04-20,2017-04-21,BE-11455,OFF-ST-10000078,East,848.544,4,0.2,-21.2136,-0.025
US-2017-166324,2017-04-20,2017-04-21,BE-11455,OFF-BI-10000174,East,8.7,5,0.7,-6.38,-0.7333333333333334
US-2017-166324,2017-04-20,2017-04-21,BE-11455,TEC-PH-10004080,East,122.382,3,0.4,-24.4764,-0.2
CA-2016-122581,2016-08-21,2016-08-25,JK-15370,FUR-CH-10002961,East,573.174,7,0.1,63.686,0.11111111111111112
CA-2015-104297,2015-05-29,2015-05-31,CC-12100,OFF-PA-10000474,East,85.056,3,0.2,28.7064,0.33749999999999997
CA-2014-153927,2014-08-12,2014-08-13,LL-16840,OFF-BI-10000138,South,14.04,3,0.0,6.7392,0.48000000000000004
CA-2014-153927,2014-08-12,2014-08-13,LL-16840,TEC-AC-10000023,South,272.61,13,0.0,98.1396,0.36
CA-2014-112291,2014-04-03,2014-04-08,KE-16420,OFF-EN-10001415,West,11.16,2,0.0,5.58,0.5
CA-2014-112291,2014-04-03,2014-04-08,KE-16420,TEC-AC-10001284,West,62.31,3,0.0,22.4316,0.36
CA-2014-112291,2014-04-03,2014-04-08,KE-16420,TEC-AC-10000736,West,159.98,2,0.0,57.5928,0.36
CA-2014-146997,2014-01-23,2014-01-27,SG-20605,OFF-FA-10003467,Central,5.94,3,0.0,0.0,0.0
CA-2017-169607,2017-10-12,2017-10-15,CA-12265,OFF-PA-10000477,East,9.96,2,0.0,4.6812,0.4699999999999999
CA-2015-127544,2015-08-08,2015-08-12,RD-19585,TEC-AC-10000736,East,79.99,1,0.0,28.7964,0.36
CA-2017-166499,2017-03-19,2017-03-20,VG-21805,OFF-AR-10002467,East,8.94,3,0.0,2.4138,0.27
US-2016-115441,2016-07-25,2016-07-28,SH-19975,OFF-PA-10004996,Central,20.62,2,0.0,9.6914,0.47
US-2016-115441,2016-07-25,2016-07-28,SH-19975,TEC-AC-10003116,Central,124.25,7,0.0,48.4575,0.39
US-2016-115441,2016-07-25,2016-07-28,SH-19975,TEC-PH-10002262,Central,297.55,5,0.0,83.314,0.27999999999999997
US-2016-115441,2016-07-25,2016-07-28,SH-19975,FUR-CH-10004626,Central,403.56,4,0.0,96.8544,0.24
US-2016-115441,2016-07-25,2016-07-28,SH-19975,FUR-FU-10001756,Central,95.2,5,0.0,27.608,0.29
CA-2014-115049,2014-09-26,2014-10-01,MM-17920,TEC-AC-10004859,Central,153.824,11,0.2,38.456,0.25
CA-2014-156342,2014-06-17,2014-06-20,JF-15415,OFF-PA-10001725,Central,62.016,2,0.2,22.4808,0.3625
CA-2016-112830,2016-06-06,2016-06-10,LP-17095,FUR-FU-10004306,East,466.32,3,0.2,34.974,0.075
CA-2016-112830,2016-06-06,2016-06-10,LP-17095,FUR-FU-10004845,East,82.64,2,0.2,0.0,0.0
US-2014-117380,2014-03-28,2014-04-03,MP-18175,FUR-TA-10000198,East,330.588,1,0.4,-143.2548,-0.4333333333333333
CA-2017-117646,2017-08-21,2017-08-25,SC-20845,OFF-ST-10000036,West,237.096,3,0.2,20.7459,0.0875
CA-2017-117646,2017-08-21,2017-08-25,SC-20845,FUR-FU-10001037,West,22.752,3,0.2,7.11,0.31250000000000006
CA-2017-117646,2017-08-21,2017-08-25,SC-20845,OFF-PA-10001950,West,6.672,1,0.2,2.085,0.3125
CA-2014-122609,2014-11-12,2014-11-18,DP-13000,FUR-FU-10004587,Central,25.128,3,0.6,-6.9102,-0.27499999999999997
CA-2014-122609,2014-11-12,2014-11-18,DP-13000,TEC-AC-10002567,Central,127.984,2,0.2,25.5968,0.2
US-2015-129007,2015-09-13,2015-09-15,KD-16615,FUR-FU-10004973,West,131.88,7,0.0,55.3896,0.42000000000000004
US-2015-129007,2015-09-13,2015-09-15,KD-16615,OFF-BI-10001628,West,25.032,3,0.2,7.8225,0.3125
US-2015-129007,2015-09-13,2015-09-15,KD-16615,FUR-CH-10000155,West,717.72,3,0.2,71.772,0.1
US-2015-129007,2015-09-13,2015-09-15,KD-16615,FUR-FU-10002379,West,207.35,5,0.0,24.882,0.12000000000000001
US-2015-129007,2015-09-13,2015-09-15,KD-16615,FUR-FU-10004018,West,44.67,3,0.0,12.0609,0.27
US-2015-129007,2015-09-13,2015-09-15,KD-16615,OFF-PA-10000994,West,209.7,2,0.0,100.656,0.48000000000000004
US-2014-157231,2014-04-05,2014-04-09,RP-19855,OFF-BI-10002852,South,115.36,7,0.0,56.5264,0.49000000000000005
CA-2015-132388,2015-10-10,2015-10-12,KN-16390,FUR-CH-10001714,West,362.136,3,0.2,-54.3204,-0.15
CA-2015-132388,2015-10-10,2015-10-12,KN-16390,OFF-LA-10000414,West,31.05,3,0.0,14.904,0.48
CA-2017-160927,2017-01-29,2017-01-31,TM-21010,OFF-PA-10003848,Central,12.96,2,0.0,6.2208,0.4799999999999999
CA-2017-160927,2017-01-29,2017-01-31,TM-21010,OFF-PA-10000176,Central,94.85,5,0.0,45.528,0.48000000000000004
CA-2017-160927,2017-01-29,2017-01-31,TM-21010,OFF-ST-10001590,Central,13.48,1,0.0,3.5048,0.26
CA-2017-160927,2017-01-29,2017-01-31,TM-21010,FUR-FU-10000010,Central,14.91,3,0.0,4.6221,0.31
CA-2015-105508,2015-09-24,2015-09-29,JF-15190,OFF-EN-10003055,East,39.98,1,0.0,17.991,0.45
CA-2016-149272,2016-03-15,2016-03-19,MY-18295,FUR-CH-10000863,Central,528.43,5,0.3,-143.431,-0.27142857142857146
CA-2016-149272,2016-03-15,2016-03-19,MY-18295,OFF-BI-10004233,Central,22.386,7,0.8,-35.8176,-1.6
CA-2014-111360,2014-11-24,2014-11-30,AT-10435,OFF-BI-10003350,East,5.742,3,0.7,-4.5936,-0.8
US-2017-162124,2017-05-06,2017-05-10,JF-15490,TEC-AC-10001990,Central,191.968,4,0.2,28.7952,0.15000000000000002
CA-2015-159534,2015-03-20,2015-03-23,DH-13075,OFF-BI-10003982,East,49.848,3,0.2,16.8237,0.33749999999999997
CA-2015-159534,2015-03-20,2015-03-23,DH-13075,OFF-EN-10004386,East,23.99,1,0.0,11.995,0.5
CA-2015-159534,2015-03-20,2015-03-23,DH-13075,OFF-BI-10003656,East,1087.936,8,0.2,353.5792,0.325
CA-2015-159534,2015-03-20,2015-03-23,DH-13075,TEC-PH-10002310,East,199.98,2,0.0,53.9946,0.27
CA-2015-159534,2015-03-20,2015-03-23,DH-13075,OFF-ST-10001172,East,83.92,4,0.0,20.1408,0.24
CA-2016-129630,2016-09-04,2016-09-04,IM-15055,FUR-FU-10000260,West,24.27,3,0.0,8.7372,0.36
CA-2016-129630,2016-09-04,2016-09-04,IM-15055,TEC-CO-10003763,West,2799.96,5,0.2,944.9865,0.33749999999999997
CA-2015-104948,2015-11-13,2015-11-17,KH-16510,OFF-BI-10001267,West,9.872,2,0.2,3.4552,0.35000000000000003
CA-2015-104948,2015-11-13,2015-11-17,KH-16510,FUR-BO-10004357,West,683.332,4,0.15,-40.196,-0.058823529411764705
CA-2015-104948,2015-11-13,2015-11-17,KH-16510,OFF-PA-10004610,West,29.96,7,0.0,13.482,0.44999999999999996
CA-2014-166555,2014-07-11,2014-07-14,JK-15205,TEC-PH-10004912,East,164.85,3,0.0,47.8065,0.29000000000000004
CA-2016-114405,2016-04-07,2016-04-12,AS-10240,OFF-AP-10003278,East,33.528,3,0.2,2.5146,0.07500000000000001
CA-2016-114405,2016-04-07,2016-04-12,AS-10240,OFF-ST-10001627,East,36.744,3,0.2,3.6744,0.09999999999999999
CA-2017-132955,2017-06-24,2017-06-28,SC-20575,OFF-BI-10002735,East,102.93,3,0.0,48.3771,0.47
CA-2016-164889,2016-06-03,2016-06-06,CP-12340,FUR-TA-10001676,West,71.088,2,0.2,-1.7772,-0.025
CA-2016-169824,2016-12-12,2016-12-17,NS-18640,FUR-FU-10004864,East,60.35,5,0.0,19.9155,0.33
CA-2016-169824,2016-12-12,2016-12-17,NS-18640,OFF-SU-10000952,East,35.52,4,0.0,9.9456,0.27999999999999997
CA-2016-169824,2016-12-12,2016-12-17,NS-18640,OFF-AR-10000462,East,11.2,7,0.0,4.816,0.43
CA-2017-164028,2017-11-24,2017-11-30,JL-15835,TEC-AC-10001772,West,223.58,14,0.0,87.1962,0.39
CA-2014-143371,2014-12-28,2015-01-03,MD-17350,OFF-ST-10001128,West,998.82,9,0.0,29.9646,0.03
CA-2014-143371,2014-12-28,2015-01-03,MD-17350,OFF-SU-10002537,West,51.15,5,0.0,13.299,0.26
CA-2015-145415,2015-04-12,2015-04-17,RD-19660,OFF-ST-10000419,West,40.74,3,0.0,0.4074,0.009999999999999998
CA-2014-111157,2014-03-02,2014-03-06,NH-18610,OFF-PA-10000327,East,3.424,1,0.2,1.07,0.3125
CA-2014-111157,2014-03-02,2014-03-06,NH-18610,TEC-AC-10004353,East,151.2,3,0.2,32.13,0.21250000000000002
CA-2017-121559,2017-06-01,2017-06-03,HW-14935,FUR-CH-10003746,Central,1925.88,6,0.0,539.2464,0.27999999999999997
CA-2017-121559,2017-06-01,2017-06-03,HW-14935,OFF-AP-10002945,Central,2405.2,8,0.0,793.716,0.33
CA-2017-121559,2017-06-01,2017-06-03,HW-14935,TEC-AC-10004568,Central,83.97,3,0.0,15.9543,0.19
CA-2017-121559,2017-06-01,2017-06-03,HW-14935,TEC-AC-10001714,Central,39.89,1,0.0,14.7593,0.37
CA-2017-121559,2017-06-01,2017-06-03,HW-14935,OFF-BI-10002072,Central,17.38,2,0.0,8.69,0.5
CA-2015-141593,2015-12-14,2015-12-16,DB-12970,OFF-BI-10001153,West,55.264,2,0.2,20.724,0.375
CA-2015-141593,2015-12-14,2015-12-16,DB-12970,OFF-PA-10004983,West,6.48,1,0.0,3.1104,0.4799999999999999
CA-2015-141593,2015-12-14,2015-12-16,DB-12970,OFF-BI-10000948,West,34.248,3,0.2,11.5587,0.3375
CA-2015-141593,2015-12-14,2015-12-16,DB-12970,FUR-TA-10002622,West,273.568,2,0.2,10.2588,0.037500000000000006
US-2014-143287,2014-11-11,2014-11-17,KN-16705,OFF-PA-10001776,East,46.35,5,0.0,21.7845,0.47000000000000003
US-2014-143287,2014-11-11,2014-11-17,KN-16705,OFF-PA-10004039,East,223.92,4,0.0,109.7208,0.49
US-2014-143287,2014-11-11,2014-11-17,KN-16705,OFF-SU-10001574,East,7.3,2,0.0,2.19,0.3
CA-2017-137421,2017-10-06,2017-10-11,AJ-10945,OFF-AR-10001761,West,9.344,2,0.2,1.8688,0.2
CA-2017-141446,2017-09-16,2017-09-18,CL-12700,TEC-AC-10002305,South,18.0,1,0.0,3.24,0.18000000000000002
CA-2015-168088,2015-03-19,2015-03-22,CM-12655,OFF-PA-10000675,Central,65.584,2,0.2,23.7742,0.3625
CA-2015-168088,2015-03-19,2015-03-22,CM-12655,FUR-BO-10004218,Central,383.4656,4,0.32,-67.6704,-0.17647058823529413
CA-2015-143700,2015-07-26,2015-07-26,AS-10240,OFF-PA-10003072,East,10.368,2,0.2,3.6288,0.35
CA-2016-146374,2016-12-05,2016-12-10,HE-14800,FUR-FU-10002671,East,13.4,1,0.0,6.432,0.48000000000000004
CA-2016-146374,2016-12-05,2016-12-10,HE-14800,OFF-PA-10000349,East,4.98,1,0.0,2.3406,0.4699999999999999
CA-2016-146374,2016-12-05,2016-12-10,HE-14800,OFF-EN-10004483,East,109.69,7,0.0,51.5543,0.47
CA-2017-153871,2017-12-11,2017-12-17,RB-19435,OFF-BI-10004209,East,40.2,5,0.0,18.09,0.44999999999999996
CA-2017-153871,2017-12-11,2017-12-17,RB-19435,OFF-BI-10004600,East,735.98,2,0.0,331.191,0.44999999999999996
CA-2017-153871,2017-12-11,2017-12-17,RB-19435,OFF-AP-10003622,East,22.75,7,0.0,6.5975,0.29
CA-2015-103772,2015-06-28,2015-07-02,MP-17470,OFF-BI-10002867,South,119.56,2,0.0,54.9976,0.45999999999999996
CA-2015-103772,2015-06-28,2015-07-02,MP-17470,OFF-AR-10000538,South,140.75,5,0.0,42.225,0.3
CA-2016-130225,2016-09-11,2016-09-17,RC-19960,OFF-EN-10000056,Central,99.568,2,0.2,33.6042,0.3375
US-2016-103674,2016-12-06,2016-12-10,AP-10720,TEC-PH-10004080,West,271.96,5,0.2,27.196,0.10000000000000002
US-2016-103674,2016-12-06,2016-12-10,AP-10720,OFF-AR-10004752,West,18.69,7,0.0,5.2332,0.27999999999999997
US-2016-103674,2016-12-06,2016-12-10,AP-10720,OFF-PA-10000743,West,13.36,2,0.0,6.4128,0.48
US-2016-103674,2016-12-06,2016-12-10,AP-10720,TEC-PH-10002496,West,249.584,2,0.2,31.198,0.125
US-2016-103674,2016-12-06,2016-12-10,AP-10720,OFF-FA-10003467,West,13.86,7,0.0,0.0,0.0
US-2016-103674,2016-12-06,2016-12-10,AP-10720,OFF-BI-10003727,West,13.376,4,0.2,4.6816,0.35000000000000003
US-2016-103674,2016-12-06,2016-12-10,AP-10720,OFF-BI-10002026,West,437.472,14,0.2,153.1152,0.35
US-2015-151435,2015-09-06,2015-09-09,SW-20455,FUR-TA-10001039,South,85.98,1,0.0,22.3548,0.26
CA-2017-163566,2017-08-03,2017-08-06,TB-21055,OFF-LA-10004484,East,16.52,5,0.2,5.369,0.325
US-2016-157728,2016-09-22,2016-09-28,RC-19960,OFF-PA-10002195,Central,35.56,7,0.0,16.7132,0.47
US-2016-157728,2016-09-22,2016-09-28,RC-19960,TEC-PH-10001305,Central,97.98,2,0.0,27.4344,0.27999999999999997
CA-2015-100251,2015-05-17,2015-05-23,DV-13465,OFF-LA-10003766,East,31.5,10,0.0,15.12,0.48
CA-2015-100251,2015-05-17,2015-05-23,DV-13465,OFF-SU-10000898,East,55.6,4,0.0,16.124,0.29
CA-2016-125794,2016-09-29,2016-10-03,ML-17410,TEC-AC-10003399,West,36.24,1,0.0,15.2208,0.42
CA-2017-163629,2017-11-17,2017-11-21,RA-19885,TEC-AC-10001539,South,79.99,1,0.0,28.7964,0.36
CA-2017-163629,2017-11-17,2017-11-21,RA-19885,TEC-PH-10004006,South,206.1,5,0.0,55.647,0.27
CA-2014-110422,2014-01-21,2014-01-23,TB-21400,FUR-FU-10001889,South,25.248,3,0.2,4.1028,0.1625
CA-2017-121258,2017-02-26,2017-03-03,DB-13060,FUR-FU-10000747,West,91.96,2,0.0,15.6332,0.17
CA-2017-121258,2017-02-26,2017-03-03,DB-13060,TEC-PH-10003645,West,258.576,2,0.2,19.3932,0.075
CA-2017-121258,2017-02-26,2017-03-03,DB-13060,OFF-PA-10004041,West,29.6,4,0.0,13.32,0.45
CA-2017-119914,2017-05-04,2017-05-09,CC-12220,OFF-AP-10002684,West,243.16,2,0.0,72.948,0.3
